game_id,season,week,posteam,defteam,plays,epa,success,pass_epa,dropbacks,rush_epa
2015_01_BAL_DEN,2015,1,BAL,DEN,58,-0.36234,0.2931,-0.47579,35,-0.18969
2015_01_BAL_DEN,2015,1,DEN,BAL,69,-0.22702,0.33333,-0.24078,45,-0.20121
2015_01_CAR_JAX,2015,1,CAR,JAX,61,-0.06108,0.37705,-0.03173,37,-0.10634
2015_01_CAR_JAX,2015,1,JAX,CAR,58,-0.2538,0.41379,-0.36885,39,-0.01766
2015_01_CIN_OAK,2015,1,CIN,LV,35,0.50889,0.6,0.55021,23,0.42969
2015_01_CIN_OAK,2015,1,LV,CIN,27,-0.28231,0.25926,-0.07399,15,-0.54271
2015_01_CLE_NYJ,2015,1,CLE,NYJ,53,-0.10403,0.39623,-0.01022,31,-0.23622
2015_01_CLE_NYJ,2015,1,NYJ,CLE,45,0.17287,0.48889,0.56642,22,-0.20357
2015_01_DET_SD,2015,1,DET,LAC,40,-0.15555,0.4,-0.31601,24,0.08514
2015_01_DET_SD,2015,1,LAC,DET,73,0.0766,0.50685,0.28858,43,-0.22723
2015_01_GB_CHI,2015,1,CHI,GB,66,0.01138,0.45455,-0.14895,36,0.20379
2015_01_GB_CHI,2015,1,GB,CHI,51,0.34581,0.54902,0.45396,31,0.17818
2015_01_IND_BUF,2015,1,BUF,IND,31,0.39695,0.41935,0.73988,18,-0.07787
2015_01_IND_BUF,2015,1,IND,BUF,35,-0.17988,0.34286,-0.21159,28,-0.05307
2015_01_KC_HOU,2015,1,HOU,KC,48,-0.28453,0.375,-0.28292,32,-0.28774
2015_01_KC_HOU,2015,1,KC,HOU,42,0.18416,0.54762,0.4639,25,-0.22723
2015_01_MIA_WAS,2015,1,MIA,WAS,50,-0.08257,0.46,-0.02517,37,-0.24597
2015_01_MIA_WAS,2015,1,WAS,MIA,75,-0.07886,0.46667,-0.0266,37,-0.12974
2015_01_MIN_SF,2015,1,MIN,SF,46,-0.32369,0.32609,-0.46244,32,-0.00656
2015_01_MIN_SF,2015,1,SF,MIN,61,0.19042,0.55738,0.25281,30,0.13005
2015_01_NO_ARI,2015,1,ARI,NO,59,0.1265,0.45763,0.36675,37,-0.27754
2015_01_NO_ARI,2015,1,NO,ARI,68,0.02189,0.38235,0.13097,47,-0.22223
2015_01_NYG_DAL,2015,1,DAL,NYG,69,0.01319,0.56522,0.07103,47,-0.11037
2015_01_NYG_DAL,2015,1,NYG,DAL,61,0.04687,0.39344,0.0443,38,0.05111
2015_01_PHI_ATL,2015,1,ATL,PHI,73,-0.09465,0.41096,0.0011,42,-0.22437
2015_01_PHI_ATL,2015,1,PHI,ATL,72,0.0045,0.45833,0.02297,54,-0.05089
2015_01_PIT_NE,2015,1,NE,PIT,50,0.41191,0.6,0.65071,31,0.02228
2015_01_PIT_NE,2015,1,PIT,NE,54,0.2058,0.5,0.46492,28,-0.07326
2015_01_SEA_STL,2015,1,LA,SEA,58,-0.11425,0.46552,0.20252,32,-0.50412
2015_01_SEA_STL,2015,1,SEA,LA,80,-0.04671,0.475,-0.06767,54,-0.00319
2015_01_TEN_TB,2015,1,TB,TEN,26,-0.55402,0.38462,-0.63858,15,-0.4387
2015_01_TEN_TB,2015,1,TEN,TB,25,0.58882,0.56,1.35759,13,-0.24401
2015_02_ARI_CHI,2015,2,ARI,CHI,33,0.40878,0.51515,0.83721,19,-0.17266
2015_02_ARI_CHI,2015,2,CHI,ARI,45,-0.17269,0.35556,-0.21045,23,-0.13322
2015_02_ATL_NYG,2015,2,ATL,NYG,71,0.24049,0.46479,0.37648,49,-0.06242
2015_02_ATL_NYG,2015,2,NYG,ATL,68,0.07246,0.41176,0.21604,46,-0.22776
2015_02_BAL_OAK,2015,2,BAL,LV,78,0.22581,0.55128,0.23656,52,0.2043
2015_02_BAL_OAK,2015,2,LV,BAL,68,0.27393,0.58824,0.32762,50,0.12478
2015_02_DAL_PHI,2015,2,DAL,PHI,67,-0.02323,0.40299,0.06617,41,-0.1642
2015_02_DAL_PHI,2015,2,PHI,DAL,48,-0.54151,0.35417,-0.33914,35,-1.08635
2015_02_DEN_KC,2015,2,DEN,KC,73,-0.14939,0.38356,-0.01918,51,-0.45122
2015_02_DEN_KC,2015,2,KC,DEN,58,-0.23049,0.39655,-0.42189,31,-0.01073
2015_02_DET_MIN,2015,2,DET,MIN,55,-0.21586,0.45455,-0.04998,43,-0.81025
2015_02_DET_MIN,2015,2,MIN,DET,42,0.1789,0.5,0.50228,15,-0.00075
2015_02_HOU_CAR,2015,2,CAR,HOU,74,-0.0459,0.37838,-0.10994,46,0.0593
2015_02_HOU_CAR,2015,2,HOU,CAR,83,-0.19717,0.31325,-0.21971,60,-0.13839
2015_02_MIA_JAX,2015,2,JAX,MIA,72,0.0728,0.43056,0.26945,41,-0.18729
2015_02_MIA_JAX,2015,2,MIA,JAX,65,0.09744,0.4,0.2824,49,-0.46902
2015_02_NE_BUF,2015,2,BUF,NE,48,-0.08052,0.41667,-0.11967,32,-0.00222
2015_02_NE_BUF,2015,2,NE,BUF,59,0.22754,0.50847,0.25072,47,0.13672
2015_02_NYJ_IND,2015,2,IND,NYJ,61,-0.22921,0.42623,-0.12687,40,-0.42415
2015_02_NYJ_IND,2015,2,NYJ,IND,59,0.01111,0.44068,0.17832,39,-0.31496
2015_02_SD_CIN,2015,2,CIN,LAC,63,0.01311,0.46032,0.30233,31,-0.26707
2015_02_SD_CIN,2015,2,LAC,CIN,57,-0.00819,0.47368,-0.0429,32,0.03623
2015_02_SEA_GB,2015,2,GB,SEA,64,0.11504,0.48438,0.1483,43,0.04693
2015_02_SEA_GB,2015,2,SEA,GB,53,-0.01868,0.49057,0.02556,32,-0.08608
2015_02_SF_PIT,2015,2,PIT,SF,28,0.63921,0.53571,0.91612,20,-0.05306
2015_02_SF_PIT,2015,2,SF,PIT,31,-0.21535,0.45161,-0.15337,14,-0.26639
2015_02_STL_WAS,2015,2,LA,WAS,42,-0.25364,0.28571,-0.28769,29,-0.17768
2015_02_STL_WAS,2015,2,WAS,LA,64,0.02056,0.35938,0.12465,30,-0.07129
2015_02_TB_NO,2015,2,NO,TB,70,-0.14876,0.4,-0.23455,45,0.00566
2015_02_TB_NO,2015,2,TB,NO,60,-0.07558,0.45,0.14359,29,-0.28062
2015_02_TEN_CLE,2015,2,CLE,TEN,35,0.15106,0.45714,0.52472,13,-0.06973
2015_02_TEN_CLE,2015,2,TEN,CLE,49,-0.25784,0.30612,-0.30577,31,-0.17529
2015_03_ATL_DAL,2015,3,ATL,DAL,71,0.32434,0.60563,0.39005,43,0.22344
2015_03_ATL_DAL,2015,3,DAL,ATL,47,0.22624,0.57447,0.31437,25,0.12609
2015_03_BUF_MIA,2015,3,BUF,MIA,33,0.36819,0.51515,0.65094,18,0.0289
2015_03_BUF_MIA,2015,3,MIA,BUF,29,-0.63718,0.44828,-0.89854,20,-0.05637
2015_03_CHI_SEA,2015,3,CHI,SEA,38,-0.23181,0.31579,-0.42772,16,-0.08934
2015_03_CHI_SEA,2015,3,SEA,CHI,35,0.03524,0.48571,0.12872,23,-0.14392
2015_03_CIN_BAL,2015,3,BAL,CIN,75,-0.00673,0.4,0.12503,55,-0.36908
2015_03_CIN_BAL,2015,3,CIN,BAL,69,0.05581,0.43478,0.30455,43,-0.35555
2015_03_DEN_DET,2015,3,DEN,DET,63,0.03135,0.44444,0.14053,44,-0.22148
2015_03_DEN_DET,2015,3,DET,DEN,60,-0.21598,0.43333,-0.15077,40,-0.3464
2015_03_IND_TEN,2015,3,IND,TEN,50,-0.15542,0.42,-0.47427,32,0.41143
2015_03_IND_TEN,2015,3,TEN,IND,74,-0.03498,0.41892,0.0371,49,-0.17625
2015_03_JAX_NE,2015,3,JAX,NE,35,-0.12881,0.4,-0.02712,21,-0.28135
2015_03_JAX_NE,2015,3,NE,JAX,38,0.40269,0.60526,0.45802,26,0.2828
2015_03_KC_GB,2015,3,GB,KC,57,0.16184,0.50877,0.24157,37,0.01433
2015_03_KC_GB,2015,3,KC,GB,29,-0.43493,0.2069,-0.54677,20,-0.18638
2015_03_NO_CAR,2015,3,CAR,NO,62,0.27802,0.46774,0.39061,36,0.12212
2015_03_NO_CAR,2015,3,NO,CAR,71,0.133,0.47887,0.19551,45,0.02479
2015_03_OAK_CLE,2015,3,CLE,LV,66,0.06628,0.39394,0.1769,52,-0.3446
2015_03_OAK_CLE,2015,3,LV,CLE,63,0.24308,0.42857,0.40575,33,0.06414
2015_03_PHI_NYJ,2015,3,NYJ,PHI,50,-0.53847,0.3,-0.61745,41,-0.17869
2015_03_PHI_NYJ,2015,3,PHI,NYJ,53,0.03293,0.43396,0.01044,29,0.0601
2015_03_PIT_STL,2015,3,LA,PIT,51,-0.22998,0.35294,-0.21013,33,-0.26639
2015_03_PIT_STL,2015,3,PIT,LA,61,-0.05389,0.45902,0.0963,40,-0.33997
2015_03_SD_MIN,2015,3,LAC,MIN,40,-0.16691,0.4,-0.12276,25,-0.24049
2015_03_SD_MIN,2015,3,MIN,LAC,52,0.08886,0.42308,0.02483,24,0.14374
2015_03_SF_ARI,2015,3,ARI,SF,21,0.35513,0.61905,0.39146,14,0.28247
2015_03_SF_ARI,2015,3,SF,ARI,19,-1.02169,0.36842,-1.95239,8,-0.34481
2015_03_TB_HOU,2015,3,HOU,TB,84,0.03118,0.4881,0.12671,42,-0.06434
2015_03_TB_HOU,2015,3,TB,HOU,56,-0.15799,0.30357,-0.10085,36,-0.26084
2015_03_WAS_NYG,2015,3,NYG,WAS,57,0.14824,0.4386,0.33748,33,-0.11197
2015_03_WAS_NYG,2015,3,WAS,NYG,38,-0.18601,0.47368,-0.22993,20,-0.1372
2015_04_BAL_PIT,2015,4,BAL,PIT,79,-0.18807,0.44304,-0.3095,39,-0.06968
2015_04_BAL_PIT,2015,4,PIT,BAL,62,-0.23365,0.37097,-0.40025,36,-0.00298
2015_04_CAR_TB,2015,4,CAR,TB,36,0.12454,0.41667,0.15477,19,0.09076
2015_04_CAR_TB,2015,4,TB,CAR,52,-0.35526,0.5,-0.4736,29,-0.20605
2015_04_CLE_SD,2015,4,CLE,LAC,71,0.12755,0.49296,0.23538,49,-0.11261
2015_04_CLE_SD,2015,4,LAC,CLE,64,0.21259,0.40625,0.38371,43,-0.13781
2015_04_DAL_NO,2015,4,DAL,NO,60,0.17806,0.38333,0.45699,35,-0.21245
2015_04_DAL_NO,2015,4,NO,DAL,73,0.14975,0.42466,0.25351,48,-0.04949
2015_04_DET_SEA,2015,4,DET,SEA,56,-0.23225,0.35714,-0.21761,37,-0.26075
2015_04_DET_SEA,2015,4,SEA,DET,62,-0.13279,0.45161,0.03009,38,-0.39067
2015_04_GB_SF,2015,4,GB,SF,56,0.19445,0.48214,0.26314,36,0.0708
2015_04_GB_SF,2015,4,SF,GB,40,-0.21746,0.325,-0.1561,25,-0.31973
2015_04_HOU_ATL,2015,4,ATL,HOU,29,0.12456,0.41379,0.0096,22,0.48587
2015_04_HOU_ATL,2015,4,HOU,ATL,20,-0.87705,0.2,-0.67568,11,-1.12318
2015_04_JAX_IND,2015,4,IND,JAX,76,-0.07891,0.42105,0.14232,54,-0.62193
2015_04_JAX_IND,2015,4,JAX,IND,81,0.00152,0.44444,0.08247,54,-0.16039
2015_04_KC_CIN,2015,4,CIN,KC,41,0.4863,0.5122,0.66812,25,0.2022
2015_04_KC_CIN,2015,4,KC,CIN,66,0.06784,0.51515,0.07197,48,0.05684
2015_04_MIN_DEN,2015,4,DEN,MIN,55,-0.00384,0.4,-0.0342,32,0.03841
2015_04_MIN_DEN,2015,4,MIN,DEN,73,0.02946,0.38356,0.04117,51,0.00233
2015_04_NYG_BUF,2015,4,BUF,NYG,54,-0.22636,0.2963,-0.12663,31,-0.36079
2015_04_NYG_BUF,2015,4,NYG,BUF,56,0.04954,0.41071,0.13423,36,-0.10292
2015_04_NYJ_MIA,2015,4,MIA,NYJ,43,-0.05834,0.32558,-0.1235,34,0.18782
2015_04_NYJ_MIA,2015,4,NYJ,MIA,47,0.38149,0.55319,0.50866,27,0.20982
2015_04_OAK_CHI,2015,4,CHI,LV,78,-0.05893,0.42308,0.2836,48,-0.60698
2015_04_OAK_CHI,2015,4,LV,CHI,58,-0.15539,0.44828,0.01133,36,-0.42821
2015_04_PHI_WAS,2015,4,PHI,WAS,55,0.05959,0.34545,0.34661,36,-0.48424
2015_04_PHI_WAS,2015,4,WAS,PHI,85,0.0521,0.41176,0.19843,51,-0.1674
2015_04_STL_ARI,2015,4,ARI,LA,72,0.02239,0.48611,0.02778,52,0.00838
2015_04_STL_ARI,2015,4,LA,ARI,52,0.13957,0.44231,0.16203,27,0.11531
2015_05_ARI_DET,2015,5,ARI,DET,23,0.43637,0.52174,0.40618,12,0.4693
2015_05_ARI_DET,2015,5,DET,ARI,53,-0.39812,0.45283,-0.31127,36,-0.58206
2015_05_BUF_TEN,2015,5,BUF,TEN,50,0.0056,0.34,0.08584,29,-0.10521
2015_05_BUF_TEN,2015,5,TEN,BUF,69,-0.02899,0.36232,0.09764,42,-0.22599
2015_05_CHI_KC,2015,5,CHI,KC,76,-0.06361,0.39474,0.01301,51,-0.21992
2015_05_CHI_KC,2015,5,KC,CHI,53,0.02367,0.5283,-0.01879,33,0.09373
2015_05_CLE_BAL,2015,5,BAL,CLE,70,0.11161,0.45714,0.02792,38,0.211
2015_05_CLE_BAL,2015,5,CLE,BAL,88,0.20473,0.46591,0.32396,64,-0.11321
2015_05_DEN_OAK,2015,5,DEN,LV,52,-0.14558,0.40385,-0.09914,39,-0.28491
2015_05_DEN_OAK,2015,5,LV,DEN,67,-0.22892,0.32836,-0.28006,42,-0.14299
2015_05_IND_HOU,2015,5,HOU,IND,76,0.0658,0.51316,0.27344,48,-0.29014
2015_05_IND_HOU,2015,5,IND,HOU,59,0.21776,0.47458,0.33181,33,0.07301
2015_05_JAX_TB,2015,5,JAX,TB,49,-0.01383,0.5102,0.24803,32,-0.50674
2015_05_JAX_TB,2015,5,TB,JAX,54,0.17976,0.42593,0.33065,25,0.04969
2015_05_NE_DAL,2015,5,DAL,NE,45,-0.20685,0.35556,-0.26616,25,-0.13272
2015_05_NE_DAL,2015,5,NE,DAL,45,0.09534,0.6,0.12274,29,0.04568
2015_05_NO_PHI,2015,5,NO,PHI,45,-0.18075,0.35556,-0.24498,30,-0.05229
2015_05_NO_PHI,2015,5,PHI,NO,59,0.06404,0.52542,-0.01912,40,0.23913
2015_05_PIT_SD,2015,5,LAC,PIT,75,-0.08695,0.44,0.06947,53,-0.4638
2015_05_PIT_SD,2015,5,PIT,LAC,56,0.02735,0.39286,-0.07174,30,0.1417
2015_05_SEA_CIN,2015,5,CIN,SEA,81,-0.03726,0.44444,0.15018,54,-0.41213
2015_05_SEA_CIN,2015,5,SEA,CIN,53,0.14828,0.5283,0.13173,27,0.16547
2015_05_SF_NYG,2015,5,NYG,SF,78,0.22684,0.5641,0.37878,58,-0.21379
2015_05_SF_NYG,2015,5,SF,NYG,67,0.26713,0.47761,0.36708,43,0.08806
2015_05_STL_GB,2015,5,GB,LA,51,-0.23714,0.41176,-0.18464,36,-0.36312
2015_05_STL_GB,2015,5,LA,GB,66,-0.27476,0.36364,-0.58875,30,-0.01311
2015_05_WAS_ATL,2015,5,ATL,WAS,80,-0.01084,0.525,-0.13131,50,0.18995
2015_05_WAS_ATL,2015,5,WAS,ATL,61,-0.17106,0.36066,-0.16231,37,-0.18455
2015_06_ARI_PIT,2015,6,ARI,PIT,61,-0.07266,0.42623,0.01423,42,-0.26474
2015_06_ARI_PIT,2015,6,PIT,ARI,56,0.03356,0.42857,0.31551,29,-0.26928
2015_06_ATL_NO,2015,6,ATL,NO,47,-0.16967,0.48936,0.13144,30,-0.70104
2015_06_ATL_NO,2015,6,NO,ATL,58,0.17727,0.5,0.43064,39,-0.34279
2015_06_BAL_SF,2015,6,BAL,SF,71,-0.06489,0.52113,-0.03971,49,-0.121
2015_06_BAL_SF,2015,6,SF,BAL,59,0.08047,0.32203,0.38366,35,-0.36169
2015_06_CAR_SEA,2015,6,CAR,SEA,71,0.0966,0.52113,0.06959,39,0.12951
2015_06_CAR_SEA,2015,6,SEA,CAR,61,-0.06591,0.34426,0.04208,41,-0.28728
2015_06_CHI_DET,2015,6,CHI,DET,80,0.05176,0.4375,0.24452,47,-0.22279
2015_06_CHI_DET,2015,6,DET,CHI,82,0.15115,0.47561,0.28586,53,-0.09503
2015_06_CIN_BUF,2015,6,BUF,CIN,46,0.0071,0.5,-0.00694,25,0.0238
2015_06_CIN_BUF,2015,6,CIN,BUF,44,0.36729,0.59091,0.57016,26,0.07426
2015_06_DEN_CLE,2015,6,CLE,DEN,79,-0.30635,0.37975,-0.39617,48,-0.16728
2015_06_DEN_CLE,2015,6,DEN,CLE,83,-0.15568,0.3494,-0.23118,49,-0.04689
2015_06_HOU_JAX,2015,6,HOU,JAX,66,0.21879,0.45455,0.43285,41,-0.13227
2015_06_HOU_JAX,2015,6,JAX,HOU,58,-0.12338,0.37931,-0.03719,41,-0.33125
2015_06_KC_MIN,2015,6,KC,MIN,62,-0.14357,0.45161,0.06399,46,-0.7403
2015_06_KC_MIN,2015,6,MIN,KC,65,-0.00791,0.35385,0.12289,35,-0.16052
2015_06_MIA_TEN,2015,6,MIA,TEN,44,0.13409,0.56818,-0.00728,21,0.26317
2015_06_MIA_TEN,2015,6,TEN,MIA,45,-0.45195,0.4,-0.64568,29,-0.10081
2015_06_NE_IND,2015,6,IND,NE,54,-0.00826,0.42593,0.12758,36,-0.27993
2015_06_NE_IND,2015,6,NE,IND,57,0.27781,0.49123,0.24468,41,0.3627
2015_06_NYG_PHI,2015,6,NYG,PHI,51,-0.31955,0.47059,-0.32439,33,-0.31068
2015_06_NYG_PHI,2015,6,PHI,NYG,51,-0.06168,0.47059,-0.08722,33,-0.01486
2015_06_SD_GB,2015,6,GB,LAC,52,0.2552,0.44231,0.27323,37,0.21073
2015_06_SD_GB,2015,6,LAC,GB,92,0.0924,0.48913,0.25125,71,-0.44466
2015_06_WAS_NYJ,2015,6,NYJ,WAS,43,0.11506,0.46512,0.16158,22,0.06632
2015_06_WAS_NYJ,2015,6,WAS,NYJ,47,-0.24378,0.3617,-0.22167,33,-0.2959
2015_07_ATL_TEN,2015,7,ATL,TEN,72,-0.13732,0.45833,-0.1068,39,-0.17339
2015_07_ATL_TEN,2015,7,TEN,ATL,54,-0.31693,0.38889,-0.41305,38,-0.08862
2015_07_BAL_ARI,2015,7,ARI,BAL,46,0.26546,0.45652,0.36134,26,0.14081
2015_07_BAL_ARI,2015,7,BAL,ARI,53,-0.0329,0.37736,0.07652,36,-0.26461
2015_07_BUF_JAX,2015,7,BUF,JAX,66,-0.28572,0.43939,-0.47455,43,0.06733
2015_07_BUF_JAX,2015,7,JAX,BUF,51,0.09411,0.45098,-0.01723,33,0.29825
2015_07_CLE_STL,2015,7,CLE,LA,58,-0.26417,0.37931,-0.2096,37,-0.36032
2015_07_CLE_STL,2015,7,LA,CLE,40,-0.13073,0.4,-0.31611,22,0.09585
2015_07_DAL_NYG,2015,7,DAL,NYG,72,0.03688,0.52778,-0.26238,31,0.26314
2015_07_DAL_NYG,2015,7,NYG,DAL,46,0.0914,0.45652,0.05491,28,0.14816
2015_07_HOU_MIA,2015,7,HOU,MIA,15,-0.90169,0.06667,-0.85433,9,-0.97273
2015_07_HOU_MIA,2015,7,MIA,HOU,14,0.93059,0.64286,1.77465,7,0.08653
2015_07_MIN_DET,2015,7,DET,MIN,47,-0.0481,0.42553,-0.01688,31,-0.10859
2015_07_MIN_DET,2015,7,MIN,DET,64,0.22083,0.45312,0.47065,39,-0.16887
2015_07_NO_IND,2015,7,IND,NO,43,-0.43388,0.27907,-0.54624,34,-0.00943
2015_07_NO_IND,2015,7,NO,IND,55,0.07636,0.34545,0.01841,35,0.17778
2015_07_NYJ_NE,2015,7,NE,NYJ,66,0.10157,0.39394,0.10687,59,0.05691
2015_07_NYJ_NE,2015,7,NYJ,NE,66,0.14225,0.36364,0.32053,41,-0.15013
2015_07_OAK_SD,2015,7,LAC,LV,25,-0.55023,0.4,-0.70979,19,-0.04496
2015_07_OAK_SD,2015,7,LV,LAC,31,0.22808,0.45161,0.27504,21,0.12947
2015_07_PHI_CAR,2015,7,CAR,PHI,52,0.03335,0.5,-0.26339,26,0.3301
2015_07_PHI_CAR,2015,7,PHI,CAR,73,-0.03363,0.32877,-0.14873,46,0.16247
2015_07_PIT_KC,2015,7,KC,PIT,58,0.13291,0.43103,0.15814,35,0.09452
2015_07_PIT_KC,2015,7,PIT,KC,53,-0.09233,0.45283,-0.22361,30,0.0789
2015_07_SEA_SF,2015,7,SEA,SF,50,0.21218,0.42,0.31288,24,0.11921
2015_07_SEA_SF,2015,7,SF,SEA,33,-0.39573,0.27273,-0.49764,19,-0.25743
2015_07_TB_WAS,2015,7,TB,WAS,64,0.23568,0.51562,0.37072,34,0.08265
2015_07_TB_WAS,2015,7,WAS,TB,56,0.06167,0.48214,0.12412,41,-0.10903
2015_08_ARI_CLE,2015,8,ARI,CLE,67,0.13937,0.52239,0.55298,40,-0.47339
2015_08_ARI_CLE,2015,8,CLE,ARI,56,-0.05935,0.44643,0.20327,39,-0.66183
2015_08_CIN_PIT,2015,8,CIN,PIT,65,-0.09199,0.43077,-0.00152,46,-0.31102
2015_08_CIN_PIT,2015,8,PIT,CIN,75,-0.1587,0.41333,-0.24778,55,0.08628
2015_08_DET_KC,2015,8,DET,KC,30,-0.30846,0.36667,-0.58573,20,0.24608
2015_08_DET_KC,2015,8,KC,DET,31,0.38259,0.58065,0.39953,20,0.35181
2015_08_GB_DEN,2015,8,DEN,GB,46,0.38757,0.52174,0.54283,26,0.18573
2015_08_GB_DEN,2015,8,GB,DEN,46,0.00978,0.41304,0.06112,29,-0.0778
2015_08_IND_CAR,2015,8,CAR,IND,69,-0.18914,0.33333,-0.07867,39,-0.33276
2015_08_IND_CAR,2015,8,IND,CAR,76,-0.32687,0.32895,-0.30521,46,-0.36008
2015_08_MIA_NE,2015,8,MIA,NE,38,-0.22682,0.36842,-0.06333,25,-0.54124
2015_08_MIA_NE,2015,8,NE,MIA,54,0.09474,0.5,0.2005,34,-0.08507
2015_08_MIN_CHI,2015,8,CHI,MIN,61,0.03758,0.37705,0.15583,36,-0.13269
2015_08_MIN_CHI,2015,8,MIN,CHI,58,0.03979,0.44828,0.10658,34,-0.05483
2015_08_NYG_NO,2015,8,NO,NYG,78,0.32536,0.60256,0.49049,51,0.01346
2015_08_NYG_NO,2015,8,NYG,NO,73,0.32339,0.57534,0.51941,51,-0.131
2015_08_NYJ_OAK,2015,8,LV,NYJ,37,0.61776,0.62162,1.02228,21,0.08684
2015_08_NYJ_OAK,2015,8,NYJ,LV,29,-0.07916,0.48276,0.15455,17,-0.41024
2015_08_SD_BAL,2015,8,BAL,LAC,68,0.13677,0.48529,0.32115,43,-0.18038
2015_08_SD_BAL,2015,8,LAC,BAL,66,0.23927,0.48485,0.47603,40,-0.12499
2015_08_SEA_DAL,2015,8,DAL,SEA,59,-0.11779,0.35593,-0.12282,32,-0.11184
2015_08_SEA_DAL,2015,8,SEA,DAL,61,0.00965,0.45902,0.10564,33,-0.10348
2015_08_SF_STL,2015,8,LA,SF,48,-0.1129,0.39583,-0.41154,24,0.18574
2015_08_SF_STL,2015,8,SF,LA,50,-0.31378,0.26,-0.21589,36,-0.56551
2015_08_TB_ATL,2015,8,ATL,TB,80,-0.02661,0.5375,0.22988,52,-0.50296
2015_08_TB_ATL,2015,8,TB,ATL,68,0.10929,0.42647,0.39852,37,-0.23593
2015_08_TEN_HOU,2015,8,HOU,TEN,48,-0.12134,0.3125,-0.03019,35,-0.36675
2015_08_TEN_HOU,2015,8,TEN,HOU,45,-0.43399,0.44444,-0.71755,26,-0.04596
2015_09_ATL_SF,2015,9,ATL,SF,64,-0.07025,0.40625,-0.02311,50,-0.23863
2015_09_ATL_SF,2015,9,SF,ATL,63,0.0198,0.36508,0.20581,32,-0.1722
2015_09_CHI_SD,2015,9,CHI,LAC,69,0.13196,0.52174,0.18524,41,0.05394
2015_09_CHI_SD,2015,9,LAC,CHI,71,-0.06318,0.40845,-0.02867,50,-0.14533
2015_09_CLE_CIN,2015,9,CIN,CLE,50,0.28501,0.48,0.48203,26,0.07158
2015_09_CLE_CIN,2015,9,CLE,CIN,39,0.07249,0.41026,0.19672,26,-0.17596
2015_09_DEN_IND,2015,9,DEN,IND,52,0.00636,0.38462,0.12966,38,-0.32832
2015_09_DEN_IND,2015,9,IND,DEN,72,0.17335,0.44444,0.39292,41,-0.11707
2015_09_GB_CAR,2015,9,CAR,GB,42,0.29203,0.47619,0.52464,22,0.03616
2015_09_GB_CAR,2015,9,GB,CAR,51,-0.18338,0.35294,-0.09699,37,-0.41171
2015_09_JAX_NYJ,2015,9,JAX,NYJ,63,-0.11834,0.38095,-0.07147,47,-0.25603
2015_09_JAX_NYJ,2015,9,NYJ,JAX,62,-0.01168,0.27419,0.18463,38,-0.32251
2015_09_MIA_BUF,2015,9,BUF,MIA,41,0.33897,0.4878,0.59664,19,0.11643
2015_09_MIA_BUF,2015,9,MIA,BUF,59,0.11879,0.55932,0.08461,34,0.16528
2015_09_NYG_TB,2015,9,NYG,TB,71,-0.03873,0.43662,0.03752,41,-0.14293
2015_09_NYG_TB,2015,9,TB,NYG,61,-0.07646,0.44262,0.11479,41,-0.46852
2015_09_OAK_PIT,2015,9,LV,PIT,69,0.12347,0.3913,0.19589,46,-0.02138
2015_09_OAK_PIT,2015,9,PIT,LV,85,0.15516,0.43529,0.13672,55,0.18896
2015_09_PHI_DAL,2015,9,DAL,PHI,78,0.05599,0.53846,0.04035,50,0.0839
2015_09_PHI_DAL,2015,9,PHI,DAL,73,0.20448,0.43836,0.10145,39,0.32266
2015_09_STL_MIN,2015,9,LA,MIN,73,-0.10523,0.34247,-0.17552,36,-0.03684
2015_09_STL_MIN,2015,9,MIN,LA,71,-0.05894,0.47887,-0.09903,35,-0.01997
2015_09_TEN_NO,2015,9,NO,TEN,74,0.19029,0.45946,0.41995,49,-0.25984
2015_09_TEN_NO,2015,9,TEN,NO,70,0.21963,0.5,0.61927,40,-0.31323
2015_09_WAS_NE,2015,9,NE,WAS,44,0.09282,0.54545,0.01793,25,0.19136
2015_09_WAS_NE,2015,9,WAS,NE,33,-0.38136,0.33333,-0.27429,18,-0.50983
2015_10_ARI_SEA,2015,10,ARI,SEA,86,0.06111,0.45349,0.12853,56,-0.06473
2015_10_ARI_SEA,2015,10,SEA,ARI,55,-0.09648,0.38182,-0.13925,39,0.00775
2015_10_BUF_NYJ,2015,10,BUF,NYJ,63,-0.1723,0.38095,-0.1542,32,-0.19098
2015_10_BUF_NYJ,2015,10,NYJ,BUF,59,-0.23113,0.33898,-0.17691,37,-0.32231
2015_10_CAR_TEN,2015,10,CAR,TEN,56,0.08046,0.51786,0.22497,32,-0.11221
2015_10_CAR_TEN,2015,10,TEN,CAR,40,-0.13957,0.4,0.12549,21,-0.43253
2015_10_CHI_STL,2015,10,CHI,LA,52,0.25751,0.48077,0.46383,27,0.03467
2015_10_CHI_STL,2015,10,LA,CHI,47,-0.27408,0.25532,-0.16213,29,-0.45444
2015_10_CLE_PIT,2015,10,CLE,PIT,37,-0.26948,0.35135,-0.11653,25,-0.58814
2015_10_CLE_PIT,2015,10,PIT,CLE,42,0.21931,0.45238,0.47992,33,-0.73627
2015_10_DAL_TB,2015,10,DAL,TB,53,-0.11979,0.39623,0.00505,33,-0.32578
2015_10_DAL_TB,2015,10,TB,DAL,70,-0.00502,0.42857,0.05943,45,-0.12103
2015_10_DET_GB,2015,10,DET,GB,65,-0.07173,0.38462,0.09308,38,-0.30369
2015_10_DET_GB,2015,10,GB,DET,85,0.00058,0.41176,0.05901,69,-0.25138
2015_10_HOU_CIN,2015,10,CIN,HOU,67,-0.15489,0.41791,-0.1448,48,-0.18037
2015_10_HOU_CIN,2015,10,HOU,CIN,61,-0.08957,0.31148,0.0727,39,-0.37722
2015_10_JAX_BAL,2015,10,BAL,JAX,68,-0.08199,0.47059,-0.08232,48,-0.08121
2015_10_JAX_BAL,2015,10,JAX,BAL,74,-0.07643,0.36486,-0.00605,54,-0.26647
2015_10_KC_DEN,2015,10,DEN,KC,28,-0.88195,0.21429,-1.07868,21,-0.29178
2015_10_KC_DEN,2015,10,KC,DEN,42,-0.04498,0.35714,-0.15693,26,0.13692
2015_10_MIA_PHI,2015,10,MIA,PHI,65,0.0069,0.33846,0.04656,40,-0.05656
2015_10_MIA_PHI,2015,10,PHI,MIA,96,-0.03412,0.41667,0.04202,59,-0.15553
2015_10_MIN_OAK,2015,10,LV,MIN,54,-0.06837,0.38889,-0.06772,37,-0.06981
2015_10_MIN_OAK,2015,10,MIN,LV,61,0.12857,0.54098,0.13312,30,0.12417
2015_10_NE_NYG,2015,10,NE,NYG,70,0.07905,0.44286,0.15815,48,-0.09352
2015_10_NE_NYG,2015,10,NYG,NE,75,0.08887,0.4,0.19947,53,-0.17756
2015_10_NO_WAS,2015,10,NO,WAS,31,0.18064,0.45161,0.31666,18,-0.0077
2015_10_NO_WAS,2015,10,WAS,NO,42,0.52518,0.52381,0.67599,25,0.30341
2015_11_BUF_NE,2015,11,BUF,NE,68,-0.05718,0.36765,0.04275,41,-0.20891
2015_11_BUF_NE,2015,11,NE,BUF,67,-0.00078,0.32836,0.09928,44,-0.19222
2015_11_CIN_ARI,2015,11,ARI,CIN,58,0.18584,0.46552,0.4446,33,-0.15571
2015_11_CIN_ARI,2015,11,CIN,ARI,76,0.09638,0.47368,0.28797,52,-0.31873
2015_11_DAL_MIA,2015,11,DAL,MIA,60,0.10844,0.38333,0.12747,31,0.08809
2015_11_DAL_MIA,2015,11,MIA,DAL,44,-0.21813,0.29545,-0.23283,26,-0.1969
2015_11_DEN_CHI,2015,11,CHI,DEN,63,-0.06111,0.4127,0.0032,40,-0.17294
2015_11_DEN_CHI,2015,11,DEN,CHI,64,0.12932,0.5,0.20786,33,0.0457
2015_11_GB_MIN,2015,11,GB,MIN,62,0.22589,0.41935,0.45023,39,-0.15452
2015_11_GB_MIN,2015,11,MIN,GB,45,-0.01905,0.42222,0.1991,30,-0.45534
2015_11_IND_ATL,2015,11,ATL,IND,75,-0.14502,0.37333,-0.00954,52,-0.45131
2015_11_IND_ATL,2015,11,IND,ATL,63,-0.13604,0.42857,0.09002,39,-0.50339
2015_11_KC_SD,2015,11,KC,LAC,47,0.17496,0.48936,0.29403,28,-0.0005
2015_11_KC_SD,2015,11,LAC,KC,41,-0.39658,0.39024,-0.48766,29,-0.17646
2015_11_NYJ_HOU,2015,11,HOU,NYJ,66,0.05264,0.39394,0.15585,36,-0.07123
2015_11_NYJ_HOU,2015,11,NYJ,HOU,55,-0.24654,0.38182,-0.34326,37,-0.04773
2015_11_OAK_DET,2015,11,DET,LV,68,0.01883,0.44118,0.18,43,-0.25838
2015_11_OAK_DET,2015,11,LV,DET,52,-0.04169,0.42308,0.09941,31,-0.24998
2015_11_SF_SEA,2015,11,SEA,SF,49,0.48085,0.61224,0.74493,24,0.22733
2015_11_SF_SEA,2015,11,SF,SEA,34,0.02765,0.29412,0.07213,24,-0.0791
2015_11_STL_BAL,2015,11,BAL,LA,75,-0.2766,0.37333,-0.27085,46,-0.28573
2015_11_STL_BAL,2015,11,LA,BAL,62,-0.25044,0.41935,0.06491,32,-0.58681
2015_11_TB_PHI,2015,11,PHI,TB,36,0.0699,0.41667,-0.00159,21,0.16997
2015_11_TB_PHI,2015,11,TB,PHI,55,0.51459,0.49091,0.8038,27,0.23571
2015_11_TEN_JAX,2015,11,JAX,TEN,60,-0.14721,0.45,0.0364,37,-0.4426
2015_11_TEN_JAX,2015,11,TEN,JAX,68,-0.0608,0.38235,0.00245,43,-0.16959
2015_11_WAS_CAR,2015,11,CAR,WAS,46,0.28055,0.56522,0.42863,30,0.0029
2015_11_WAS_CAR,2015,11,WAS,CAR,22,-0.64548,0.31818,-0.34512,15,-1.28909
2015_12_ARI_SF,2015,12,ARI,SF,77,0.08988,0.48052,0.32493,49,-0.32146
2015_12_ARI_SF,2015,12,SF,ARI,56,-0.02163,0.41071,0.04419,40,-0.18619
2015_12_BAL_CLE,2015,12,BAL,CLE,58,0.01002,0.43103,0.02562,36,-0.01549
2015_12_BAL_CLE,2015,12,CLE,BAL,69,0.05403,0.34783,0.14392,54,-0.26956
2015_12_BUF_KC,2015,12,BUF,KC,69,0.1028,0.43478,0.31978,43,-0.25604
2015_12_BUF_KC,2015,12,KC,BUF,58,0.24295,0.48276,0.36695,37,0.02446
2015_12_CAR_DAL,2015,12,CAR,DAL,41,0.19103,0.60976,0.30551,22,0.05846
2015_12_CAR_DAL,2015,12,DAL,CAR,31,-0.74314,0.29032,-0.95436,20,-0.35912
2015_12_CHI_GB,2015,12,CHI,GB,66,-0.01545,0.4697,0.1889,34,-0.23257
2015_12_CHI_GB,2015,12,GB,CHI,78,-0.18427,0.4359,-0.21742,53,-0.11399
2015_12_MIA_NYJ,2015,12,MIA,NYJ,32,-0.50226,0.28125,-0.45726,24,-0.63725
2015_12_MIA_NYJ,2015,12,NYJ,MIA,48,0.10534,0.4375,0.31177,32,-0.30752
2015_12_MIN_ATL,2015,12,ATL,MIN,53,-0.23364,0.43396,-0.1232,31,-0.38927
2015_12_MIN_ATL,2015,12,MIN,ATL,64,0.1408,0.46875,0.19251,32,0.0891
2015_12_NE_DEN,2015,12,DEN,NE,79,0.01842,0.39241,-0.091,46,0.17095
2015_12_NE_DEN,2015,12,NE,DEN,66,-0.08179,0.27273,0.01065,50,-0.37066
2015_12_NO_HOU,2015,12,HOU,NO,47,0.23701,0.53191,0.29342,25,0.17292
2015_12_NO_HOU,2015,12,NO,HOU,33,-0.31183,0.27273,-0.39561,27,0.0652
2015_12_NYG_WAS,2015,12,NYG,WAS,48,-0.28476,0.33333,-0.27983,34,-0.29675
2015_12_NYG_WAS,2015,12,WAS,NYG,43,0.09677,0.39535,0.47105,24,-0.37602
2015_12_OAK_TEN,2015,12,LV,TEN,70,0.09538,0.47143,0.37083,42,-0.3178
2015_12_OAK_TEN,2015,12,TEN,LV,61,-0.08805,0.39344,-0.05532,44,-0.17276
2015_12_PHI_DET,2015,12,DET,PHI,44,0.33889,0.52273,0.55391,31,-0.17385
2015_12_PHI_DET,2015,12,PHI,DET,30,-0.08402,0.36667,0.12946,18,-0.40423
2015_12_PIT_SEA,2015,12,PIT,SEA,77,0.13502,0.54545,0.08078,66,0.46051
2015_12_PIT_SEA,2015,12,SEA,PIT,58,0.29347,0.44828,0.61219,35,-0.19153
2015_12_SD_JAX,2015,12,JAX,LAC,63,-0.06967,0.34921,-0.05968,50,-0.10811
2015_12_SD_JAX,2015,12,LAC,JAX,70,0.15497,0.48571,0.27241,53,-0.21118
2015_12_STL_CIN,2015,12,CIN,LA,42,0.29221,0.5,0.48976,22,0.0749
2015_12_STL_CIN,2015,12,LA,CIN,34,-0.04513,0.44118,-0.08655,22,0.0308
2015_12_TB_IND,2015,12,IND,TB,66,0.05267,0.40909,0.21059,47,-0.33796
2015_12_TB_IND,2015,12,TB,IND,56,0.06391,0.41071,0.19008,36,-0.16321
2015_13_ARI_STL,2015,13,ARI,LA,58,0.23136,0.5,0.34287,36,0.04888
2015_13_ARI_STL,2015,13,LA,ARI,30,-0.45003,0.23333,-0.42077,19,-0.50056
2015_13_ATL_TB,2015,13,ATL,TB,67,-0.00664,0.46269,-0.00476,49,-0.01176
2015_13_ATL_TB,2015,13,TB,ATL,68,0.1203,0.5,0.25823,34,-0.01762
2015_13_BAL_MIA,2015,13,BAL,MIA,78,-0.1869,0.39744,-0.14534,51,-0.26541
2015_13_BAL_MIA,2015,13,MIA,BAL,48,-0.21407,0.25,-0.31213,21,-0.1378
2015_13_CAR_NO,2015,13,CAR,NO,79,0.17595,0.53165,0.36929,48,-0.12342
2015_13_CAR_NO,2015,13,NO,CAR,60,0.07258,0.4,0.04254,46,0.17129
2015_13_CIN_CLE,2015,13,CIN,CLE,32,0.42999,0.59375,0.38309,17,0.48315
2015_13_CIN_CLE,2015,13,CLE,CIN,42,-0.22701,0.42857,-0.24829,30,-0.17381
2015_13_DAL_WAS,2015,13,DAL,WAS,58,-0.1637,0.48276,0.06765,34,-0.49145
2015_13_DAL_WAS,2015,13,WAS,DAL,65,-0.1231,0.38462,0.00124,40,-0.32205
2015_13_DEN_SD,2015,13,DEN,LAC,46,0.123,0.3913,0.23293,26,-0.01991
2015_13_DEN_SD,2015,13,LAC,DEN,52,-0.33151,0.36538,-0.30503,30,-0.36761
2015_13_GB_DET,2015,13,DET,GB,59,-0.0965,0.42373,-0.0182,38,-0.23819
2015_13_GB_DET,2015,13,GB,DET,61,0.01144,0.37705,0.19361,43,-0.42372
2015_13_HOU_BUF,2015,13,BUF,HOU,59,0.14728,0.35593,0.12039,28,0.17156
2015_13_HOU_BUF,2015,13,HOU,BUF,69,0.00699,0.42029,0.06194,41,-0.07347
2015_13_IND_PIT,2015,13,IND,PIT,37,-0.27349,0.43243,-0.25107,25,-0.32019
2015_13_IND_PIT,2015,13,PIT,IND,45,0.26457,0.46667,0.55984,33,-0.54742
2015_13_JAX_TEN,2015,13,JAX,TEN,59,0.19181,0.47458,0.45211,39,-0.31576
2015_13_JAX_TEN,2015,13,TEN,JAX,65,0.24539,0.47692,0.47571,37,-0.05897
2015_13_KC_OAK,2015,13,KC,LV,48,-0.08589,0.5,-0.15055,31,0.03203
2015_13_KC_OAK,2015,13,LV,KC,71,-0.21992,0.40845,-0.35531,47,0.04524
2015_13_NYJ_NYG,2015,13,NYG,NYJ,66,-0.0989,0.33333,0.06578,42,-0.3871
2015_13_NYJ_NYG,2015,13,NYJ,NYG,78,0.08136,0.4359,0.25463,59,-0.45671
2015_13_PHI_NE,2015,13,NE,PHI,63,-0.11225,0.39683,-0.13933,41,-0.06177
2015_13_PHI_NE,2015,13,PHI,NE,44,-0.09493,0.40909,-0.12465,24,-0.05925
2015_13_SEA_MIN,2015,13,MIN,SEA,31,-0.45163,0.19355,-0.47765,22,-0.38802
2015_13_SEA_MIN,2015,13,SEA,MIN,35,0.44674,0.6,0.87144,22,-0.27198
2015_13_SF_CHI,2015,13,CHI,SF,78,-0.15175,0.42308,-0.27267,34,-0.05832
2015_13_SF_CHI,2015,13,SF,CHI,61,-0.02687,0.37705,0.02383,43,-0.14799
2015_14_ATL_CAR,2015,14,ATL,CAR,30,-0.12927,0.36667,-0.07938,20,-0.22905
2015_14_ATL_CAR,2015,14,CAR,ATL,22,0.86262,0.59091,1.38559,12,0.23504
2015_14_BUF_PHI,2015,14,BUF,PHI,73,0.09633,0.38356,0.18598,47,-0.06572
2015_14_BUF_PHI,2015,14,PHI,BUF,75,-0.07374,0.38667,-0.13708,43,0.01137
2015_14_DAL_GB,2015,14,DAL,GB,41,-0.12129,0.36585,-0.52033,23,0.3886
2015_14_DAL_GB,2015,14,GB,DAL,81,0.10062,0.46914,0.23921,43,-0.05622
2015_14_DET_STL,2015,14,DET,LA,51,-0.27186,0.39216,-0.49029,35,0.20597
2015_14_DET_STL,2015,14,LA,DET,47,0.01393,0.42553,-0.18998,25,0.24565
2015_14_IND_JAX,2015,14,IND,JAX,56,-0.31455,0.28571,-0.37359,40,-0.16694
2015_14_IND_JAX,2015,14,JAX,IND,43,-0.21183,0.34884,-0.14795,27,-0.31963
2015_14_MIN_ARI,2015,14,ARI,MIN,65,0.179,0.50769,0.36128,39,-0.09443
2015_14_MIN_ARI,2015,14,MIN,ARI,67,0.07794,0.43284,0.31703,42,-0.32374
2015_14_NE_HOU,2015,14,HOU,NE,43,-0.52092,0.30233,-0.73379,25,-0.22527
2015_14_NE_HOU,2015,14,NE,HOU,47,0.06952,0.51064,0.18288,28,-0.09754
2015_14_NO_TB,2015,14,NO,TB,73,0.25939,0.45205,0.49487,44,-0.09788
2015_14_NO_TB,2015,14,TB,NO,50,-0.00768,0.46,0.04758,33,-0.11494
2015_14_NYG_MIA,2015,14,MIA,NYG,66,-0.0054,0.40909,-0.1311,44,0.24599
2015_14_NYG_MIA,2015,14,NYG,MIA,61,0.28617,0.55738,0.74463,33,-0.25415
2015_14_OAK_DEN,2015,14,DEN,LV,80,-0.2202,0.375,-0.17322,60,-0.36116
2015_14_OAK_DEN,2015,14,LV,DEN,53,-0.31256,0.22642,-0.25038,34,-0.42383
2015_14_PIT_CIN,2015,14,CIN,PIT,37,-0.20098,0.35135,-0.1721,26,-0.26926
2015_14_PIT_CIN,2015,14,PIT,CIN,52,0.18983,0.46154,0.364,34,-0.13915
2015_14_SD_KC,2015,14,KC,LAC,54,0.06681,0.42593,0.11273,30,0.00942
2015_14_SD_KC,2015,14,LAC,KC,68,-0.14024,0.25,-0.02064,50,-0.47244
2015_14_SEA_BAL,2015,14,BAL,SEA,39,-0.23148,0.38462,0.07729,27,-0.9262
2015_14_SEA_BAL,2015,14,SEA,BAL,48,0.28711,0.54167,0.7234,25,-0.18712
2015_14_SF_CLE,2015,14,CLE,SF,58,0.10046,0.5,0.25425,36,-0.1512
2015_14_SF_CLE,2015,14,SF,CLE,40,-0.43053,0.3,-0.59099,28,-0.05614
2015_14_TEN_NYJ,2015,14,NYJ,TEN,44,0.22,0.52273,0.18621,27,0.27367
2015_14_TEN_NYJ,2015,14,TEN,NYJ,18,-0.67821,0.16667,-0.77161,11,-0.53142
2015_14_WAS_CHI,2015,14,CHI,WAS,59,0.07555,0.42373,0.09775,36,0.04079
2015_14_WAS_CHI,2015,14,WAS,CHI,69,0.19487,0.55072,0.42836,37,-0.0751
2015_15_ARI_PHI,2015,15,ARI,PHI,51,0.319,0.58824,0.25584,28,0.3959
2015_15_ARI_PHI,2015,15,PHI,ARI,51,-0.105,0.41176,0.1323,33,-0.54005
2015_15_ATL_JAX,2015,15,ATL,JAX,73,0.03159,0.46575,0.17112,42,-0.15745
2015_15_ATL_JAX,2015,15,JAX,ATL,61,-0.10785,0.5082,-0.07374,44,-0.19613
2015_15_BUF_WAS,2015,15,BUF,WAS,40,-0.07711,0.45,-0.06252,19,-0.09032
2015_15_BUF_WAS,2015,15,WAS,BUF,39,0.51172,0.61538,0.8608,23,0.00991
2015_15_CAR_NYG,2015,15,CAR,NYG,56,0.2622,0.46429,0.38898,38,-0.00543
2015_15_CAR_NYG,2015,15,NYG,CAR,58,-0.10248,0.41379,-0.05637,38,-0.19007
2015_15_CHI_MIN,2015,15,CHI,MIN,48,-0.19365,0.41667,-0.38544,28,0.07486
2015_15_CHI_MIN,2015,15,MIN,CHI,43,0.29195,0.44186,0.66449,21,-0.06367
2015_15_CIN_SF,2015,15,CIN,SF,34,-0.03612,0.35294,0.3301,15,-0.32524
2015_15_CIN_SF,2015,15,SF,CIN,33,-0.81449,0.30303,-1.20091,21,-0.13824
2015_15_CLE_SEA,2015,15,CLE,SEA,41,0.07397,0.36585,0.21236,28,-0.2241
2015_15_CLE_SEA,2015,15,SEA,CLE,54,0.38473,0.57407,0.67232,31,-0.0029
2015_15_DEN_PIT,2015,15,DEN,PIT,76,-0.08156,0.39474,0.06343,52,-0.3957
2015_15_DEN_PIT,2015,15,PIT,DEN,71,0.063,0.43662,0.11932,60,-0.24416
2015_15_DET_NO,2015,15,DET,NO,35,0.55767,0.71429,0.67741,23,0.32817
2015_15_DET_NO,2015,15,NO,DET,43,-0.08764,0.4186,0.0285,27,-0.28361
2015_15_GB_OAK,2015,15,GB,LV,70,0.02368,0.42857,0.1695,47,-0.27431
2015_15_GB_OAK,2015,15,LV,GB,63,-0.14089,0.4127,-0.18309,41,-0.06226
2015_15_HOU_IND,2015,15,HOU,IND,71,-0.08294,0.42254,-0.03123,38,-0.14249
2015_15_HOU_IND,2015,15,IND,HOU,54,-0.34204,0.33333,-0.31333,36,-0.39947
2015_15_KC_BAL,2015,15,BAL,KC,53,-0.38652,0.37736,-0.14364,38,-1.00183
2015_15_KC_BAL,2015,15,KC,BAL,47,0.20664,0.48936,0.26317,31,0.09711
2015_15_MIA_SD,2015,15,LAC,MIA,34,0.3676,0.52941,0.78335,19,-0.15902
2015_15_MIA_SD,2015,15,MIA,LAC,20,-0.41316,0.15,-0.30626,10,-0.52007
2015_15_NYJ_DAL,2015,15,DAL,NYJ,57,-0.27684,0.40351,-0.46794,35,0.02719
2015_15_NYJ_DAL,2015,15,NYJ,DAL,70,-0.01562,0.41429,0.21171,45,-0.42481
2015_15_TB_STL,2015,15,LA,TB,32,0.37996,0.5625,0.7485,16,0.01142
2015_15_TB_STL,2015,15,TB,LA,45,-0.09298,0.46667,-0.11837,23,-0.06643
2015_15_TEN_NE,2015,15,NE,TEN,27,0.36947,0.51852,0.647,17,-0.10233
2015_15_TEN_NE,2015,15,TEN,NE,34,-0.38613,0.32353,-0.30893,19,-0.48393
2015_16_CAR_ATL,2015,16,ATL,CAR,57,0.15362,0.42105,0.61265,33,-0.47754
2015_16_CAR_ATL,2015,16,CAR,ATL,52,-0.05512,0.53846,-0.32395,34,0.45268
2015_16_CHI_TB,2015,16,CHI,TB,62,0.12355,0.46774,0.15969,32,0.08499
2015_16_CHI_TB,2015,16,TB,CHI,49,-0.15824,0.44898,-0.04764,27,-0.29397
2015_16_CIN_DEN,2015,16,CIN,DEN,71,0.06817,0.42254,0.26276,41,-0.19777
2015_16_CIN_DEN,2015,16,DEN,CIN,65,0.05881,0.52308,0.15465,45,-0.15682
2015_16_CLE_KC,2015,16,CLE,KC,68,-0.04117,0.39706,-0.30617,40,0.33739
2015_16_CLE_KC,2015,16,KC,CLE,54,-0.01806,0.40741,0.18663,30,-0.27392
2015_16_DAL_BUF,2015,16,BUF,DAL,58,-0.00434,0.41379,-0.2516,28,0.22644
2015_16_DAL_BUF,2015,16,DAL,BUF,58,-0.08377,0.37931,-0.14739,34,0.00635
2015_16_GB_ARI,2015,16,ARI,GB,34,0.13902,0.55882,0.20842,25,-0.05376
2015_16_GB_ARI,2015,16,GB,ARI,33,-0.50955,0.30303,-0.58755,20,-0.38955
2015_16_HOU_TEN,2015,16,HOU,TEN,45,0.09321,0.46667,0.29578,24,-0.1383
2015_16_HOU_TEN,2015,16,TEN,HOU,32,-0.56727,0.28125,-0.31392,24,-1.32731
2015_16_IND_MIA,2015,16,IND,MIA,57,0.09891,0.45614,0.16001,33,0.0149
2015_16_IND_MIA,2015,16,MIA,IND,72,-0.01642,0.40278,0.06225,48,-0.17376
2015_16_JAX_NO,2015,16,JAX,NO,29,-0.43867,0.31034,-0.48395,21,-0.31979
2015_16_JAX_NO,2015,16,NO,JAX,52,0.5426,0.57692,0.90975,33,-0.09508
2015_16_NE_NYJ,2015,16,NE,NYJ,55,0.00119,0.38182,0.17339,34,-0.27762
2015_16_NE_NYJ,2015,16,NYJ,NE,70,0.04093,0.42857,0.0843,44,-0.03246
2015_16_NYG_MIN,2015,16,MIN,NYG,43,-0.02784,0.37209,0.03076,24,-0.10187
2015_16_NYG_MIN,2015,16,NYG,MIN,35,-0.58373,0.28571,-0.89398,19,-0.21532
2015_16_PIT_BAL,2015,16,BAL,PIT,74,0.03839,0.41892,0.16828,43,-0.14177
2015_16_PIT_BAL,2015,16,PIT,BAL,61,0.01387,0.5082,0.00012,41,0.04204
2015_16_SD_OAK,2015,16,LAC,LV,78,-0.0751,0.39744,-0.01912,53,-0.19379
2015_16_SD_OAK,2015,16,LV,LAC,71,-0.16689,0.3662,-0.12809,49,-0.2533
2015_16_SF_DET,2015,16,DET,SF,58,0.151,0.55172,0.23426,38,-0.00719
2015_16_SF_DET,2015,16,SF,DET,53,0.02643,0.4717,0.0385,31,0.00944
2015_16_STL_SEA,2015,16,LA,SEA,45,0.11421,0.46667,0.1333,24,0.0924
2015_16_STL_SEA,2015,16,SEA,LA,59,-0.22923,0.37288,0.21235,40,-1.15887
2015_16_WAS_PHI,2015,16,PHI,WAS,57,-0.25279,0.36842,-0.15425,42,-0.52871
2015_16_WAS_PHI,2015,16,WAS,PHI,56,0.19266,0.42857,0.29403,45,-0.22201
2015_17_BAL_CIN,2015,17,BAL,CIN,63,-0.20537,0.33333,-0.21736,44,-0.17759
2015_17_BAL_CIN,2015,17,CIN,BAL,47,0.15519,0.44681,0.03098,32,0.42017
2015_17_DET_CHI,2015,17,CHI,DET,52,-0.00785,0.44231,-0.00852,29,-0.007
2015_17_DET_CHI,2015,17,DET,CHI,62,0.18012,0.46774,0.25697,46,-0.04079
2015_17_JAX_HOU,2015,17,HOU,JAX,46,0.12102,0.43478,0.07403,30,0.20912
2015_17_JAX_HOU,2015,17,JAX,HOU,41,-0.72816,0.19512,-0.79348,27,-0.6022
2015_17_MIN_GB,2015,17,GB,MIN,72,-0.33866,0.33333,-0.42547,48,-0.16504
2015_17_MIN_GB,2015,17,MIN,GB,46,-0.00263,0.36957,-0.41085,23,0.40558
2015_17_NE_MIA,2015,17,MIA,NE,69,0.09003,0.42029,0.41044,41,-0.37914
2015_17_NE_MIA,2015,17,NE,MIA,55,-0.10661,0.30909,-0.0271,27,-0.18328
2015_17_NO_ATL,2015,17,ATL,NO,67,0.0941,0.52239,0.40729,39,-0.34212
2015_17_NO_ATL,2015,17,NO,ATL,66,0.15319,0.5,0.34389,45,-0.25544
2015_17_NYJ_BUF,2015,17,BUF,NYJ,73,-0.07738,0.31507,0.16214,35,-0.29798
2015_17_NYJ_BUF,2015,17,NYJ,BUF,57,-0.02061,0.36842,-0.13756,41,0.27907
2015_17_OAK_KC,2015,17,KC,LV,44,0.02792,0.47727,0.00281,26,0.06419
2015_17_OAK_KC,2015,17,LV,KC,48,-0.35033,0.29167,-0.34414,35,-0.367
2015_17_PHI_NYG,2015,17,NYG,PHI,83,0.05319,0.53012,-0.08909,46,0.23008
2015_17_PHI_NYG,2015,17,PHI,NYG,64,0.24498,0.51562,0.42406,40,-0.05349
2015_17_PIT_CLE,2015,17,CLE,PIT,66,-0.28023,0.36364,-0.3657,44,-0.10928
2015_17_PIT_CLE,2015,17,PIT,CLE,46,0.04085,0.47826,0.1807,34,-0.35538
2015_17_SD_DEN,2015,17,DEN,LAC,61,-0.10089,0.44262,-0.25344,34,0.09121
2015_17_SD_DEN,2015,17,LAC,DEN,73,-0.15991,0.36986,-0.15337,44,-0.16982
2015_17_SEA_ARI,2015,17,ARI,SEA,27,-0.08885,0.2963,-0.0253,18,-0.21594
2015_17_SEA_ARI,2015,17,SEA,ARI,30,0.5841,0.56667,1.06059,13,0.21973
2015_17_STL_SF,2015,17,LA,SF,72,0.0005,0.43056,0.09087,39,-0.1063
2015_17_STL_SF,2015,17,SF,LA,77,-0.08959,0.35065,0.01408,48,-0.26118
2015_17_TB_CAR,2015,17,CAR,TB,39,0.23859,0.51282,0.23629,21,0.24127
2015_17_TB_CAR,2015,17,TB,CAR,40,-0.32835,0.35,-0.28653,29,-0.43859
2015_17_TEN_IND,2015,17,IND,TEN,69,-0.04462,0.3913,-0.03006,42,-0.06727
2015_17_TEN_IND,2015,17,TEN,IND,57,-0.15091,0.40351,-0.45742,31,0.21454
2015_17_WAS_DAL,2015,17,DAL,WAS,34,-0.36633,0.44118,-0.25851,23,-0.59177
2015_17_WAS_DAL,2015,17,WAS,DAL,46,0.42627,0.45652,0.91231,22,-0.01926
2015_18_GB_WAS,2015,18,GB,WAS,62,0.29247,0.53226,0.32807,39,0.2321
2015_18_GB_WAS,2015,18,WAS,GB,49,-0.07122,0.38776,-0.13394,32,0.04684
2015_18_KC_HOU,2015,18,HOU,KC,44,-0.36687,0.27273,-0.70989,23,0.00882
2015_18_KC_HOU,2015,18,KC,HOU,38,-0.05916,0.52632,-0.08622,21,-0.02572
2015_18_PIT_CIN,2015,18,CIN,PIT,71,-0.18608,0.3662,-0.13551,50,-0.30649
2015_18_PIT_CIN,2015,18,PIT,CIN,70,-0.08126,0.38571,-0.1523,42,0.0253
2015_18_SEA_MIN,2015,18,MIN,SEA,57,-0.23753,0.36842,-0.21345,29,-0.26248
2015_18_SEA_MIN,2015,18,SEA,MIN,57,-0.18535,0.33333,-0.1059,32,-0.28706
2015_19_GB_ARI,2015,19,ARI,GB,62,0.03224,0.43548,0.16571,43,-0.26981
2015_19_GB_ARI,2015,19,GB,ARI,69,0.0242,0.34783,-0.00687,49,0.10032
2015_19_KC_NE,2015,19,KC,NE,61,0.03137,0.40984,0.10754,37,-0.08608
2015_19_KC_NE,2015,19,NE,KC,44,0.35815,0.52273,0.37111,37,0.28968
2015_19_PIT_DEN,2015,19,DEN,PIT,69,-0.12154,0.36232,-0.09396,40,-0.15959
2015_19_PIT_DEN,2015,19,PIT,DEN,58,-0.13863,0.36207,-0.03229,39,-0.3569
2015_19_SEA_CAR,2015,19,CAR,SEA,20,0.58155,0.7,0.8722,6,0.45698
2015_19_SEA_CAR,2015,19,SEA,CAR,13,-0.85752,0.30769,-0.96728,10,-0.49167
2015_20_ARI_CAR,2015,20,ARI,CAR,34,-0.27634,0.38235,-0.59132,20,0.17364
2015_20_ARI_CAR,2015,20,CAR,ARI,30,0.36388,0.4,0.44818,15,0.27959
2015_20_NE_DEN,2015,20,DEN,NE,62,-0.17587,0.30645,-0.07775,37,-0.32109
2015_20_NE_DEN,2015,20,NE,DEN,77,-0.19888,0.33766,-0.16366,62,-0.34447
2015_21_CAR_DEN,2015,21,CAR,DEN,69,-0.2442,0.31884,-0.242,45,-0.24832
2015_21_CAR_DEN,2015,21,DEN,CAR,54,-0.37204,0.27778,-0.4064,29,-0.33219
2016_01_BUF_BAL,2016,1,BAL,BUF,64,-0.07457,0.40625,0.1494,39,-0.42396
2016_01_BUF_BAL,2016,1,BUF,BAL,49,-0.16503,0.34694,-0.06814,28,-0.29422
2016_01_CAR_DEN,2016,1,CAR,DEN,69,0.04185,0.42029,0.02975,38,0.05669
2016_01_CAR_DEN,2016,1,DEN,CAR,56,0.02713,0.5,0.00898,32,0.05134
2016_01_CHI_HOU,2016,1,CHI,HOU,49,-0.19364,0.40816,-0.09663,29,-0.33429
2016_01_CHI_HOU,2016,1,HOU,CHI,67,-0.01474,0.40299,0.1185,37,-0.17907
2016_01_CIN_NYJ,2016,1,CIN,NYJ,56,0.17398,0.48214,0.25294,38,0.00729
2016_01_CIN_NYJ,2016,1,NYJ,CIN,71,0.03911,0.40845,0.05886,43,0.00878
2016_01_CLE_PHI,2016,1,CLE,PHI,42,-0.20677,0.33333,-0.03965,27,-0.50758
2016_01_CLE_PHI,2016,1,PHI,CLE,63,0.00561,0.39683,0.09831,37,-0.12631
2016_01_DET_IND,2016,1,DET,IND,64,0.37271,0.60938,0.50731,42,0.11575
2016_01_DET_IND,2016,1,IND,DET,70,0.2571,0.5,0.34476,53,-0.01618
2016_01_GB_JAX,2016,1,GB,JAX,62,0.18624,0.46774,0.30045,40,-0.02141
2016_01_GB_JAX,2016,1,JAX,GB,71,0.03604,0.42254,0.17083,45,-0.19725
2016_01_LA_SF,2016,1,LA,SF,47,-0.52967,0.25532,-0.76053,27,-0.21801
2016_01_LA_SF,2016,1,SF,LA,55,-0.12904,0.32727,-0.18867,31,-0.05203
2016_01_MIA_SEA,2016,1,MIA,SEA,54,-0.18504,0.2963,-0.16098,34,-0.22594
2016_01_MIA_SEA,2016,1,SEA,MIA,82,-0.14801,0.47561,-0.01506,51,-0.36674
2016_01_MIN_TEN,2016,1,MIN,TEN,53,0.02622,0.39623,0.24555,33,-0.33567
2016_01_MIN_TEN,2016,1,TEN,MIN,53,-0.3561,0.50943,-0.00447,31,-0.85157
2016_01_NE_ARI,2016,1,ARI,NE,61,0.15855,0.54098,0.18031,42,0.11046
2016_01_NE_ARI,2016,1,NE,ARI,70,0.09791,0.42857,0.36327,40,-0.2559
2016_01_NYG_DAL,2016,1,DAL,NYG,76,-0.00935,0.39474,0.04128,46,-0.08697
2016_01_NYG_DAL,2016,1,NYG,DAL,56,0.09823,0.46429,0.23887,31,-0.07617
2016_01_OAK_NO,2016,1,LV,NO,72,0.277,0.48611,0.38833,46,0.08003
2016_01_OAK_NO,2016,1,NO,LV,67,0.26089,0.52239,0.43038,45,-0.08579
2016_01_PIT_WAS,2016,1,PIT,WAS,57,0.29022,0.59649,0.41487,36,0.07652
2016_01_PIT_WAS,2016,1,WAS,PIT,46,0.076,0.6087,0.19342,33,-0.22209
2016_01_SD_KC,2016,1,KC,LAC,56,0.04236,0.5,0.00281,39,0.1331
2016_01_SD_KC,2016,1,LAC,KC,57,0.34753,0.57895,0.47312,33,0.17484
2016_01_TB_ATL,2016,1,ATL,TB,59,0.02755,0.40678,0.21295,40,-0.36278
2016_01_TB_ATL,2016,1,TB,ATL,62,0.20245,0.46774,0.53541,36,-0.25856
2016_02_ATL_OAK,2016,2,ATL,LV,61,0.39426,0.65574,0.56043,35,0.17058
2016_02_ATL_OAK,2016,2,LV,ATL,66,0.12183,0.51515,0.1831,41,0.02135
2016_02_BAL_CLE,2016,2,BAL,CLE,74,-0.03109,0.39189,0.13305,48,-0.33413
2016_02_BAL_CLE,2016,2,CLE,BAL,62,0.06155,0.30645,0.19245,39,-0.1604
2016_02_CIN_PIT,2016,2,CIN,PIT,66,-0.14906,0.31818,-0.0786,50,-0.36924
2016_02_CIN_PIT,2016,2,PIT,CIN,65,0.02625,0.43077,0.18893,36,-0.17569
2016_02_DAL_WAS,2016,2,DAL,WAS,68,0.1872,0.48529,0.49384,39,-0.22518
2016_02_DAL_WAS,2016,2,WAS,DAL,66,0.05774,0.48485,0.12196,50,-0.14292
2016_02_GB_MIN,2016,2,GB,MIN,71,-0.07203,0.40845,0.10217,50,-0.48677
2016_02_GB_MIN,2016,2,MIN,GB,55,-0.02491,0.38182,0.20304,36,-0.45681
2016_02_IND_DEN,2016,2,DEN,IND,70,0.07172,0.54286,0.19137,39,-0.07882
2016_02_IND_DEN,2016,2,IND,DEN,64,-0.15324,0.40625,-0.18178,45,-0.08564
2016_02_JAX_SD,2016,2,JAX,LAC,27,-0.47626,0.40741,-0.60179,19,-0.17811
2016_02_JAX_SD,2016,2,LAC,JAX,25,0.35187,0.48,0.58347,12,0.13808
2016_02_KC_HOU,2016,2,HOU,KC,68,-0.16105,0.36765,0.00316,36,-0.34578
2016_02_KC_HOU,2016,2,KC,HOU,54,-0.49165,0.25926,-0.3343,35,-0.7815
2016_02_MIA_NE,2016,2,MIA,NE,32,-0.40007,0.4375,-0.16037,23,-1.01265
2016_02_MIA_NE,2016,2,NE,MIA,35,0.54622,0.62857,0.91265,20,0.05765
2016_02_NO_NYG,2016,2,NO,NYG,62,-0.07938,0.43548,-0.03923,48,-0.21705
2016_02_NO_NYG,2016,2,NYG,NO,75,-0.09081,0.46667,0.05718,47,-0.33922
2016_02_NYJ_BUF,2016,2,BUF,NYJ,41,0.01481,0.36585,0.2984,24,-0.38555
2016_02_NYJ_BUF,2016,2,NYJ,BUF,70,0.31697,0.52857,0.52207,40,0.04351
2016_02_PHI_CHI,2016,2,CHI,PHI,42,-0.37274,0.47619,-0.42773,25,-0.29187
2016_02_PHI_CHI,2016,2,PHI,CHI,52,-0.01178,0.38462,0.07045,37,-0.21462
2016_02_SEA_LA,2016,2,LA,SEA,59,-0.02057,0.35593,0.08013,36,-0.17819
2016_02_SEA_LA,2016,2,SEA,LA,67,-0.07825,0.37313,-0.04719,46,-0.14628
2016_02_SF_CAR,2016,2,CAR,SF,59,0.13738,0.42373,0.31748,36,-0.14452
2016_02_SF_CAR,2016,2,SF,CAR,43,-0.3774,0.30233,-0.16794,22,-0.59683
2016_02_TB_ARI,2016,2,ARI,TB,43,0.28419,0.4186,0.49049,28,-0.10089
2016_02_TB_ARI,2016,2,TB,ARI,34,-0.42604,0.35294,-0.49315,24,-0.26498
2016_02_TEN_DET,2016,2,DET,TEN,79,-0.04161,0.37975,0.03618,54,-0.20963
2016_02_TEN_DET,2016,2,TEN,DET,66,0.16154,0.5303,0.20551,42,0.0846
2016_03_ARI_BUF,2016,3,ARI,BUF,51,-0.30303,0.35294,-0.09168,30,-0.60496
2016_03_ARI_BUF,2016,3,BUF,ARI,44,0.12286,0.45455,-0.25509,26,0.66879
2016_03_ATL_NO,2016,3,ATL,NO,53,0.49722,0.58491,0.55242,31,0.41943
2016_03_ATL_NO,2016,3,NO,ATL,62,0.00979,0.5,-0.10986,43,0.28057
2016_03_BAL_JAX,2016,3,BAL,JAX,66,-0.16854,0.42424,-0.24731,46,0.01265
2016_03_BAL_JAX,2016,3,JAX,BAL,66,-0.23388,0.36364,-0.20688,46,-0.296
2016_03_CHI_DAL,2016,3,CHI,DAL,39,-0.13713,0.35897,-0.16392,26,-0.08355
2016_03_CHI_DAL,2016,3,DAL,CHI,43,0.34961,0.65116,0.52973,20,0.19298
2016_03_CLE_MIA,2016,3,CLE,MIA,81,0.05582,0.44444,0.00371,49,0.13561
2016_03_CLE_MIA,2016,3,MIA,CLE,66,-0.07742,0.43939,-0.12731,41,0.0044
2016_03_DEN_CIN,2016,3,CIN,DEN,53,0.04611,0.39623,0.115,28,-0.03105
2016_03_DEN_CIN,2016,3,DEN,CIN,63,0.15646,0.46032,0.3553,45,-0.34064
2016_03_DET_GB,2016,3,DET,GB,47,0.04559,0.48936,0.28767,27,-0.28122
2016_03_DET_GB,2016,3,GB,DET,26,0.59764,0.53846,1.06232,16,-0.14585
2016_03_HOU_NE,2016,3,HOU,NE,35,-0.16779,0.45714,-0.19607,18,-0.13785
2016_03_HOU_NE,2016,3,NE,HOU,38,0.03375,0.42105,0.0384,16,0.03037
2016_03_LA_TB,2016,3,LA,TB,64,0.02016,0.42188,-0.07374,30,0.10301
2016_03_LA_TB,2016,3,TB,LA,83,-0.10241,0.45783,-0.09686,63,-0.11992
2016_03_MIN_CAR,2016,3,CAR,MIN,66,-0.21332,0.34848,-0.31809,39,-0.062
2016_03_MIN_CAR,2016,3,MIN,CAR,47,-0.02525,0.38298,0.01431,28,-0.08356
2016_03_NYJ_KC,2016,3,KC,NYJ,45,0.10285,0.42222,0.30531,29,-0.2641
2016_03_NYJ_KC,2016,3,NYJ,KC,51,-0.28274,0.41176,-0.47275,32,0.03728
2016_03_OAK_TEN,2016,3,LV,TEN,63,0.01549,0.36508,0.05431,40,-0.05203
2016_03_OAK_TEN,2016,3,TEN,LV,68,-0.15679,0.39706,-0.35378,39,0.10813
2016_03_PIT_PHI,2016,3,PHI,PIT,38,0.43601,0.44737,0.64739,30,-0.35666
2016_03_PIT_PHI,2016,3,PIT,PHI,35,-0.07819,0.31429,-0.03516,27,-0.22343
2016_03_SD_IND,2016,3,IND,LAC,69,-0.07054,0.47826,-0.07658,45,-0.05922
2016_03_SD_IND,2016,3,LAC,IND,59,-0.0422,0.40678,0.04281,43,-0.27066
2016_03_SF_SEA,2016,3,SEA,SF,34,0.40337,0.47059,0.72906,18,0.03697
2016_03_SF_SEA,2016,3,SF,SEA,29,-0.31487,0.31034,-0.3444,14,-0.28732
2016_03_WAS_NYG,2016,3,NYG,WAS,67,0.03253,0.47761,0.07163,44,-0.04226
2016_03_WAS_NYG,2016,3,WAS,NYG,69,0.14584,0.43478,0.36542,41,-0.17568
2016_04_BUF_NE,2016,4,BUF,NE,55,0.15069,0.47273,0.27415,35,-0.06535
2016_04_BUF_NE,2016,4,NE,BUF,36,-0.2931,0.27778,-0.19614,21,-0.42884
2016_04_CAR_ATL,2016,4,ATL,CAR,47,0.34493,0.53191,0.5757,34,-0.25862
2016_04_CAR_ATL,2016,4,CAR,ATL,33,-0.23572,0.30303,-0.1356,21,-0.41092
2016_04_CLE_WAS,2016,4,CLE,WAS,57,0.06828,0.54386,0.30186,31,-0.21022
2016_04_CLE_WAS,2016,4,WAS,CLE,59,0.19447,0.55932,0.19124,33,0.19856
2016_04_DAL_SF,2016,4,DAL,SF,71,0.23263,0.5493,0.26254,36,0.20187
2016_04_DAL_SF,2016,4,SF,DAL,52,0.00291,0.46154,-0.02325,25,0.02712
2016_04_DEN_TB,2016,4,DEN,TB,49,0.06527,0.42857,0.25957,32,-0.30046
2016_04_DEN_TB,2016,4,TB,DEN,54,-0.34124,0.2963,-0.20429,34,-0.57406
2016_04_DET_CHI,2016,4,CHI,DET,61,0.11393,0.52459,0.38579,39,-0.368
2016_04_DET_CHI,2016,4,DET,CHI,63,-0.13215,0.46032,-0.0131,44,-0.40784
2016_04_IND_JAX,2016,4,IND,JAX,68,-0.10958,0.42647,-0.18609,47,0.06165
2016_04_IND_JAX,2016,4,JAX,IND,66,0.23367,0.48485,0.2534,46,0.18829
2016_04_KC_PIT,2016,4,KC,PIT,16,-0.75468,0.4375,-0.5535,11,-1.19727
2016_04_KC_PIT,2016,4,PIT,KC,15,0.58713,0.46667,1.03174,11,-0.63556
2016_04_LA_ARI,2016,4,ARI,LA,76,-0.12346,0.43421,-0.07291,51,-0.22659
2016_04_LA_ARI,2016,4,LA,ARI,55,-0.07427,0.34545,0.12553,37,-0.48497
2016_04_MIA_CIN,2016,4,CIN,MIA,57,0.02207,0.40351,0.22863,31,-0.22421
2016_04_MIA_CIN,2016,4,MIA,CIN,31,-0.24265,0.25806,-0.23415,19,-0.25611
2016_04_NO_SD,2016,4,LAC,NO,68,0.04685,0.39706,0.13162,47,-0.14286
2016_04_NO_SD,2016,4,NO,LAC,65,0.00045,0.43077,0.15116,34,-0.16484
2016_04_NYG_MIN,2016,4,MIN,NYG,53,0.1233,0.41509,0.33192,30,-0.14881
2016_04_NYG_MIN,2016,4,NYG,MIN,50,-0.21186,0.32,-0.21807,33,-0.1998
2016_04_OAK_BAL,2016,4,BAL,LV,88,-0.04675,0.40909,-0.1074,61,0.09028
2016_04_OAK_BAL,2016,4,LV,BAL,57,-0.07441,0.31579,0.11222,39,-0.47876
2016_04_SEA_NYJ,2016,4,NYJ,SEA,57,-0.04882,0.33333,0.14108,37,-0.40013
2016_04_SEA_NYJ,2016,4,SEA,NYJ,41,0.44225,0.53659,0.73854,27,-0.12915
2016_04_TEN_HOU,2016,4,HOU,TEN,61,-0.01706,0.52459,0.0869,40,-0.21508
2016_04_TEN_HOU,2016,4,TEN,HOU,66,-0.01319,0.39394,-0.04604,37,0.02871
2016_05_ARI_SF,2016,5,ARI,SF,56,-0.03904,0.375,-0.18148,30,0.12532
2016_05_ARI_SF,2016,5,SF,ARI,60,-0.19112,0.41667,-0.31879,30,-0.06345
2016_05_ATL_DEN,2016,5,ATL,DEN,50,0.12272,0.4,0.11948,28,0.12684
2016_05_ATL_DEN,2016,5,DEN,ATL,41,-0.26036,0.29268,-0.38038,26,-0.05231
2016_05_BUF_LA,2016,5,BUF,LA,52,0.07442,0.42308,0.02849,29,0.13232
2016_05_BUF_LA,2016,5,LA,BUF,63,-0.11657,0.49206,-0.0986,33,-0.13633
2016_05_CHI_IND,2016,5,CHI,IND,65,0.17753,0.49231,0.2084,46,0.10281
2016_05_CHI_IND,2016,5,IND,CHI,65,0.10072,0.46154,0.16329,49,-0.09087
2016_05_CIN_DAL,2016,5,CIN,DAL,38,0.01659,0.52632,-0.02813,27,0.12636
2016_05_CIN_DAL,2016,5,DAL,CIN,29,0.59271,0.68966,0.76226,14,0.43446
2016_05_HOU_MIN,2016,5,HOU,MIN,29,-0.34782,0.24138,-0.3596,22,-0.31081
2016_05_HOU_MIN,2016,5,MIN,HOU,42,0.1337,0.5,0.39152,22,-0.14989
2016_05_NE_CLE,2016,5,CLE,NE,30,-0.08696,0.3,0.1737,18,-0.47796
2016_05_NE_CLE,2016,5,NE,CLE,50,0.44299,0.5,0.78189,32,-0.15951
2016_05_NYG_GB,2016,5,GB,NYG,68,-0.01719,0.38235,-0.0349,45,0.01747
2016_05_NYG_GB,2016,5,NYG,GB,45,-0.36967,0.28889,-0.45227,32,-0.16635
2016_05_NYJ_PIT,2016,5,NYJ,PIT,52,0.03721,0.51923,0.08192,36,-0.06338
2016_05_NYJ_PIT,2016,5,PIT,NYJ,58,0.13039,0.5,0.36109,41,-0.42601
2016_05_PHI_DET,2016,5,DET,PHI,58,0.063,0.43103,0.15047,35,-0.07011
2016_05_PHI_DET,2016,5,PHI,DET,61,0.07872,0.4918,0.11144,40,0.01642
2016_05_SD_OAK,2016,5,LAC,LV,52,0.04636,0.46154,0.38416,32,-0.49411
2016_05_SD_OAK,2016,5,LV,LAC,72,0.09799,0.5,0.18883,48,-0.08369
2016_05_TB_CAR,2016,5,CAR,TB,54,-0.01672,0.59259,-0.15346,29,0.14189
2016_05_TB_CAR,2016,5,TB,CAR,72,0.05524,0.44444,0.14483,37,-0.03947
2016_05_TEN_MIA,2016,5,MIA,TEN,39,-0.18136,0.38462,-0.26727,21,-0.08114
2016_05_TEN_MIA,2016,5,TEN,MIA,64,0.24278,0.51562,0.2229,33,0.26393
2016_05_WAS_BAL,2016,5,BAL,WAS,72,-0.15212,0.38889,-0.18722,52,-0.06086
2016_05_WAS_BAL,2016,5,WAS,BAL,64,-0.04962,0.51562,0.10677,44,-0.39366
2016_06_ATL_SEA,2016,6,ATL,SEA,67,0.04264,0.41791,0.08861,48,-0.07351
2016_06_ATL_SEA,2016,6,SEA,ATL,63,0.13519,0.52381,0.25047,42,-0.09538
2016_06_BAL_NYG,2016,6,BAL,NYG,83,0.02387,0.38554,0.0567,57,-0.0481
2016_06_BAL_NYG,2016,6,NYG,BAL,67,0.06943,0.41791,0.23542,50,-0.41876
2016_06_CAR_NO,2016,6,CAR,NO,80,0.16261,0.4875,0.23938,54,0.00315
2016_06_CAR_NO,2016,6,NO,CAR,64,0.29073,0.48438,0.43603,46,-0.08059
2016_06_CIN_NE,2016,6,CIN,NE,63,0.16392,0.46032,0.40446,34,-0.11809
2016_06_CIN_NE,2016,6,NE,CIN,52,0.29202,0.46154,0.5305,37,-0.29621
2016_06_CLE_TEN,2016,6,CLE,TEN,50,-0.08808,0.32,0.02346,34,-0.32511
2016_06_CLE_TEN,2016,6,TEN,CLE,59,0.12377,0.45763,0.26786,31,-0.03575
2016_06_DAL_GB,2016,6,DAL,GB,51,0.16607,0.54902,0.19499,28,0.13085
2016_06_DAL_GB,2016,6,GB,DAL,58,-0.24489,0.39655,-0.08935,39,-0.56415
2016_06_DEN_SD,2016,6,DEN,LAC,47,-0.41595,0.29787,-0.54462,33,-0.11267
2016_06_DEN_SD,2016,6,LAC,DEN,47,0.15961,0.42553,0.35736,28,-0.13181
2016_06_IND_HOU,2016,6,HOU,IND,59,-0.03592,0.44068,-0.05885,32,-0.00875
2016_06_IND_HOU,2016,6,IND,HOU,66,0.03332,0.48485,0.1021,43,-0.09526
2016_06_JAX_CHI,2016,6,CHI,JAX,80,-0.01474,0.375,0.00994,53,-0.06319
2016_06_JAX_CHI,2016,6,JAX,CHI,59,-0.02054,0.47458,0.10397,40,-0.28265
2016_06_KC_OAK,2016,6,KC,LV,42,0.36943,0.52381,0.34257,22,0.39898
2016_06_KC_OAK,2016,6,LV,KC,43,-0.23827,0.46512,-0.28569,29,-0.14005
2016_06_LA_DET,2016,6,DET,LA,60,0.33319,0.5,0.64929,38,-0.21279
2016_06_LA_DET,2016,6,LA,DET,58,0.34451,0.60345,0.64511,38,-0.22663
2016_06_NYJ_ARI,2016,6,ARI,NYJ,55,0.15634,0.52727,0.20088,31,0.09881
2016_06_NYJ_ARI,2016,6,NYJ,ARI,34,-0.32955,0.23529,-0.24286,23,-0.51082
2016_06_PHI_WAS,2016,6,PHI,WAS,52,-0.13257,0.36538,-0.15123,29,-0.10904
2016_06_PHI_WAS,2016,6,WAS,PHI,70,0.09847,0.5,0.14192,41,0.03704
2016_06_PIT_MIA,2016,6,MIA,PIT,52,0.19485,0.5,0.3166,27,0.06336
2016_06_PIT_MIA,2016,6,PIT,MIA,33,-0.1443,0.45455,-0.4786,17,0.21089
2016_06_SF_BUF,2016,6,BUF,SF,65,0.19168,0.50769,0.23987,34,0.13883
2016_06_SF_BUF,2016,6,SF,BUF,47,0.03795,0.46809,0.41153,25,-0.38658
2016_07_BAL_NYJ,2016,7,BAL,NYJ,56,-0.36104,0.28571,-0.31954,45,-0.53083
2016_07_BAL_NYJ,2016,7,NYJ,BAL,62,-0.00403,0.45161,0.15335,29,-0.14233
2016_07_BUF_MIA,2016,7,BUF,MIA,41,-0.07101,0.34146,0.01925,27,-0.24509
2016_07_BUF_MIA,2016,7,MIA,BUF,72,0.16454,0.41667,0.16768,32,0.16203
2016_07_CHI_GB,2016,7,CHI,GB,38,-0.17071,0.28947,-0.21237,21,-0.11925
2016_07_CHI_GB,2016,7,GB,CHI,72,0.15603,0.51389,0.17183,57,0.09599
2016_07_CLE_CIN,2016,7,CIN,CLE,41,0.59363,0.53659,0.57973,25,0.61537
2016_07_CLE_CIN,2016,7,CLE,CIN,53,0.12529,0.45283,0.18437,30,0.04822
2016_07_HOU_DEN,2016,7,DEN,HOU,49,0.14938,0.5102,0.18321,25,0.11415
2016_07_HOU_DEN,2016,7,HOU,DEN,50,-0.21342,0.42,-0.2715,28,-0.13949
2016_07_IND_TEN,2016,7,IND,TEN,68,0.27325,0.55882,0.38469,48,0.00579
2016_07_IND_TEN,2016,7,TEN,IND,68,0.09309,0.54412,0.10867,40,0.07085
2016_07_MIN_PHI,2016,7,MIN,PHI,57,-0.45361,0.33333,-0.72629,31,-0.12849
2016_07_MIN_PHI,2016,7,PHI,MIN,45,-0.29084,0.42222,-0.28694,26,-0.29619
2016_07_NE_PIT,2016,7,NE,PIT,49,0.32106,0.57143,0.34598,29,0.28494
2016_07_NE_PIT,2016,7,PIT,NE,58,-0.06341,0.43103,-0.03224,35,-0.11083
2016_07_NO_KC,2016,7,KC,NO,45,0.26173,0.51111,0.50515,24,-0.01646
2016_07_NO_KC,2016,7,NO,KC,73,0.08233,0.56164,0.22042,50,-0.21788
2016_07_NYG_LA,2016,7,LA,NYG,79,-0.18886,0.40506,-0.24203,59,-0.032
2016_07_NYG_LA,2016,7,NYG,LA,55,-0.1651,0.4,-0.18423,37,-0.12578
2016_07_OAK_JAX,2016,7,JAX,LV,42,-0.23046,0.28571,-0.29848,30,-0.06042
2016_07_OAK_JAX,2016,7,LV,JAX,54,0.02954,0.46296,0.01107,32,0.05639
2016_07_SD_ATL,2016,7,ATL,LAC,65,-0.0069,0.46154,0.04417,40,-0.08861
2016_07_SD_ATL,2016,7,LAC,ATL,74,0.09177,0.5,0.1444,49,-0.01139
2016_07_SEA_ARI,2016,7,ARI,SEA,93,-0.10307,0.41935,-0.01475,55,-0.23091
2016_07_SEA_ARI,2016,7,SEA,ARI,63,-0.26466,0.36508,-0.25777,44,-0.28062
2016_07_TB_SF,2016,7,SF,TB,61,-0.10074,0.44262,-0.11826,39,-0.06969
2016_07_TB_SF,2016,7,TB,SF,61,0.16736,0.52459,0.40401,30,-0.06165
2016_07_WAS_DET,2016,7,DET,WAS,53,0.12657,0.45283,0.29524,35,-0.20139
2016_07_WAS_DET,2016,7,WAS,DET,73,0.09613,0.53425,0.27985,44,-0.1826
2016_08_ARI_CAR,2016,8,ARI,CAR,24,-0.96263,0.20833,-1.20566,16,-0.47655
2016_08_ARI_CAR,2016,8,CAR,ARI,25,0.43615,0.6,0.70357,11,0.22604
2016_08_DET_HOU,2016,8,DET,HOU,61,-0.02138,0.42623,0.00706,47,-0.11684
2016_08_DET_HOU,2016,8,HOU,DET,61,-0.00835,0.44262,0.02547,35,-0.05388
2016_08_GB_ATL,2016,8,ATL,GB,62,0.27222,0.51613,0.37736,42,0.05144
2016_08_GB_ATL,2016,8,GB,ATL,62,0.24518,0.48387,0.32469,48,-0.02741
2016_08_JAX_TEN,2016,8,JAX,TEN,14,-0.54543,0.14286,-0.52881,10,-0.587
2016_08_JAX_TEN,2016,8,TEN,JAX,31,0.49608,0.48387,0.8969,13,0.2066
2016_08_KC_IND,2016,8,IND,KC,50,-0.19991,0.46,-0.14747,36,-0.33473
2016_08_KC_IND,2016,8,KC,IND,62,0.21543,0.41935,0.32918,44,-0.06264
2016_08_MIN_CHI,2016,8,CHI,MIN,40,0.23956,0.45,0.34253,25,0.06794
2016_08_MIN_CHI,2016,8,MIN,CHI,37,-0.24186,0.35135,-0.29309,22,-0.16673
2016_08_NE_BUF,2016,8,BUF,NE,53,0.04802,0.35849,-0.16458,36,0.49823
2016_08_NE_BUF,2016,8,NE,BUF,42,0.42543,0.42857,0.62915,31,-0.14868
2016_08_NYJ_CLE,2016,8,CLE,NYJ,58,-0.06538,0.36207,-0.03559,43,-0.15077
2016_08_NYJ_CLE,2016,8,NYJ,CLE,68,0.26111,0.41176,0.25144,38,0.27335
2016_08_OAK_TB,2016,8,LV,TB,94,0.18794,0.41489,0.27379,69,-0.04898
2016_08_OAK_TB,2016,8,TB,LV,68,0.00095,0.38235,0.0539,44,-0.09614
2016_08_PHI_DAL,2016,8,DAL,PHI,77,0.08634,0.41558,0.07163,46,0.10817
2016_08_PHI_DAL,2016,8,PHI,DAL,76,-0.05939,0.44737,0.03271,51,-0.24729
2016_08_SD_DEN,2016,8,DEN,LAC,59,-0.23592,0.37288,-0.30875,38,-0.10412
2016_08_SD_DEN,2016,8,LAC,DEN,79,-0.26008,0.32911,-0.37642,52,-0.03601
2016_08_SEA_NO,2016,8,NO,SEA,76,-0.01275,0.46053,0.29818,41,-0.37699
2016_08_SEA_NO,2016,8,SEA,NO,53,-0.03466,0.4717,-0.0204,38,-0.07077
2016_08_WAS_CIN,2016,8,CIN,WAS,88,0.14167,0.55682,0.16737,54,0.10084
2016_08_WAS_CIN,2016,8,WAS,CIN,90,0.20946,0.45556,0.4027,59,-0.15832
2016_09_ATL_TB,2016,9,ATL,TB,57,0.3299,0.50877,0.52592,35,0.01806
2016_09_ATL_TB,2016,9,TB,ATL,45,-0.14264,0.44444,0.29991,27,-0.80646
2016_09_BUF_SEA,2016,9,BUF,SEA,85,0.13671,0.51765,0.18055,49,0.07703
2016_09_BUF_SEA,2016,9,SEA,BUF,46,0.22682,0.52174,0.41381,34,-0.30298
2016_09_CAR_LA,2016,9,CAR,LA,63,-0.04928,0.36508,0.03504,39,-0.18629
2016_09_CAR_LA,2016,9,LA,CAR,60,-0.29604,0.35,-0.30274,43,-0.27911
2016_09_DAL_CLE,2016,9,CLE,DAL,37,0.06701,0.45946,0.06971,26,0.06064
2016_09_DAL_CLE,2016,9,DAL,CLE,39,0.57797,0.66667,0.88659,21,0.21792
2016_09_DEN_OAK,2016,9,DEN,LV,48,-0.10811,0.35417,-0.05401,36,-0.2704
2016_09_DEN_OAK,2016,9,LV,DEN,67,0.11609,0.50746,0.01582,36,0.23254
2016_09_DET_MIN,2016,9,DET,MIN,65,-0.0239,0.41538,0.03947,40,-0.12528
2016_09_DET_MIN,2016,9,MIN,DET,69,0.00304,0.47826,0.10997,44,-0.18516
2016_09_IND_GB,2016,9,GB,IND,59,-0.01307,0.44068,0.00161,45,-0.06026
2016_09_IND_GB,2016,9,IND,GB,57,0.07169,0.45614,0.09338,37,0.03155
2016_09_JAX_KC,2016,9,JAX,KC,77,-0.10645,0.45455,0.07166,49,-0.41814
2016_09_JAX_KC,2016,9,KC,JAX,52,-0.25603,0.30769,-0.32043,34,-0.13438
2016_09_NO_SF,2016,9,NO,SF,68,0.37478,0.51471,0.39883,40,0.34041
2016_09_NO_SF,2016,9,SF,NO,45,-0.03377,0.4,0.261,30,-0.62332
2016_09_NYJ_MIA,2016,9,MIA,NYJ,61,0.00463,0.40984,0.04008,32,-0.03449
2016_09_NYJ_MIA,2016,9,NYJ,MIA,58,0.08001,0.48276,0.08547,40,0.06789
2016_09_PHI_NYG,2016,9,NYG,PHI,62,-0.08338,0.40323,0.00183,40,-0.2383
2016_09_PHI_NYG,2016,9,PHI,NYG,75,-0.10759,0.38667,-0.0204,49,-0.27191
2016_09_PIT_BAL,2016,9,BAL,PIT,54,-0.20744,0.35185,-0.10991,33,-0.36069
2016_09_PIT_BAL,2016,9,PIT,BAL,36,-0.67334,0.16667,-0.64918,23,-0.71609
2016_09_TEN_SD,2016,9,LAC,TEN,71,0.23608,0.46479,0.40665,40,0.01599
2016_09_TEN_SD,2016,9,TEN,LAC,53,-0.07268,0.5283,0.07261,35,-0.35521
2016_10_ATL_PHI,2016,10,ATL,PHI,47,-0.04506,0.31915,-0.01461,34,-0.12468
2016_10_ATL_PHI,2016,10,PHI,ATL,73,0.13483,0.54795,0.11191,41,0.16419
2016_10_CHI_TB,2016,10,CHI,TB,36,-0.49897,0.36111,-0.78384,21,-0.10016
2016_10_CHI_TB,2016,10,TB,CHI,48,0.08757,0.39583,0.34407,32,-0.42544
2016_10_CIN_NYG,2016,10,CIN,NYG,58,-0.12001,0.31034,-0.05138,35,-0.22446
2016_10_CIN_NYG,2016,10,NYG,CIN,73,-0.05134,0.42466,-0.09391,49,0.03557
2016_10_CLE_BAL,2016,10,BAL,CLE,60,0.01306,0.43333,0.11489,42,-0.22453
2016_10_CLE_BAL,2016,10,CLE,BAL,43,-0.26705,0.37209,-0.29517,31,-0.19438
2016_10_DAL_PIT,2016,10,DAL,PIT,65,0.2549,0.52308,0.35655,36,0.12872
2016_10_DAL_PIT,2016,10,PIT,DAL,74,0.15662,0.5,0.30797,55,-0.28147
2016_10_DEN_NO,2016,10,DEN,NO,81,-0.03162,0.40741,0.08277,48,-0.198
2016_10_DEN_NO,2016,10,NO,DEN,51,-0.1678,0.47059,-0.19104,31,-0.13178
2016_10_GB_TEN,2016,10,GB,TEN,44,-0.06586,0.40909,0.07326,33,-0.48324
2016_10_GB_TEN,2016,10,TEN,GB,24,1.20621,0.66667,1.9599,13,0.31548
2016_10_HOU_JAX,2016,10,HOU,JAX,59,0.0472,0.35593,0.01032,31,0.08804
2016_10_HOU_JAX,2016,10,JAX,HOU,72,-0.13349,0.43056,0.06483,49,-0.55599
2016_10_KC_CAR,2016,10,CAR,KC,65,0.05082,0.46154,0.05769,38,0.04114
2016_10_KC_CAR,2016,10,KC,CAR,64,-0.01827,0.4375,-0.13226,47,0.29689
2016_10_LA_NYJ,2016,10,LA,NYJ,66,-0.08611,0.33333,-0.0302,36,-0.1532
2016_10_LA_NYJ,2016,10,NYJ,LA,60,-0.08604,0.33333,-0.12282,35,-0.03455
2016_10_MIA_SD,2016,10,LAC,MIA,77,-0.07841,0.38961,0.02379,53,-0.30412
2016_10_MIA_SD,2016,10,MIA,LAC,50,0.22432,0.46,0.52798,27,-0.13214
2016_10_MIN_WAS,2016,10,MIN,WAS,67,0.04629,0.49254,0.24893,45,-0.36821
2016_10_MIN_WAS,2016,10,WAS,MIN,62,0.10768,0.45161,0.29269,35,-0.13216
2016_10_SEA_NE,2016,10,NE,SEA,66,0.09907,0.51515,0.29388,38,-0.16531
2016_10_SEA_NE,2016,10,SEA,NE,68,0.30063,0.51471,0.46016,45,-0.0115
2016_10_SF_ARI,2016,10,ARI,SF,78,-0.05608,0.47436,0.0354,55,-0.27483
2016_10_SF_ARI,2016,10,SF,ARI,63,-0.0634,0.34921,0.09144,40,-0.33268
2016_11_ARI_MIN,2016,11,ARI,MIN,73,-0.17048,0.43836,-0.30738,46,0.06276
2016_11_ARI_MIN,2016,11,MIN,ARI,49,-0.04379,0.38776,0.07559,30,-0.23227
2016_11_BAL_DAL,2016,11,BAL,DAL,45,0.05969,0.48889,0.03973,30,0.0996
2016_11_BAL_DAL,2016,11,DAL,BAL,66,0.22711,0.54545,0.47639,41,-0.18171
2016_11_BUF_CIN,2016,11,BUF,CIN,65,-0.04076,0.47692,-0.20834,35,0.15475
2016_11_BUF_CIN,2016,11,CIN,BUF,72,-0.12271,0.43056,-0.17424,46,-0.03155
2016_11_CHI_NYG,2016,11,CHI,NYG,63,0.03604,0.38095,0.08233,38,-0.03431
2016_11_CHI_NYG,2016,11,NYG,CHI,64,0.1134,0.40625,0.20441,39,-0.02858
2016_11_GB_WAS,2016,11,GB,WAS,62,0.22732,0.45161,0.38996,46,-0.24026
2016_11_GB_WAS,2016,11,WAS,GB,61,0.36814,0.47541,0.69831,35,-0.07632
2016_11_HOU_OAK,2016,11,HOU,LV,76,0.11299,0.43421,0.33578,45,-0.21041
2016_11_HOU_OAK,2016,11,LV,HOU,46,0.20716,0.41304,0.49199,32,-0.44388
2016_11_JAX_DET,2016,11,DET,JAX,55,-0.20409,0.36364,0.08597,37,-0.80032
2016_11_JAX_DET,2016,11,JAX,DET,62,-0.17695,0.40323,0.0214,35,-0.43406
2016_11_MIA_LA,2016,11,LA,MIA,57,-0.21698,0.29825,-0.37136,34,0.01123
2016_11_MIA_LA,2016,11,MIA,LA,60,-0.16082,0.38333,-0.19859,42,-0.0727
2016_11_NE_SF,2016,11,NE,SF,61,0.21701,0.42623,0.33225,42,-0.03773
2016_11_NE_SF,2016,11,SF,NE,48,-0.1014,0.41667,-0.0669,25,-0.1389
2016_11_NO_CAR,2016,11,CAR,NO,51,-0.03014,0.35294,0.04423,29,-0.12817
2016_11_NO_CAR,2016,11,NO,CAR,55,-0.04482,0.50909,-0.02581,40,-0.09549
2016_11_PHI_SEA,2016,11,PHI,SEA,48,-0.2209,0.33333,-0.35966,28,-0.02662
2016_11_PHI_SEA,2016,11,SEA,PHI,45,0.2774,0.4,0.34835,30,0.13548
2016_11_PIT_CLE,2016,11,CLE,PIT,48,-0.14563,0.29167,-0.06086,39,-0.51295
2016_11_PIT_CLE,2016,11,PIT,CLE,69,0.14499,0.49275,0.13705,40,0.15594
2016_11_TB_KC,2016,11,KC,TB,52,0.13192,0.57692,0.27071,33,-0.10915
2016_11_TB_KC,2016,11,TB,KC,77,0.15569,0.50649,0.4004,46,-0.20742
2016_11_TEN_IND,2016,11,IND,TEN,46,0.13218,0.3913,0.38221,28,-0.25675
2016_11_TEN_IND,2016,11,TEN,IND,72,-0.00558,0.44444,0.20957,47,-0.41006
2016_12_ARI_ATL,2016,12,ARI,ATL,46,-0.07442,0.41304,0.02826,31,-0.28662
2016_12_ARI_ATL,2016,12,ATL,ARI,56,0.09411,0.55357,0.15502,38,-0.03446
2016_12_CAR_OAK,2016,12,CAR,LV,65,0.04826,0.4,-0.01326,38,0.13485
2016_12_CAR_OAK,2016,12,LV,CAR,72,-0.00721,0.45833,0.22243,43,-0.34771
2016_12_CIN_BAL,2016,12,BAL,CIN,64,-0.11293,0.4375,-0.07799,40,-0.17116
2016_12_CIN_BAL,2016,12,CIN,BAL,75,-0.06288,0.38667,0.07125,57,-0.48764
2016_12_GB_PHI,2016,12,GB,PHI,53,0.38884,0.50943,0.58366,38,-0.10471
2016_12_GB_PHI,2016,12,PHI,GB,54,0.05365,0.51852,0.07516,40,-0.00779
2016_12_JAX_BUF,2016,12,BUF,JAX,51,0.19008,0.45098,0.33189,29,0.00315
2016_12_JAX_BUF,2016,12,JAX,BUF,67,0.09255,0.41791,0.17644,34,0.00612
2016_12_KC_DEN,2016,12,DEN,KC,79,0.14716,0.39241,0.42219,45,-0.21685
2016_12_KC_DEN,2016,12,KC,DEN,80,-0.08629,0.4125,-0.10643,54,-0.04448
2016_12_LA_NO,2016,12,LA,NO,36,-0.08263,0.5,-0.15047,25,0.07156
2016_12_LA_NO,2016,12,NO,LA,52,0.26134,0.44231,0.30994,32,0.18357
2016_12_MIN_DET,2016,12,DET,MIN,58,-0.06859,0.41379,0.00945,43,-0.29233
2016_12_MIN_DET,2016,12,MIN,DET,58,-0.05435,0.43103,-0.07549,40,-0.00737
2016_12_NE_NYJ,2016,12,NE,NYJ,67,0.10725,0.44776,0.14351,52,-0.01843
2016_12_NE_NYJ,2016,12,NYJ,NE,56,-0.05718,0.44643,-0.03472,35,-0.09461
2016_12_NYG_CLE,2016,12,CLE,NYG,63,-0.28687,0.4127,-0.23641,42,-0.38778
2016_12_NYG_CLE,2016,12,NYG,CLE,51,0.0334,0.37255,0.20599,30,-0.21314
2016_12_PIT_IND,2016,12,IND,PIT,53,-0.15307,0.32075,-0.08958,34,-0.26668
2016_12_PIT_IND,2016,12,PIT,IND,38,0.35391,0.5,0.42402,19,0.28379
2016_12_SD_HOU,2016,12,HOU,LAC,58,-0.16004,0.41379,0.02316,33,-0.40187
2016_12_SD_HOU,2016,12,LAC,HOU,48,0.14653,0.52083,0.2526,33,-0.08682
2016_12_SEA_TB,2016,12,SEA,TB,60,-0.38905,0.35,-0.53133,44,0.00221
2016_12_SEA_TB,2016,12,TB,SEA,58,0.00149,0.46552,0.31816,29,-0.31518
2016_12_SF_MIA,2016,12,MIA,SF,55,0.24694,0.47273,0.46009,33,-0.07278
2016_12_SF_MIA,2016,12,SF,MIA,65,-0.08002,0.43077,-0.09768,48,-0.03018
2016_12_TEN_CHI,2016,12,CHI,TEN,56,-0.17839,0.39286,-0.17818,38,-0.17886
2016_12_TEN_CHI,2016,12,TEN,CHI,43,0.40604,0.55814,0.56647,24,0.20339
2016_12_WAS_DAL,2016,12,DAL,WAS,50,0.33879,0.54,0.48955,26,0.17548
2016_12_WAS_DAL,2016,12,WAS,DAL,63,0.16029,0.39683,0.26981,45,-0.11351
2016_13_BUF_OAK,2016,13,BUF,LV,57,0.1293,0.5614,-0.15485,31,0.46809
2016_13_BUF_OAK,2016,13,LV,BUF,64,0.15707,0.45312,0.24832,37,0.03203
2016_13_CAR_SEA,2016,13,CAR,SEA,25,-0.45646,0.32,-0.35145,16,-0.64314
2016_13_CAR_SEA,2016,13,SEA,CAR,44,0.2215,0.52273,-0.04454,28,0.68707
2016_13_DAL_MIN,2016,13,DAL,MIN,49,-0.20722,0.38776,-0.10543,26,-0.3223
2016_13_DAL_MIN,2016,13,MIN,DAL,74,-0.09187,0.48649,-0.03567,55,-0.25458
2016_13_DEN_JAX,2016,13,DEN,JAX,49,-0.22162,0.32653,-0.28119,28,-0.14219
2016_13_DEN_JAX,2016,13,JAX,DEN,82,-0.32287,0.29268,-0.47905,46,-0.12331
2016_13_DET_NO,2016,13,DET,NO,60,0.28391,0.56667,0.42178,47,-0.21451
2016_13_DET_NO,2016,13,NO,DET,45,-0.13809,0.37778,-0.10972,31,-0.2009
2016_13_HOU_GB,2016,13,GB,HOU,54,-0.00624,0.44444,0.24346,34,-0.43072
2016_13_HOU_GB,2016,13,HOU,GB,58,-0.16384,0.37931,-0.19961,34,-0.11317
2016_13_IND_NYJ,2016,13,IND,NYJ,37,0.4456,0.48649,0.78742,23,-0.11596
2016_13_IND_NYJ,2016,13,NYJ,IND,24,-0.29347,0.33333,-0.14233,13,-0.4721
2016_13_KC_ATL,2016,13,ATL,KC,73,0.05637,0.57534,0.06615,46,0.03971
2016_13_KC_ATL,2016,13,KC,ATL,47,0.29018,0.48936,0.35666,27,0.20043
2016_13_LA_NE,2016,13,LA,NE,28,-0.50503,0.17857,-0.60826,20,-0.24697
2016_13_LA_NE,2016,13,NE,LA,50,0.09507,0.44,0.01638,29,0.20374
2016_13_MIA_BAL,2016,13,BAL,MIA,39,0.35423,0.53846,0.34914,33,0.38223
2016_13_MIA_BAL,2016,13,MIA,BAL,24,-0.13057,0.5,-0.10821,14,-0.16187
2016_13_NYG_PIT,2016,13,NYG,PIT,50,-0.31033,0.42,-0.4597,37,0.1148
2016_13_NYG_PIT,2016,13,PIT,NYG,56,0.0146,0.39286,0.31245,37,-0.56544
2016_13_PHI_CIN,2016,13,CIN,PHI,32,0.31121,0.5625,0.74676,19,-0.32536
2016_13_PHI_CIN,2016,13,PHI,CIN,31,-0.09454,0.35484,0.05426,20,-0.36509
2016_13_SF_CHI,2016,13,CHI,SF,39,0.2831,0.46154,0.57289,18,0.03471
2016_13_SF_CHI,2016,13,SF,CHI,41,-0.24135,0.34146,-0.72166,12,-0.0426
2016_13_TB_SD,2016,13,LAC,TB,55,-0.03181,0.47273,-0.11975,33,0.10009
2016_13_TB_SD,2016,13,TB,LAC,61,0.14821,0.47541,0.34852,35,-0.12144
2016_13_WAS_ARI,2016,13,ARI,WAS,74,0.19063,0.48649,0.26203,51,0.0323
2016_13_WAS_ARI,2016,13,WAS,ARI,59,0.06837,0.45763,0.02326,42,0.17984
2016_14_ARI_MIA,2016,14,ARI,MIA,69,-0.16581,0.47826,-0.13292,43,-0.22021
2016_14_ARI_MIA,2016,14,MIA,ARI,60,-0.14739,0.36667,0.31693,29,-0.58175
2016_14_ATL_LA,2016,14,ATL,LA,31,0.16711,0.45161,0.34086,22,-0.2576
2016_14_ATL_LA,2016,14,LA,ATL,34,-0.60903,0.32353,-0.87808,23,-0.04648
2016_14_BAL_NE,2016,14,BAL,NE,66,-0.00532,0.39394,0.07572,52,-0.30633
2016_14_BAL_NE,2016,14,NE,BAL,59,0.15993,0.44068,0.23296,39,0.01753
2016_14_CHI_DET,2016,14,CHI,DET,56,0.06988,0.44643,0.11784,37,-0.02351
2016_14_CHI_DET,2016,14,DET,CHI,71,-0.00107,0.43662,0.0957,46,-0.17913
2016_14_CIN_CLE,2016,14,CIN,CLE,59,0.22252,0.62712,0.22619,30,0.21872
2016_14_CIN_CLE,2016,14,CLE,CIN,47,-0.06877,0.34043,-0.33799,27,0.29468
2016_14_DAL_NYG,2016,14,DAL,NYG,66,-0.35305,0.25758,-0.60791,41,0.0649
2016_14_DAL_NYG,2016,14,NYG,DAL,65,-0.33253,0.29231,-0.35914,33,-0.30508
2016_14_DEN_TEN,2016,14,DEN,TEN,66,-0.15137,0.40909,0.00286,57,-1.12818
2016_14_DEN_TEN,2016,14,TEN,DEN,61,-0.09173,0.39344,-0.40275,26,0.13931
2016_14_HOU_IND,2016,14,HOU,IND,69,-0.01431,0.49275,-0.06209,28,0.01832
2016_14_HOU_IND,2016,14,IND,HOU,65,-0.05124,0.43077,-0.12615,50,0.19847
2016_14_MIN_JAX,2016,14,JAX,MIN,59,0.02557,0.32203,0.15071,37,-0.18489
2016_14_MIN_JAX,2016,14,MIN,JAX,64,0.06535,0.40625,0.42891,38,-0.46602
2016_14_NO_TB,2016,14,NO,TB,61,-0.14757,0.39344,-0.13654,43,-0.17392
2016_14_NO_TB,2016,14,TB,NO,64,-0.00354,0.48438,0.21224,34,-0.2481
2016_14_NYJ_SF,2016,14,NYJ,SF,84,0.0413,0.42857,-0.108,46,0.22202
2016_14_NYJ_SF,2016,14,SF,NYJ,57,-0.07891,0.36842,-0.2614,30,0.12385
2016_14_OAK_KC,2016,14,KC,LV,49,-0.14391,0.34694,-0.02182,28,-0.30669
2016_14_OAK_KC,2016,14,LV,KC,76,-0.21651,0.34211,-0.38008,46,0.0343
2016_14_PIT_BUF,2016,14,BUF,PIT,39,-0.31805,0.28205,-0.37701,24,-0.22372
2016_14_PIT_BUF,2016,14,PIT,BUF,49,0.17181,0.57143,-0.11616,27,0.52523
2016_14_SD_CAR,2016,14,CAR,LAC,44,0.17459,0.45455,0.15063,24,0.20334
2016_14_SD_CAR,2016,14,LAC,CAR,41,-0.35049,0.29268,-0.43596,25,-0.21695
2016_14_SEA_GB,2016,14,GB,SEA,32,0.32905,0.46875,0.763,17,-0.16277
2016_14_SEA_GB,2016,14,SEA,GB,43,-0.37961,0.46512,-0.60511,28,0.04133
2016_14_WAS_PHI,2016,14,PHI,WAS,79,-0.01684,0.44304,0.0992,54,-0.26749
2016_14_WAS_PHI,2016,14,WAS,PHI,46,0.23979,0.45652,0.2372,26,0.24315
2016_15_CAR_WAS,2016,15,CAR,WAS,58,0.02051,0.43103,0.05218,37,-0.03528
2016_15_CAR_WAS,2016,15,WAS,CAR,59,-0.24297,0.40678,-0.16556,47,-0.54617
2016_15_CLE_BUF,2016,15,BUF,CLE,51,0.34959,0.54902,0.40125,27,0.29148
2016_15_CLE_BUF,2016,15,CLE,BUF,43,0.09978,0.4186,0.28813,27,-0.21805
2016_15_DET_NYG,2016,15,DET,NYG,52,-0.08147,0.40385,0.1838,35,-0.62762
2016_15_DET_NYG,2016,15,NYG,DET,58,0.04774,0.5,0.13522,31,-0.0527
2016_15_GB_CHI,2016,15,CHI,GB,61,0.01115,0.52459,0.0492,43,-0.07974
2016_15_GB_CHI,2016,15,GB,CHI,60,0.19553,0.45,0.03557,39,0.4926
2016_15_IND_MIN,2016,15,IND,MIN,48,0.289,0.5625,0.4319,26,0.12012
2016_15_IND_MIN,2016,15,MIN,IND,13,-0.95316,0.15385,-0.6579,8,-1.42558
2016_15_JAX_HOU,2016,15,HOU,JAX,82,-0.15138,0.41463,-0.07643,53,-0.28835
2016_15_JAX_HOU,2016,15,JAX,HOU,53,-0.31626,0.28302,-0.36394,34,-0.23093
2016_15_LA_SEA,2016,15,LA,SEA,37,-0.38464,0.32432,-0.42217,23,-0.32298
2016_15_LA_SEA,2016,15,SEA,LA,46,0.16752,0.43478,0.48004,28,-0.31862
2016_15_MIA_NYJ,2016,15,MIA,NYJ,35,0.39441,0.42857,0.88266,19,-0.1854
2016_15_MIA_NYJ,2016,15,NYJ,MIA,48,-0.33424,0.35417,-0.35514,35,-0.27797
2016_15_NE_DEN,2016,15,DEN,NE,53,-0.34209,0.35849,-0.38439,36,-0.25251
2016_15_NE_DEN,2016,15,NE,DEN,61,-0.03139,0.40984,-0.01019,32,-0.05478
2016_15_NO_ARI,2016,15,ARI,NO,52,0.16315,0.59615,0.04769,36,0.42293
2016_15_NO_ARI,2016,15,NO,ARI,77,0.22883,0.50649,0.29553,51,0.09798
2016_15_OAK_SD,2016,15,LAC,LV,55,-0.11094,0.38182,0.07349,33,-0.38758
2016_15_OAK_SD,2016,15,LV,LAC,59,-0.02244,0.44068,0.19471,35,-0.33912
2016_15_PHI_BAL,2016,15,BAL,PHI,49,0.04407,0.40816,-0.08613,30,0.24965
2016_15_PHI_BAL,2016,15,PHI,BAL,86,-0.04129,0.44186,-0.09125,49,0.02486
2016_15_PIT_CIN,2016,15,CIN,PIT,58,-0.00597,0.44828,0.01237,30,-0.02562
2016_15_PIT_CIN,2016,15,PIT,CIN,69,0.20569,0.52174,0.33748,44,-0.02626
2016_15_SF_ATL,2016,15,ATL,SF,44,0.39145,0.61364,0.97023,20,-0.09087
2016_15_SF_ATL,2016,15,SF,ATL,30,-0.01937,0.43333,0.16855,22,-0.53614
2016_15_TB_DAL,2016,15,DAL,TB,69,0.05398,0.50725,0.07129,43,0.02535
2016_15_TB_DAL,2016,15,TB,DAL,60,-0.11708,0.38333,-0.04351,41,-0.27585
2016_15_TEN_KC,2016,15,KC,TEN,58,-0.05972,0.37931,-0.04428,32,-0.07872
2016_15_TEN_KC,2016,15,TEN,KC,64,-0.03963,0.48438,-0.24419,36,0.22338
2016_16_ARI_SEA,2016,16,ARI,SEA,56,0.13762,0.46429,0.43275,29,-0.17938
2016_16_ARI_SEA,2016,16,SEA,ARI,77,-0.07513,0.37662,0.05647,50,-0.31884
2016_16_ATL_CAR,2016,16,ATL,CAR,50,0.38024,0.58,0.4344,34,0.26517
2016_16_ATL_CAR,2016,16,CAR,ATL,45,-0.29012,0.33333,-0.53833,30,0.20631
2016_16_BAL_PIT,2016,16,BAL,PIT,76,0.07686,0.38158,0.11889,49,0.00057
2016_16_BAL_PIT,2016,16,PIT,BAL,55,0.20639,0.65455,0.18202,34,0.24584
2016_16_CIN_HOU,2016,16,CIN,HOU,63,-0.14913,0.42857,-0.1291,44,-0.19552
2016_16_CIN_HOU,2016,16,HOU,CIN,64,-0.13394,0.35938,-0.10155,41,-0.19168
2016_16_DEN_KC,2016,16,DEN,KC,47,-0.20662,0.3617,-0.22627,36,-0.14231
2016_16_DEN_KC,2016,16,KC,DEN,58,0.1715,0.46552,0.17944,33,0.16103
2016_16_DET_DAL,2016,16,DAL,DET,41,0.55955,0.58537,0.70281,25,0.33572
2016_16_DET_DAL,2016,16,DET,DAL,54,0.13996,0.48148,0.05778,38,0.33516
2016_16_IND_OAK,2016,16,IND,LV,31,-0.13909,0.54839,-0.21311,15,-0.06969
2016_16_IND_OAK,2016,16,LV,IND,45,0.43078,0.53333,0.61759,26,0.17515
2016_16_MIA_BUF,2016,16,BUF,MIA,91,0.18252,0.52747,0.42678,46,-0.06717
2016_16_MIA_BUF,2016,16,MIA,BUF,67,0.2673,0.46269,0.25,29,0.2805
2016_16_MIN_GB,2016,16,GB,MIN,36,0.32237,0.5,0.48479,28,-0.2461
2016_16_MIN_GB,2016,16,MIN,GB,44,-0.06037,0.45455,0.05608,30,-0.3099
2016_16_NYG_PHI,2016,16,NYG,PHI,89,-0.04693,0.42697,-0.05256,63,-0.03329
2016_16_NYG_PHI,2016,16,PHI,NYG,54,-0.02606,0.38889,0.22073,28,-0.29184
2016_16_NYJ_NE,2016,16,NE,NYJ,33,0.09831,0.39394,0.38533,19,-0.29121
2016_16_NYJ_NE,2016,16,NYJ,NE,25,-0.58297,0.36,-0.78795,12,-0.39375
2016_16_SD_CLE,2016,16,CLE,LAC,71,0.03179,0.35211,0.09472,45,-0.07714
2016_16_SD_CLE,2016,16,LAC,CLE,67,0.08628,0.37313,0.25691,47,-0.3147
2016_16_SF_LA,2016,16,LA,SF,58,-0.18852,0.31034,-0.28272,31,-0.08037
2016_16_SF_LA,2016,16,SF,LA,67,-0.11811,0.41791,-0.05761,42,-0.21973
2016_16_TB_NO,2016,16,NO,TB,61,0.22548,0.55738,0.27069,36,0.16037
2016_16_TB_NO,2016,16,TB,NO,60,0.07969,0.51667,0.1026,42,0.02624
2016_16_TEN_JAX,2016,16,JAX,TEN,63,0.12258,0.53968,0.3249,41,-0.25446
2016_16_TEN_JAX,2016,16,TEN,JAX,46,-0.09863,0.3913,0.01382,28,-0.27355
2016_16_WAS_CHI,2016,16,CHI,WAS,41,0.0551,0.4878,0.10296,24,-0.01247
2016_16_WAS_CHI,2016,16,WAS,CHI,50,0.54882,0.62,0.74437,25,0.35327
2016_17_ARI_LA,2016,17,ARI,LA,49,0.1252,0.46939,0.2376,33,-0.10663
2016_17_ARI_LA,2016,17,LA,ARI,34,-0.74552,0.17647,-0.86711,21,-0.54909
2016_17_BAL_CIN,2016,17,BAL,CIN,58,-0.10757,0.46552,-0.22783,42,0.20814
2016_17_BAL_CIN,2016,17,CIN,BAL,41,0.34591,0.56098,0.42761,24,0.23057
2016_17_BUF_NYJ,2016,17,BUF,NYJ,44,-0.40502,0.34091,-0.26053,24,-0.5784
2016_17_BUF_NYJ,2016,17,NYJ,BUF,47,0.01945,0.40426,0.36641,23,-0.31304
2016_17_CAR_TB,2016,17,CAR,TB,70,-0.15427,0.41429,-0.21456,38,-0.08267
2016_17_CAR_TB,2016,17,TB,CAR,62,-0.17225,0.33871,-0.22294,40,-0.08009
2016_17_CHI_MIN,2016,17,CHI,MIN,46,-0.09376,0.54348,0.01481,13,-0.13652
2016_17_CHI_MIN,2016,17,MIN,CHI,43,0.30018,0.48837,0.56564,28,-0.19533
2016_17_CLE_PIT,2016,17,CLE,PIT,77,0.04693,0.50649,0.1258,45,-0.06399
2016_17_CLE_PIT,2016,17,PIT,CLE,71,0.0459,0.38028,0.22377,43,-0.22725
2016_17_DAL_PHI,2016,17,DAL,PHI,50,-0.23505,0.4,-0.21689,35,-0.27743
2016_17_DAL_PHI,2016,17,PHI,DAL,73,0.01571,0.47945,0.1098,47,-0.15438
2016_17_GB_DET,2016,17,DET,GB,58,0.08367,0.44828,0.15158,37,-0.03599
2016_17_GB_DET,2016,17,GB,DET,70,0.32314,0.61429,0.36441,49,0.22682
2016_17_HOU_TEN,2016,17,HOU,TEN,64,-0.14359,0.34375,-0.0957,45,-0.25703
2016_17_HOU_TEN,2016,17,TEN,HOU,51,0.00371,0.37255,-0.03904,28,0.05576
2016_17_JAX_IND,2016,17,IND,JAX,69,-0.05165,0.46377,0.01292,48,-0.19926
2016_17_JAX_IND,2016,17,JAX,IND,73,0.0358,0.49315,0.0059,43,0.07866
2016_17_KC_SD,2016,17,KC,LAC,49,0.20476,0.57143,0.38157,31,-0.09975
2016_17_KC_SD,2016,17,LAC,KC,41,0.01186,0.4878,-0.09749,23,0.1516
2016_17_NE_MIA,2016,17,MIA,NE,50,-0.10695,0.48,-0.06443,32,-0.18255
2016_17_NE_MIA,2016,17,NE,MIA,55,0.34991,0.6,0.52154,34,0.07204
2016_17_NO_ATL,2016,17,ATL,NO,26,0.98367,0.69231,1.22056,18,0.45068
2016_17_NO_ATL,2016,17,NO,ATL,33,0.13258,0.45455,0.15915,18,0.10069
2016_17_NYG_WAS,2016,17,NYG,WAS,70,-0.09477,0.34286,-0.08522,30,-0.10193
2016_17_NYG_WAS,2016,17,WAS,NYG,54,-0.19739,0.37037,-0.11903,38,-0.3835
2016_17_OAK_DEN,2016,17,DEN,LV,40,0.35468,0.45,0.55259,24,0.05782
2016_17_OAK_DEN,2016,17,LV,DEN,29,-0.35913,0.31034,-0.52603,18,-0.08601
2016_17_SEA_SF,2016,17,SEA,SF,63,0.09269,0.4127,0.15302,41,-0.01975
2016_17_SEA_SF,2016,17,SF,SEA,60,-0.17126,0.41667,0.10286,29,-0.42769
2016_18_DET_SEA,2016,18,DET,SEA,42,-0.1777,0.35714,-0.15267,29,-0.23352
2016_18_DET_SEA,2016,18,SEA,DET,58,0.16268,0.46552,0.10067,29,0.22469
2016_18_MIA_PIT,2016,18,MIA,PIT,36,-0.2501,0.36111,-0.23503,22,-0.27377
2016_18_MIA_PIT,2016,18,PIT,MIA,35,0.57123,0.68571,0.98608,15,0.2601
2016_18_NYG_GB,2016,18,GB,NYG,58,0.04281,0.36207,0.24999,41,-0.45685
2016_18_NYG_GB,2016,18,NYG,GB,49,-0.02844,0.38776,0.06679,33,-0.22485
2016_18_OAK_HOU,2016,18,HOU,LV,51,-0.10505,0.35294,0.13311,26,-0.35273
2016_18_OAK_HOU,2016,18,LV,HOU,44,-0.5353,0.22727,-0.82569,25,-0.15322
2016_19_GB_DAL,2016,19,DAL,GB,67,0.17404,0.55224,0.19327,44,0.13727
2016_19_GB_DAL,2016,19,GB,DAL,60,0.39703,0.51667,0.48201,45,0.14208
2016_19_HOU_NE,2016,19,HOU,NE,58,-0.30975,0.32759,-0.43157,38,-0.07829
2016_19_HOU_NE,2016,19,NE,HOU,55,-0.07107,0.38182,0.04802,40,-0.38865
2016_19_PIT_KC,2016,19,KC,PIT,56,-0.0443,0.39286,-0.04471,43,-0.04298
2016_19_PIT_KC,2016,19,PIT,KC,63,0.03269,0.49206,-0.12897,32,0.19957
2016_19_SEA_ATL,2016,19,ATL,SEA,43,0.35344,0.62791,0.51116,27,0.08729
2016_19_SEA_ATL,2016,19,SEA,ATL,38,0.07908,0.42105,0.28462,24,-0.27328
2016_20_GB_ATL,2016,20,ATL,GB,37,0.41736,0.54054,0.66495,27,-0.25114
2016_20_GB_ATL,2016,20,GB,ATL,21,-0.22038,0.42857,0.07258,18,-1.97816
2016_20_PIT_NE,2016,20,NE,PIT,48,0.32765,0.52083,0.54915,34,-0.21027
2016_20_PIT_NE,2016,20,PIT,NE,47,0.06053,0.42553,0.22932,29,-0.21141
2016_21_NE_ATL,2016,21,ATL,NE,29,0.33566,0.55172,0.30016,18,0.39374
2016_21_NE_ATL,2016,21,NE,ATL,64,-0.04707,0.46875,0.10276,47,-0.46128
2017_01_ARI_DET,2017,1,ARI,DET,61,-0.30199,0.34426,-0.19069,44,-0.59006
2017_01_ARI_DET,2017,1,DET,ARI,70,-0.14399,0.38571,-0.0084,45,-0.38804
2017_01_ATL_CHI,2017,1,ATL,CHI,57,0.23711,0.47368,0.53577,35,-0.23804
2017_01_ATL_CHI,2017,1,CHI,ATL,67,0.00369,0.38806,-0.14197,47,0.34601
2017_01_BAL_CIN,2017,1,BAL,CIN,39,0.02848,0.38462,0.05468,18,0.00602
2017_01_BAL_CIN,2017,1,CIN,BAL,38,-0.55546,0.31579,-1.00899,20,-0.05153
2017_01_CAR_SF,2017,1,CAR,SF,39,-0.01045,0.35897,0.07907,23,-0.13914
2017_01_CAR_SF,2017,1,SF,CAR,37,-0.60703,0.32432,-0.83673,23,-0.22967
2017_01_IND_LA,2017,1,IND,LA,27,-0.54981,0.33333,-0.73666,17,-0.23218
2017_01_IND_LA,2017,1,LA,IND,27,0.21869,0.44444,0.42968,16,-0.08822
2017_01_JAX_HOU,2017,1,HOU,JAX,48,-0.35702,0.39583,-0.40051,34,-0.25138
2017_01_JAX_HOU,2017,1,JAX,HOU,48,0.19063,0.54167,0.33014,19,0.09923
2017_01_KC_NE,2017,1,KC,NE,61,0.33919,0.55738,0.50236,40,0.02838
2017_01_KC_NE,2017,1,NE,KC,77,0.03672,0.45455,0.1977,42,-0.15645
2017_01_LAC_DEN,2017,1,DEN,LAC,53,0.24075,0.45283,0.41007,31,0.00216
2017_01_LAC_DEN,2017,1,LAC,DEN,46,0.01807,0.41304,0.11006,27,-0.11266
2017_01_NO_MIN,2017,1,MIN,NO,52,0.35234,0.44231,0.60467,32,-0.05139
2017_01_NO_MIN,2017,1,NO,MIN,43,0.01,0.39535,0.12617,24,-0.13675
2017_01_NYG_DAL,2017,1,DAL,NYG,50,0.17329,0.56,0.2749,33,-0.02397
2017_01_NYG_DAL,2017,1,NYG,DAL,44,-0.23873,0.38636,-0.27968,33,-0.11587
2017_01_NYJ_BUF,2017,1,BUF,NYJ,66,0.14638,0.42424,0.26665,34,0.01859
2017_01_NYJ_BUF,2017,1,NYJ,BUF,56,-0.18949,0.32143,-0.26115,41,0.0064
2017_01_OAK_TEN,2017,1,LV,TEN,60,0.20683,0.46667,0.28023,37,0.08874
2017_01_OAK_TEN,2017,1,TEN,LV,58,0.03733,0.41379,0.0663,38,-0.01773
2017_01_PHI_WAS,2017,1,PHI,WAS,67,-0.09085,0.40299,0.16107,45,-0.60613
2017_01_PHI_WAS,2017,1,WAS,PHI,57,-0.24601,0.36842,-0.24623,43,-0.24533
2017_01_PIT_CLE,2017,1,CLE,PIT,66,-0.05015,0.42424,0.07849,43,-0.29064
2017_01_PIT_CLE,2017,1,PIT,CLE,52,0.03798,0.38462,0.16025,37,-0.26362
2017_01_SEA_GB,2017,1,GB,SEA,70,-0.00787,0.44286,0.04704,52,-0.16648
2017_01_SEA_GB,2017,1,SEA,GB,49,-0.24262,0.40816,-0.21273,33,-0.30426
2017_02_ARI_IND,2017,2,ARI,IND,64,-0.04219,0.39062,0.03341,40,-0.16818
2017_02_ARI_IND,2017,2,IND,ARI,71,-0.16113,0.3662,-0.15082,44,-0.17793
2017_02_BUF_CAR,2017,2,BUF,CAR,54,-0.26435,0.33333,-0.14286,37,-0.52877
2017_02_BUF_CAR,2017,2,CAR,BUF,68,-0.11235,0.39706,0.0396,43,-0.37371
2017_02_CHI_TB,2017,2,CHI,TB,26,-0.5582,0.38462,-0.62266,14,-0.48299
2017_02_CHI_TB,2017,2,TB,CHI,27,0.16452,0.48148,0.47195,15,-0.21977
2017_02_CLE_BAL,2017,2,BAL,CLE,52,0.07839,0.44231,0.10469,32,0.0363
2017_02_CLE_BAL,2017,2,CLE,BAL,57,-0.18003,0.31579,-0.19908,40,-0.13521
2017_02_DAL_DEN,2017,2,DAL,DEN,27,-0.36092,0.37037,-0.35445,23,-0.39813
2017_02_DAL_DEN,2017,2,DEN,DAL,59,0.22471,0.57627,0.3781,35,0.00102
2017_02_DET_NYG,2017,2,DET,NYG,50,-0.07419,0.38,0.10894,29,-0.32708
2017_02_DET_NYG,2017,2,NYG,DET,40,-0.24827,0.3,-0.1612,26,-0.40997
2017_02_GB_ATL,2017,2,ATL,GB,35,0.36561,0.57143,0.42045,23,0.26049
2017_02_GB_ATL,2017,2,GB,ATL,36,-0.29971,0.41667,-0.36065,25,-0.16123
2017_02_HOU_CIN,2017,2,CIN,HOU,64,-0.30602,0.3125,-0.26242,40,-0.37868
2017_02_HOU_CIN,2017,2,HOU,CIN,63,-0.09436,0.42857,0.04467,35,-0.26814
2017_02_MIA_LAC,2017,2,LAC,MIA,58,0.1606,0.53448,0.24528,43,-0.08217
2017_02_MIA_LAC,2017,2,MIA,LAC,67,0.12912,0.41791,0.23035,36,0.01157
2017_02_MIN_PIT,2017,2,MIN,PIT,52,-0.1502,0.38462,-0.17167,31,-0.11851
2017_02_MIN_PIT,2017,2,PIT,MIN,58,0.09849,0.41379,0.26295,35,-0.15178
2017_02_NE_NO,2017,2,NE,NO,51,0.42493,0.52941,0.67469,33,-0.03294
2017_02_NE_NO,2017,2,NO,NE,45,-0.0612,0.42222,-0.01976,30,-0.14408
2017_02_NYJ_OAK,2017,2,LV,NYJ,40,0.38083,0.475,0.6049,21,0.13317
2017_02_NYJ_OAK,2017,2,NYJ,LV,40,0.10752,0.525,0.25344,21,-0.05376
2017_02_PHI_KC,2017,2,KC,PHI,49,0.1209,0.42857,0.14543,36,0.05295
2017_02_PHI_KC,2017,2,PHI,KC,59,0.03227,0.49153,0.11284,45,-0.22669
2017_02_SF_SEA,2017,2,SEA,SF,78,-0.04161,0.35897,0.01716,48,-0.13564
2017_02_SF_SEA,2017,2,SF,SEA,49,-0.25544,0.28571,-0.54858,29,0.16962
2017_02_TEN_JAX,2017,2,JAX,TEN,46,-0.49539,0.30435,-0.88026,23,-0.11052
2017_02_TEN_JAX,2017,2,TEN,JAX,44,-0.11045,0.36364,-0.2084,28,0.06096
2017_02_WAS_LA,2017,2,LA,WAS,50,-0.02021,0.4,0.09998,31,-0.21631
2017_02_WAS_LA,2017,2,WAS,LA,68,0.20914,0.47059,0.20714,32,0.21092
2017_03_ATL_DET,2017,3,ATL,DET,67,0.03257,0.52239,-0.07375,39,0.18066
2017_03_ATL_DET,2017,3,DET,ATL,70,-0.10981,0.38571,-0.05233,53,-0.28901
2017_03_BAL_JAX,2017,3,BAL,JAX,15,-1.05248,0.13333,-1.56031,9,-0.29074
2017_03_BAL_JAX,2017,3,JAX,BAL,36,0.28824,0.5,0.60767,21,-0.15896
2017_03_CIN_GB,2017,3,CIN,GB,60,0.07658,0.46667,0.24515,31,-0.10361
2017_03_CIN_GB,2017,3,GB,CIN,70,-0.01951,0.45714,0.02355,56,-0.19174
2017_03_CLE_IND,2017,3,CLE,IND,60,-0.10875,0.4,-0.1893,43,0.09499
2017_03_CLE_IND,2017,3,IND,CLE,45,0.31622,0.42222,0.69478,25,-0.15699
2017_03_DAL_ARI,2017,3,ARI,DAL,69,0.01493,0.4058,0.07843,47,-0.12073
2017_03_DAL_ARI,2017,3,DAL,ARI,43,0.16804,0.4186,0.2281,21,0.11071
2017_03_DEN_BUF,2017,3,BUF,DEN,59,-0.05123,0.37288,0.13169,34,-0.29999
2017_03_DEN_BUF,2017,3,DEN,BUF,64,-0.04953,0.39062,-0.05386,43,-0.04065
2017_03_HOU_NE,2017,3,HOU,NE,71,0.11913,0.43662,0.23804,42,-0.05309
2017_03_HOU_NE,2017,3,NE,HOU,64,0.09658,0.4375,0.28412,45,-0.34761
2017_03_KC_LAC,2017,3,KC,LAC,52,-0.09367,0.44231,-0.17054,29,0.00326
2017_03_KC_LAC,2017,3,LAC,KC,64,-0.11411,0.40625,-0.16251,38,-0.04338
2017_03_LA_SF,2017,3,LA,SF,60,0.43432,0.55,0.88427,32,-0.07991
2017_03_LA_SF,2017,3,SF,LA,74,-0.0023,0.40541,0.07217,41,-0.09483
2017_03_MIA_NYJ,2017,3,MIA,NYJ,31,-0.51077,0.22581,-0.44702,19,-0.61171
2017_03_MIA_NYJ,2017,3,NYJ,MIA,40,0.10487,0.425,0.41433,21,-0.23715
2017_03_NO_CAR,2017,3,CAR,NO,45,-0.14587,0.46667,-0.43174,27,0.28295
2017_03_NO_CAR,2017,3,NO,CAR,45,0.36446,0.51111,0.48584,28,0.16453
2017_03_NYG_PHI,2017,3,NYG,PHI,70,0.04373,0.5,0.19802,53,-0.43728
2017_03_NYG_PHI,2017,3,PHI,NYG,73,0.06847,0.49315,-0.02011,38,0.16463
2017_03_OAK_WAS,2017,3,LV,WAS,20,-0.69938,0.2,-0.96958,12,-0.29408
2017_03_OAK_WAS,2017,3,WAS,LV,47,0.33378,0.42553,0.72376,28,-0.24094
2017_03_PIT_CHI,2017,3,CHI,PIT,65,-0.11042,0.38462,-0.28535,28,0.02196
2017_03_PIT_CHI,2017,3,PIT,CHI,64,-0.03349,0.5,-0.03085,46,-0.04025
2017_03_SEA_TEN,2017,3,SEA,TEN,50,-0.0352,0.34,0.04347,35,-0.21879
2017_03_SEA_TEN,2017,3,TEN,SEA,64,0.17632,0.46875,0.2074,36,0.13636
2017_03_TB_MIN,2017,3,MIN,TB,41,0.29002,0.4878,0.56438,25,-0.13866
2017_03_TB_MIN,2017,3,TB,MIN,30,-0.35527,0.4,-0.39179,24,-0.20919
2017_04_BUF_ATL,2017,4,ATL,BUF,76,-0.10015,0.43421,-0.17353,47,0.01878
2017_04_BUF_ATL,2017,4,BUF,ATL,58,0.02987,0.43103,0.23406,26,-0.13603
2017_04_CAR_NE,2017,4,CAR,NE,63,0.3374,0.52381,0.62684,36,-0.04853
2017_04_CAR_NE,2017,4,NE,CAR,69,0.14017,0.56522,0.13653,50,0.14977
2017_04_CHI_GB,2017,4,CHI,GB,39,-0.2585,0.30769,-0.07519,23,-0.52201
2017_04_CHI_GB,2017,4,GB,CHI,36,0.20947,0.52778,0.31082,19,0.0962
2017_04_CIN_CLE,2017,4,CIN,CLE,33,0.3076,0.54545,0.56611,23,-0.28697
2017_04_CIN_CLE,2017,4,CLE,CIN,30,-0.32118,0.3,-0.31384,20,-0.33587
2017_04_DET_MIN,2017,4,DET,MIN,66,-0.10161,0.37879,-0.06106,38,-0.15665
2017_04_DET_MIN,2017,4,MIN,DET,56,-0.29517,0.39286,-0.15871,34,-0.50607
2017_04_IND_SEA,2017,4,IND,SEA,51,-0.22127,0.33333,-0.30106,32,-0.08687
2017_04_IND_SEA,2017,4,SEA,IND,49,0.09107,0.46939,-0.01276,31,0.26989
2017_04_JAX_NYJ,2017,4,JAX,NYJ,77,-0.11724,0.42857,-0.19972,41,-0.0233
2017_04_JAX_NYJ,2017,4,NYJ,JAX,70,-0.12951,0.38571,-0.07355,38,-0.19597
2017_04_LA_DAL,2017,4,DAL,LA,70,0.17725,0.37143,0.15267,45,0.2215
2017_04_LA_DAL,2017,4,LA,DAL,68,0.17745,0.51471,0.22709,38,0.11456
2017_04_NO_MIA,2017,4,MIA,NO,41,-0.27982,0.39024,-0.28523,24,-0.27219
2017_04_NO_MIA,2017,4,NO,MIA,57,0.10067,0.4386,0.21773,36,-0.10002
2017_04_NYG_TB,2017,4,NYG,TB,80,0.0488,0.4375,0.18069,54,-0.22512
2017_04_NYG_TB,2017,4,TB,NYG,62,0.08649,0.43548,0.15617,43,-0.07123
2017_04_OAK_DEN,2017,4,DEN,LV,61,-0.03352,0.37705,0.05418,32,-0.13029
2017_04_OAK_DEN,2017,4,LV,DEN,55,-0.27334,0.29091,-0.0684,39,-0.77288
2017_04_PHI_LAC,2017,4,LAC,PHI,57,0.23242,0.45614,0.31575,44,-0.04964
2017_04_PHI_LAC,2017,4,PHI,LAC,77,0.25543,0.48052,0.41629,37,0.10664
2017_04_PIT_BAL,2017,4,BAL,PIT,53,-0.34655,0.41509,-0.30367,37,-0.4457
2017_04_PIT_BAL,2017,4,PIT,BAL,68,0.00268,0.38235,0.06869,32,-0.056
2017_04_SF_ARI,2017,4,ARI,SF,85,-0.08824,0.42353,0.00525,62,-0.34028
2017_04_SF_ARI,2017,4,SF,ARI,84,-0.11528,0.35714,-0.12093,57,-0.10333
2017_04_TEN_HOU,2017,4,HOU,TEN,50,0.49126,0.58,0.85419,26,0.09809
2017_04_TEN_HOU,2017,4,TEN,HOU,22,0.10235,0.59091,-0.11156,10,0.28062
2017_04_WAS_KC,2017,4,KC,WAS,74,0.20468,0.51351,0.21811,46,0.18261
2017_04_WAS_KC,2017,4,WAS,KC,49,0.06988,0.5102,0.23085,27,-0.12768
2017_05_ARI_PHI,2017,5,ARI,PHI,33,-0.06678,0.33333,-0.03538,21,-0.12172
2017_05_ARI_PHI,2017,5,PHI,ARI,44,0.31219,0.38636,0.5981,28,-0.18814
2017_05_BAL_OAK,2017,5,BAL,LV,54,0.22538,0.48148,0.34584,27,0.10492
2017_05_BAL_OAK,2017,5,LV,BAL,51,-0.11387,0.45098,-0.16145,26,-0.06438
2017_05_BUF_CIN,2017,5,BUF,CIN,70,-0.1511,0.3,-0.14529,46,-0.16223
2017_05_BUF_CIN,2017,5,CIN,BUF,62,-0.01238,0.3871,0.0759,39,-0.16208
2017_05_CAR_DET,2017,5,CAR,DET,50,0.18304,0.4,0.52085,31,-0.36812
2017_05_CAR_DET,2017,5,DET,CAR,47,-0.12884,0.46809,-0.20028,32,0.02356
2017_05_GB_DAL,2017,5,DAL,GB,74,0.16892,0.47297,0.23749,41,0.08374
2017_05_GB_DAL,2017,5,GB,DAL,60,0.35185,0.6,0.35216,39,0.35128
2017_05_JAX_PIT,2017,5,JAX,PIT,42,0.00673,0.35714,-0.02268,17,0.02672
2017_05_JAX_PIT,2017,5,PIT,JAX,63,-0.27234,0.4127,-0.33772,47,-0.08027
2017_05_KC_HOU,2017,5,HOU,KC,47,0.03418,0.44681,0.18887,26,-0.15734
2017_05_KC_HOU,2017,5,KC,HOU,69,0.29024,0.46377,0.60527,45,-0.30043
2017_05_LAC_NYG,2017,5,LAC,NYG,76,0.04828,0.42105,0.11013,49,-0.06397
2017_05_LAC_NYG,2017,5,NYG,LAC,69,-0.09281,0.46377,-0.23245,44,0.15294
2017_05_MIN_CHI,2017,5,CHI,MIN,62,-0.11053,0.33871,-0.13263,33,-0.08539
2017_05_MIN_CHI,2017,5,MIN,CHI,70,-0.01927,0.37143,-0.01037,39,-0.03048
2017_05_NE_TB,2017,5,NE,TB,73,0.01213,0.49315,0.07239,49,-0.11089
2017_05_NE_TB,2017,5,TB,NE,71,-0.00221,0.47887,0.04291,52,-0.12569
2017_05_NYJ_CLE,2017,5,CLE,NYJ,71,-0.15862,0.4507,-0.05348,40,-0.29428
2017_05_NYJ_CLE,2017,5,NYJ,CLE,46,-0.06445,0.43478,0.07147,32,-0.37512
2017_05_SEA_LA,2017,5,LA,SEA,73,-0.18598,0.35616,-0.09445,52,-0.41263
2017_05_SEA_LA,2017,5,SEA,LA,66,-0.23597,0.36364,-0.21965,45,-0.27093
2017_05_SF_IND,2017,5,IND,SF,74,0.01171,0.44595,-0.01247,45,0.04922
2017_05_SF_IND,2017,5,SF,IND,70,0.04707,0.4,0.27403,47,-0.41672
2017_05_TEN_MIA,2017,5,MIA,TEN,55,-0.38122,0.29091,-0.42265,29,-0.335
2017_05_TEN_MIA,2017,5,TEN,MIA,57,-0.42808,0.29825,-0.45496,37,-0.37834
2017_06_CHI_BAL,2017,6,BAL,CHI,73,-0.43584,0.34247,-0.68433,48,0.04126
2017_06_CHI_BAL,2017,6,CHI,BAL,76,-0.09565,0.43421,0.10945,26,-0.2023
2017_06_CLE_HOU,2017,6,CLE,HOU,37,-0.47236,0.35135,-0.69236,26,0.04764
2017_06_CLE_HOU,2017,6,HOU,CLE,28,0.31309,0.5,0.41997,15,0.18978
2017_06_DET_NO,2017,6,DET,NO,45,-0.43324,0.33333,-0.49621,32,-0.27824
2017_06_DET_NO,2017,6,NO,DET,38,0.16283,0.47368,0.11752,17,0.19951
2017_06_GB_MIN,2017,6,GB,MIN,42,-0.45708,0.28571,-0.42295,23,-0.49839
2017_06_GB_MIN,2017,6,MIN,GB,70,-0.08726,0.4,0.14595,42,-0.43708
2017_06_IND_TEN,2017,6,IND,TEN,55,-0.08376,0.41818,-0.11111,39,-0.0171
2017_06_IND_TEN,2017,6,TEN,IND,64,0.0422,0.5,0.15565,36,-0.10367
2017_06_LAC_OAK,2017,6,LAC,LV,63,0.02914,0.39683,0.0793,37,-0.04224
2017_06_LAC_OAK,2017,6,LV,LAC,58,-0.12349,0.44828,-0.21766,35,0.01982
2017_06_LA_JAX,2017,6,JAX,LA,62,-0.10994,0.35484,-0.21179,37,0.04079
2017_06_LA_JAX,2017,6,LA,JAX,53,-0.17063,0.49057,-0.32576,26,-0.02125
2017_06_MIA_ATL,2017,6,ATL,MIA,57,0.02545,0.47368,0.12703,38,-0.17771
2017_06_MIA_ATL,2017,6,MIA,ATL,66,0.06925,0.40909,0.16206,36,-0.04213
2017_06_NE_NYJ,2017,6,NE,NYJ,67,0.15171,0.44776,0.32216,42,-0.13466
2017_06_NE_NYJ,2017,6,NYJ,NE,72,-0.02549,0.43056,0.05835,51,-0.22909
2017_06_NYG_DEN,2017,6,DEN,NYG,57,-0.30578,0.26316,-0.29903,43,-0.32654
2017_06_NYG_DEN,2017,6,NYG,DEN,38,0.07482,0.36842,0.13941,19,0.01024
2017_06_PHI_CAR,2017,6,CAR,PHI,82,-0.13797,0.41463,-0.12145,60,-0.18302
2017_06_PHI_CAR,2017,6,PHI,CAR,60,-0.01814,0.43333,-0.04942,36,0.02879
2017_06_PIT_KC,2017,6,KC,PIT,54,-0.15555,0.27778,-0.01983,41,-0.58359
2017_06_PIT_KC,2017,6,PIT,KC,62,0.18802,0.53226,0.15356,27,0.21461
2017_06_SF_WAS,2017,6,SF,WAS,70,0.05135,0.41429,0.00793,51,0.1679
2017_06_SF_WAS,2017,6,WAS,SF,73,0.0412,0.47945,0.34239,42,-0.36688
2017_06_TB_ARI,2017,6,ARI,TB,25,0.90335,0.84,1.44812,13,0.31319
2017_06_TB_ARI,2017,6,TB,ARI,16,-0.26265,0.25,-0.15092,11,-0.50845
2017_07_ARI_LA,2017,7,ARI,LA,33,-0.25827,0.33333,-0.26839,24,-0.23128
2017_07_ARI_LA,2017,7,LA,ARI,35,0.25022,0.48571,0.10535,23,0.52788
2017_07_ATL_NE,2017,7,ATL,NE,36,-0.09239,0.33333,-0.05176,22,-0.15624
2017_07_ATL_NE,2017,7,NE,ATL,48,0.26112,0.54167,0.43563,27,0.03675
2017_07_BAL_MIN,2017,7,BAL,MIN,50,-0.3529,0.32,-0.42988,30,-0.23743
2017_07_BAL_MIN,2017,7,MIN,BAL,55,-0.09595,0.43636,-0.10428,31,-0.08518
2017_07_CAR_CHI,2017,7,CAR,CHI,63,-0.33656,0.36508,-0.09602,38,-0.70219
2017_07_CAR_CHI,2017,7,CHI,CAR,21,-0.27496,0.28571,-0.0477,9,-0.44541
2017_07_CIN_PIT,2017,7,CIN,PIT,45,-0.09884,0.37778,-0.14631,31,0.00628
2017_07_CIN_PIT,2017,7,PIT,CIN,54,0.19521,0.48148,0.74887,23,-0.21557
2017_07_DAL_SF,2017,7,DAL,SF,41,0.39183,0.4878,0.5355,23,0.20826
2017_07_DAL_SF,2017,7,SF,DAL,40,-0.19088,0.45,-0.37527,24,0.08571
2017_07_DEN_LAC,2017,7,DEN,LAC,52,-0.37356,0.26923,-0.47151,35,-0.17188
2017_07_DEN_LAC,2017,7,LAC,DEN,41,-0.27145,0.26829,-0.15952,27,-0.4873
2017_07_JAX_IND,2017,7,IND,JAX,31,-0.33852,0.32258,-0.36832,20,-0.28433
2017_07_JAX_IND,2017,7,JAX,IND,43,0.4015,0.55814,0.5983,24,0.15291
2017_07_KC_OAK,2017,7,KC,LV,62,0.31785,0.5,0.59454,38,-0.12025
2017_07_KC_OAK,2017,7,LV,KC,82,0.27794,0.45122,0.42309,61,-0.14369
2017_07_NO_GB,2017,7,GB,NO,55,0.07423,0.41818,0.01195,33,0.16764
2017_07_NO_GB,2017,7,NO,GB,69,0.24841,0.44928,0.36565,39,0.09599
2017_07_NYJ_MIA,2017,7,MIA,NYJ,73,-0.0084,0.42466,0.18147,46,-0.3319
2017_07_NYJ_MIA,2017,7,NYJ,MIA,52,0.04872,0.36538,0.16935,30,-0.11578
2017_07_SEA_NYG,2017,7,NYG,SEA,47,-0.3154,0.25532,-0.45329,30,-0.07207
2017_07_SEA_NYG,2017,7,SEA,NYG,63,-0.00986,0.44444,0.22442,41,-0.44646
2017_07_TB_BUF,2017,7,BUF,TB,68,0.13749,0.39706,0.35089,38,-0.13281
2017_07_TB_BUF,2017,7,TB,BUF,72,0.09907,0.44444,0.32833,46,-0.30653
2017_07_TEN_CLE,2017,7,CLE,TEN,72,-0.25986,0.36111,-0.25114,46,-0.27527
2017_07_TEN_CLE,2017,7,TEN,CLE,72,-0.16539,0.38889,-0.02706,38,-0.32
2017_07_WAS_PHI,2017,7,PHI,WAS,56,0.25571,0.44643,0.50455,36,-0.19219
2017_07_WAS_PHI,2017,7,WAS,PHI,43,0.13923,0.46512,0.27338,29,-0.13866
2017_08_ATL_NYJ,2017,8,ATL,NYJ,66,-0.02478,0.39394,0.36914,34,-0.44331
2017_08_ATL_NYJ,2017,8,NYJ,ATL,60,-0.05552,0.35,0.18415,37,-0.44108
2017_08_CAR_TB,2017,8,CAR,TB,57,-0.07757,0.40351,-0.08351,34,-0.06878
2017_08_CAR_TB,2017,8,TB,CAR,58,-0.29038,0.32759,-0.38923,37,-0.1162
2017_08_CHI_NO,2017,8,CHI,NO,65,-0.19737,0.33846,-0.27749,36,-0.09791
2017_08_CHI_NO,2017,8,NO,CHI,49,0.02124,0.40816,0.1371,29,-0.14675
2017_08_DAL_WAS,2017,8,DAL,WAS,64,0.01475,0.4375,-0.03184,27,0.04875
2017_08_DAL_WAS,2017,8,WAS,DAL,50,-0.06575,0.38,-0.0498,37,-0.11115
2017_08_DEN_KC,2017,8,DEN,KC,55,-0.24983,0.4,-0.33374,27,-0.16891
2017_08_DEN_KC,2017,8,KC,DEN,52,-0.15066,0.36538,-0.13543,34,-0.17943
2017_08_HOU_SEA,2017,8,HOU,SEA,71,0.17978,0.4507,0.39245,40,-0.09462
2017_08_HOU_SEA,2017,8,SEA,HOU,67,0.17209,0.43284,0.42339,50,-0.567
2017_08_IND_CIN,2017,8,CIN,IND,54,0.0023,0.40741,0.16397,35,-0.29552
2017_08_IND_CIN,2017,8,IND,CIN,74,-0.06275,0.39189,-0.12028,47,0.03739
2017_08_LAC_NE,2017,8,LAC,NE,49,0.14709,0.4898,0.0534,28,0.272
2017_08_LAC_NE,2017,8,NE,LAC,82,0.08726,0.46341,0.25444,50,-0.17398
2017_08_MIA_BAL,2017,8,BAL,MIA,29,0.13526,0.44828,0.22336,16,0.02683
2017_08_MIA_BAL,2017,8,MIA,BAL,29,-0.3261,0.2069,-0.32689,19,-0.3246
2017_08_MIN_CLE,2017,8,CLE,MIN,42,-0.02197,0.40476,-0.15891,22,0.12866
2017_08_MIN_CLE,2017,8,MIN,CLE,75,0.1372,0.49333,0.31178,47,-0.15584
2017_08_OAK_BUF,2017,8,BUF,LV,47,0.02141,0.44681,0.1476,27,-0.14895
2017_08_OAK_BUF,2017,8,LV,BUF,42,-0.20315,0.38095,-0.25701,28,-0.09542
2017_08_PIT_DET,2017,8,DET,PIT,71,-0.08741,0.43662,0.07716,49,-0.45394
2017_08_PIT_DET,2017,8,PIT,DET,59,0.06889,0.33898,0.40743,33,-0.3608
2017_08_SF_PHI,2017,8,PHI,SF,42,-0.07367,0.45238,0.05305,27,-0.30176
2017_08_SF_PHI,2017,8,SF,PHI,34,-0.68373,0.32353,-0.796,23,-0.44899
2017_09_ARI_SF,2017,9,ARI,SF,68,0.00798,0.39706,0.16431,31,-0.12299
2017_09_ARI_SF,2017,9,SF,ARI,69,-0.2603,0.3913,-0.32441,54,-0.0295
2017_09_ATL_CAR,2017,9,ATL,CAR,58,-0.17047,0.41379,-0.07162,40,-0.39014
2017_09_ATL_CAR,2017,9,CAR,ATL,56,-0.01629,0.44643,0.1512,27,-0.17224
2017_09_BAL_TEN,2017,9,BAL,TEN,68,-0.10345,0.35294,-0.00727,47,-0.3187
2017_09_BAL_TEN,2017,9,TEN,BAL,50,-0.04333,0.46,0.01122,31,-0.13232
2017_09_BUF_NYJ,2017,9,BUF,NYJ,45,-0.17864,0.4,-0.07156,29,-0.37272
2017_09_BUF_NYJ,2017,9,NYJ,BUF,47,0.22725,0.44681,0.41167,25,0.01768
2017_09_CIN_JAX,2017,9,CIN,JAX,30,-0.10015,0.3,-0.08147,16,-0.1215
2017_09_CIN_JAX,2017,9,JAX,CIN,59,0.1467,0.50847,0.43283,33,-0.21646
2017_09_DEN_PHI,2017,9,DEN,PHI,33,-0.27029,0.36364,-0.19859,18,-0.35633
2017_09_DEN_PHI,2017,9,PHI,DEN,30,0.5432,0.56667,0.82696,18,0.11755
2017_09_DET_GB,2017,9,DET,GB,47,0.51867,0.53191,0.9789,27,-0.10265
2017_09_DET_GB,2017,9,GB,DET,40,-0.18501,0.45,-0.33614,28,0.16762
2017_09_IND_HOU,2017,9,HOU,IND,68,-0.15551,0.27941,-0.19082,47,-0.07649
2017_09_IND_HOU,2017,9,IND,HOU,65,-0.0075,0.44615,0.05958,39,-0.10813
2017_09_KC_DAL,2017,9,DAL,KC,61,0.27079,0.54098,0.41959,36,0.05651
2017_09_KC_DAL,2017,9,KC,DAL,50,0.09629,0.48,0.15015,34,-0.01816
2017_09_LA_NYG,2017,9,LA,NYG,36,0.55154,0.41667,0.86242,21,0.11629
2017_09_LA_NYG,2017,9,NYG,LA,45,-0.13065,0.42222,-0.0666,29,-0.24675
2017_09_OAK_MIA,2017,9,LV,MIA,57,0.23318,0.4386,0.43017,33,-0.03769
2017_09_OAK_MIA,2017,9,MIA,LV,59,-0.04013,0.40678,0.18234,37,-0.41429
2017_09_TB_NO,2017,9,NO,TB,35,0.17355,0.57143,0.49857,21,-0.31398
2017_09_TB_NO,2017,9,TB,NO,32,-0.18489,0.34375,-0.16181,18,-0.21457
2017_09_WAS_SEA,2017,9,SEA,WAS,82,-0.07748,0.42683,-0.0727,61,-0.09138
2017_09_WAS_SEA,2017,9,WAS,SEA,63,-0.15894,0.33333,0.03721,39,-0.4777
2017_10_CIN_TEN,2017,10,CIN,TEN,50,-0.16465,0.38,-0.06223,36,-0.428
2017_10_CIN_TEN,2017,10,TEN,CIN,90,-0.03726,0.45556,-0.06527,56,0.00888
2017_10_CLE_DET,2017,10,CLE,DET,66,-0.06757,0.43939,-0.21481,37,0.12028
2017_10_CLE_DET,2017,10,DET,CLE,50,0.06268,0.44,0.166,33,-0.13788
2017_10_DAL_ATL,2017,10,ATL,DAL,49,0.22023,0.42857,0.44616,29,-0.10736
2017_10_DAL_ATL,2017,10,DAL,ATL,44,-0.07156,0.40909,-0.07145,30,-0.07181
2017_10_GB_CHI,2017,10,CHI,GB,59,-0.11219,0.32203,-0.02444,40,-0.29692
2017_10_GB_CHI,2017,10,GB,CHI,60,0.14143,0.51667,0.24139,29,0.04792
2017_10_HOU_LA,2017,10,HOU,LA,54,-0.19945,0.35185,-0.1978,34,-0.20227
2017_10_HOU_LA,2017,10,LA,HOU,49,-0.00996,0.34694,0.07286,37,-0.26533
2017_10_LAC_JAX,2017,10,JAX,LAC,85,-0.11156,0.32941,-0.11007,60,-0.11514
2017_10_LAC_JAX,2017,10,LAC,JAX,68,-0.11681,0.39706,0.02049,39,-0.30144
2017_10_MIA_CAR,2017,10,CAR,MIA,48,0.30963,0.52083,0.38144,30,0.18994
2017_10_MIA_CAR,2017,10,MIA,CAR,34,-0.21297,0.35294,-0.00299,23,-0.65202
2017_10_MIN_WAS,2017,10,MIN,WAS,48,0.57152,0.60417,1.03567,24,0.10736
2017_10_MIN_WAS,2017,10,WAS,MIN,62,0.04141,0.46774,0.12456,36,-0.07372
2017_10_NE_DEN,2017,10,DEN,NE,45,0.17449,0.4,0.45021,21,-0.06676
2017_10_NE_DEN,2017,10,NE,DEN,40,0.35296,0.675,0.58244,22,0.07249
2017_10_NO_BUF,2017,10,BUF,NO,27,-0.23365,0.33333,-0.32428,15,-0.12036
2017_10_NO_BUF,2017,10,NO,BUF,47,0.34254,0.55319,0.18104,28,0.58055
2017_10_NYG_SF,2017,10,NYG,SF,47,0.06148,0.44681,0.07897,25,0.04161
2017_10_NYG_SF,2017,10,SF,NYG,52,0.2008,0.42308,0.589,25,-0.15864
2017_10_NYJ_TB,2017,10,NYJ,TB,52,-0.36399,0.25,-0.34781,31,-0.38788
2017_10_NYJ_TB,2017,10,TB,NYJ,66,-0.08171,0.31818,0.02519,39,-0.23612
2017_10_PIT_IND,2017,10,IND,PIT,58,-0.11233,0.37931,-0.00185,31,-0.23916
2017_10_PIT_IND,2017,10,PIT,IND,66,0.01428,0.43939,0.16402,37,-0.17676
2017_10_SEA_ARI,2017,10,ARI,SEA,65,-0.26655,0.29231,-0.0491,43,-0.69156
2017_10_SEA_ARI,2017,10,SEA,ARI,56,0.01081,0.33929,0.13112,39,-0.26519
2017_11_ARI_HOU,2017,11,ARI,HOU,53,-0.19879,0.37736,-0.00687,36,-0.60519
2017_11_ARI_HOU,2017,11,HOU,ARI,64,0.07103,0.48438,0.09184,36,0.04428
2017_11_ATL_SEA,2017,11,ATL,SEA,54,0.25723,0.44444,0.63151,31,-0.24724
2017_11_ATL_SEA,2017,11,SEA,ATL,72,-0.02137,0.51389,-0.02752,55,-0.00146
2017_11_BAL_GB,2017,11,BAL,GB,39,-0.12465,0.4359,-0.04212,27,-0.31033
2017_11_BAL_GB,2017,11,GB,BAL,53,-0.41751,0.39623,-0.34823,34,-0.54149
2017_11_BUF_LAC,2017,11,BUF,LAC,20,-0.80716,0.4,-1.53747,12,0.2883
2017_11_BUF_LAC,2017,11,LAC,BUF,27,0.27409,0.55556,0.40332,16,0.08612
2017_11_CIN_DEN,2017,11,CIN,DEN,53,-0.02535,0.33962,0.24699,29,-0.35443
2017_11_CIN_DEN,2017,11,DEN,CIN,82,-0.1881,0.41463,-0.14553,51,-0.25814
2017_11_DET_CHI,2017,11,CHI,DET,63,0.08741,0.47619,0.13545,35,0.02737
2017_11_DET_CHI,2017,11,DET,CHI,62,0.11322,0.48387,0.27674,39,-0.16405
2017_11_JAX_CLE,2017,11,CLE,JAX,48,-0.68257,0.27083,-0.90647,33,-0.19
2017_11_JAX_CLE,2017,11,JAX,CLE,73,-0.188,0.30137,-0.16735,33,-0.20503
2017_11_KC_NYG,2017,11,KC,NYG,75,-0.14399,0.4,-0.18704,49,-0.06286
2017_11_KC_NYG,2017,11,NYG,KC,69,-0.06955,0.4058,-0.04537,39,-0.10098
2017_11_LA_MIN,2017,11,LA,MIN,44,-0.17821,0.40909,-0.14431,29,-0.24377
2017_11_LA_MIN,2017,11,MIN,LA,65,0.22715,0.49231,0.34101,42,0.01924
2017_11_NE_OAK,2017,11,LV,NE,30,-0.08533,0.53333,-0.56049,15,0.38983
2017_11_NE_OAK,2017,11,NE,LV,38,0.49554,0.60526,0.68431,29,-0.11271
2017_11_PHI_DAL,2017,11,DAL,PHI,48,-0.33886,0.3125,-0.71012,24,0.03241
2017_11_PHI_DAL,2017,11,PHI,DAL,46,0.25561,0.47826,0.15339,25,0.37729
2017_11_TB_MIA,2017,11,MIA,TB,64,-0.09051,0.32812,0.04505,45,-0.41159
2017_11_TB_MIA,2017,11,TB,MIA,66,-0.00397,0.34848,0.13674,44,-0.28538
2017_11_TEN_PIT,2017,11,PIT,TEN,58,0.11378,0.51724,0.17407,48,-0.17562
2017_11_TEN_PIT,2017,11,TEN,PIT,45,0.04718,0.48889,0.15107,27,-0.10865
2017_11_WAS_NO,2017,11,NO,WAS,58,0.12446,0.46552,0.06793,35,0.21048
2017_11_WAS_NO,2017,11,WAS,NO,64,0.26273,0.40625,0.37876,38,0.09315
2017_12_BUF_KC,2017,12,BUF,KC,67,-0.10642,0.37313,0.11315,34,-0.33264
2017_12_BUF_KC,2017,12,KC,BUF,57,-0.29584,0.38596,-0.23603,42,-0.46329
2017_12_CAR_NYJ,2017,12,CAR,NYJ,69,0.02185,0.30435,0.06698,36,-0.02739
2017_12_CAR_NYJ,2017,12,NYJ,CAR,64,-0.10873,0.4375,-0.0739,40,-0.16679
2017_12_CHI_PHI,2017,12,CHI,PHI,18,-0.58055,0.16667,-0.36077,9,-0.80034
2017_12_CHI_PHI,2017,12,PHI,CHI,39,0.14752,0.48718,0.31653,24,-0.12289
2017_12_CLE_CIN,2017,12,CIN,CLE,47,0.30991,0.59574,0.42525,27,0.15421
2017_12_CLE_CIN,2017,12,CLE,CIN,56,0.02041,0.41071,0.00145,32,0.04568
2017_12_DEN_OAK,2017,12,DEN,LV,30,-0.59557,0.13333,-0.85113,18,-0.21222
2017_12_DEN_OAK,2017,12,LV,DEN,48,0.0834,0.52083,0.26456,21,-0.0575
2017_12_GB_PIT,2017,12,GB,PIT,55,0.21488,0.43636,0.40212,32,-0.04563
2017_12_GB_PIT,2017,12,PIT,GB,74,0.1322,0.5,0.31223,52,-0.29332
2017_12_HOU_BAL,2017,12,BAL,HOU,64,-0.05489,0.35938,-0.09912,39,0.0141
2017_12_HOU_BAL,2017,12,HOU,BAL,68,-0.06318,0.39706,0.0387,42,-0.22775
2017_12_JAX_ARI,2017,12,ARI,JAX,72,-0.09446,0.38889,-0.04696,46,-0.1785
2017_12_JAX_ARI,2017,12,JAX,ARI,62,-0.14781,0.45161,-0.11173,40,-0.21341
2017_12_LAC_DAL,2017,12,DAL,LAC,44,-0.36782,0.45455,-0.72339,23,0.0216
2017_12_LAC_DAL,2017,12,LAC,DAL,54,0.4862,0.51852,0.94399,33,-0.2332
2017_12_MIA_NE,2017,12,MIA,NE,41,-0.24903,0.41463,-0.13869,25,-0.42143
2017_12_MIA_NE,2017,12,NE,MIA,45,0.32152,0.53333,0.47342,26,0.11365
2017_12_MIN_DET,2017,12,DET,MIN,59,-0.11299,0.35593,0.05273,43,-0.55836
2017_12_MIN_DET,2017,12,MIN,DET,68,0.2401,0.44118,0.52582,36,-0.08134
2017_12_NO_LA,2017,12,LA,NO,61,0.15087,0.44262,0.24563,45,-0.11562
2017_12_NO_LA,2017,12,NO,LA,50,-0.06829,0.38,-0.22964,34,0.27458
2017_12_NYG_WAS,2017,12,NYG,WAS,54,-0.38645,0.25926,-0.60385,31,-0.09343
2017_12_NYG_WAS,2017,12,WAS,NYG,66,-0.13375,0.43939,-0.16048,40,-0.09262
2017_12_SEA_SF,2017,12,SEA,SF,55,0.07998,0.45455,0.20159,35,-0.13284
2017_12_SEA_SF,2017,12,SF,SEA,52,-0.33647,0.30769,-0.48981,31,-0.1101
2017_12_TB_ATL,2017,12,ATL,TB,55,0.22285,0.50909,0.63036,33,-0.3884
2017_12_TB_ATL,2017,12,TB,ATL,60,0.05776,0.46667,0.09323,39,-0.0081
2017_12_TEN_IND,2017,12,IND,TEN,63,-0.17821,0.36508,-0.09587,40,-0.32141
2017_12_TEN_IND,2017,12,TEN,IND,55,-0.01202,0.43636,-0.04027,28,0.01728
2017_13_CAR_NO,2017,13,CAR,NO,53,-0.14992,0.37736,-0.19053,32,-0.08803
2017_13_CAR_NO,2017,13,NO,CAR,46,0.28138,0.47826,0.06812,30,0.68125
2017_13_CLE_LAC,2017,13,CLE,LAC,61,-0.01385,0.40984,0.09024,40,-0.21212
2017_13_CLE_LAC,2017,13,LAC,CLE,63,0.18727,0.50794,0.34114,44,-0.16907
2017_13_DEN_MIA,2017,13,DEN,MIA,45,-0.43471,0.33333,-0.61173,31,-0.04273
2017_13_DEN_MIA,2017,13,MIA,DEN,42,0.06938,0.42857,0.13193,25,-0.02262
2017_13_DET_BAL,2017,13,BAL,DET,58,0.09991,0.5,0.16448,36,-0.00575
2017_13_DET_BAL,2017,13,DET,BAL,52,0.02512,0.40385,0.1891,33,-0.25968
2017_13_HOU_TEN,2017,13,HOU,TEN,75,0.09571,0.44,0.25207,53,-0.28098
2017_13_HOU_TEN,2017,13,TEN,HOU,51,0.16447,0.47059,0.22094,32,0.06936
2017_13_IND_JAX,2017,13,IND,JAX,34,-0.1176,0.52941,-0.34848,17,0.11329
2017_13_IND_JAX,2017,13,JAX,IND,46,0.38092,0.47826,0.70035,32,-0.3492
2017_13_KC_NYJ,2017,13,KC,NYJ,46,0.46782,0.47826,0.60577,36,-0.02882
2017_13_KC_NYJ,2017,13,NYJ,KC,89,0.23455,0.46067,0.60422,41,-0.08121
2017_13_LA_ARI,2017,13,ARI,LA,54,-0.21906,0.38889,-0.40347,34,0.09443
2017_13_LA_ARI,2017,13,LA,ARI,49,-0.01416,0.40816,0.09632,30,-0.18861
2017_13_MIN_ATL,2017,13,ATL,MIN,53,-0.05788,0.35849,-0.00233,32,-0.14254
2017_13_MIN_ATL,2017,13,MIN,ATL,63,0.04051,0.49206,0.1572,34,-0.09631
2017_13_NE_BUF,2017,13,BUF,NE,38,-0.1628,0.39474,-0.44447,21,0.18514
2017_13_NE_BUF,2017,13,NE,BUF,48,0.25213,0.5,0.23648,25,0.26913
2017_13_NYG_OAK,2017,13,LV,NYG,62,-0.02008,0.3871,0.1901,37,-0.33113
2017_13_NYG_OAK,2017,13,NYG,LV,55,-0.19204,0.41818,-0.2173,34,-0.15113
2017_13_PHI_SEA,2017,13,PHI,SEA,60,-0.08194,0.46667,0.04112,35,-0.25422
2017_13_PHI_SEA,2017,13,SEA,PHI,50,0.31215,0.44,0.53151,34,-0.15398
2017_13_PIT_CIN,2017,13,CIN,PIT,64,0.09413,0.45312,0.10345,40,0.0786
2017_13_PIT_CIN,2017,13,PIT,CIN,66,0.17028,0.48485,0.17138,44,0.16809
2017_13_SF_CHI,2017,13,CHI,SF,37,-0.12345,0.2973,0.00728,21,-0.29504
2017_13_SF_CHI,2017,13,SF,CHI,74,0.07061,0.47297,0.28854,40,-0.18579
2017_13_TB_GB,2017,13,GB,TB,54,0.00779,0.44444,-0.28065,29,0.34237
2017_13_TB_GB,2017,13,TB,GB,76,-0.01213,0.44737,-0.02706,43,0.00732
2017_13_WAS_DAL,2017,13,DAL,WAS,55,-0.00871,0.4,-0.04084,27,0.02227
2017_13_WAS_DAL,2017,13,WAS,DAL,43,-0.21069,0.34884,-0.22033,31,-0.1858
2017_14_BAL_PIT,2017,14,BAL,PIT,63,0.37149,0.53968,0.34127,37,0.4145
2017_14_BAL_PIT,2017,14,PIT,BAL,87,0.25262,0.54023,0.29616,71,0.05942
2017_14_CHI_CIN,2017,14,CHI,CIN,58,0.29714,0.55172,0.22234,34,0.40311
2017_14_CHI_CIN,2017,14,CIN,CHI,31,-0.23597,0.25806,-0.43984,19,0.08682
2017_14_DAL_NYG,2017,14,DAL,NYG,57,0.29281,0.49123,0.54836,34,-0.08497
2017_14_DAL_NYG,2017,14,NYG,DAL,69,-0.04338,0.47826,-0.08034,38,0.00194
2017_14_DET_TB,2017,14,DET,TB,68,0.06735,0.48529,0.21283,49,-0.30784
2017_14_DET_TB,2017,14,TB,DET,70,-0.01285,0.51429,-0.0066,44,-0.02344
2017_14_GB_CLE,2017,14,CLE,GB,57,0.14209,0.42105,0.25314,32,-4e-05
2017_14_GB_CLE,2017,14,GB,CLE,76,0.19734,0.51316,0.30511,53,-0.05099
2017_14_IND_BUF,2017,14,BUF,IND,64,-0.1714,0.29688,-0.26998,16,-0.13854
2017_14_IND_BUF,2017,14,IND,BUF,69,-0.13958,0.28986,-0.1279,26,-0.14664
2017_14_MIN_CAR,2017,14,CAR,MIN,58,0.11007,0.43103,-0.03036,26,0.22417
2017_14_MIN_CAR,2017,14,MIN,CAR,73,-0.0393,0.47945,-0.00951,57,-0.14544
2017_14_NE_MIA,2017,14,MIA,NE,57,0.15862,0.45614,0.26202,36,-0.01865
2017_14_NE_MIA,2017,14,NE,MIA,48,-0.18975,0.35417,-0.19742,39,-0.15651
2017_14_NO_ATL,2017,14,ATL,NO,72,-0.01059,0.54167,0.0097,36,-0.03087
2017_14_NO_ATL,2017,14,NO,ATL,52,0.02526,0.5,0.03732,37,-0.00448
2017_14_NYJ_DEN,2017,14,DEN,NYJ,45,0.08493,0.33333,0.28759,27,-0.21906
2017_14_NYJ_DEN,2017,14,NYJ,DEN,25,-0.5775,0.28,-0.82809,14,-0.25857
2017_14_OAK_KC,2017,14,KC,LV,49,0.20294,0.4898,0.22539,35,0.14683
2017_14_OAK_KC,2017,14,LV,KC,23,-0.43082,0.30435,-0.68931,14,-0.02872
2017_14_PHI_LA,2017,14,LA,PHI,47,-0.00362,0.53191,-0.15563,31,0.29091
2017_14_PHI_LA,2017,14,PHI,LA,91,0.17468,0.40659,0.29856,61,-0.07722
2017_14_SEA_JAX,2017,14,JAX,SEA,42,0.23062,0.38095,0.28066,24,0.1639
2017_14_SEA_JAX,2017,14,SEA,JAX,59,-0.18433,0.40678,-0.31482,37,0.03514
2017_14_SF_HOU,2017,14,HOU,SF,61,-0.1786,0.44262,-0.10549,40,-0.31787
2017_14_SF_HOU,2017,14,SF,HOU,69,0.05418,0.37681,0.34598,38,-0.30352
2017_14_TEN_ARI,2017,14,ARI,TEN,63,-0.17072,0.39683,-0.19687,38,-0.13096
2017_14_TEN_ARI,2017,14,TEN,ARI,61,-0.33763,0.37705,-0.38203,38,-0.26426
2017_14_WAS_LAC,2017,14,LAC,WAS,46,0.25912,0.45652,0.38605,28,0.06168
2017_14_WAS_LAC,2017,14,WAS,LAC,31,-0.15474,0.41935,-0.02479,17,-0.31252
2017_15_ARI_WAS,2017,15,ARI,WAS,81,-0.23841,0.37037,-0.38878,50,0.00413
2017_15_ARI_WAS,2017,15,WAS,ARI,50,-0.14388,0.38,-0.00884,30,-0.34643
2017_15_ATL_TB,2017,15,ATL,TB,70,0.22405,0.48571,0.20952,38,0.24131
2017_15_ATL_TB,2017,15,TB,ATL,57,0.18451,0.52632,0.36846,42,-0.33057
2017_15_BAL_CLE,2017,15,BAL,CLE,53,0.05547,0.50943,0.18514,33,-0.15847
2017_15_BAL_CLE,2017,15,CLE,BAL,49,-0.3782,0.32653,-0.52387,34,-0.04801
2017_15_CHI_DET,2017,15,CHI,DET,36,-0.43249,0.33333,-0.5182,21,-0.31249
2017_15_CHI_DET,2017,15,DET,CHI,49,0.11289,0.38776,0.21662,34,-0.12225
2017_15_CIN_MIN,2017,15,CIN,MIN,17,-1.11772,0.17647,-1.22111,10,-0.97003
2017_15_CIN_MIN,2017,15,MIN,CIN,29,0.12608,0.37931,0.31411,19,-0.23118
2017_15_DAL_OAK,2017,15,DAL,LV,65,0.072,0.47692,0.02346,37,0.13615
2017_15_DAL_OAK,2017,15,LV,DAL,66,0.06841,0.45455,0.16218,45,-0.13254
2017_15_DEN_IND,2017,15,DEN,IND,65,0.29894,0.47692,0.53735,34,0.03746
2017_15_DEN_IND,2017,15,IND,DEN,46,-0.00892,0.41304,0.07955,29,-0.15983
2017_15_GB_CAR,2017,15,CAR,GB,65,0.2169,0.47692,0.44451,37,-0.08387
2017_15_GB_CAR,2017,15,GB,CAR,54,-0.06411,0.44444,-0.18678,42,0.36525
2017_15_HOU_JAX,2017,15,HOU,JAX,22,-0.46605,0.27273,-0.84516,12,-0.01111
2017_15_HOU_JAX,2017,15,JAX,HOU,29,0.45576,0.55172,0.95468,16,-0.1583
2017_15_LAC_KC,2017,15,KC,LAC,55,0.12095,0.50909,0.09843,34,0.15742
2017_15_LAC_KC,2017,15,LAC,KC,50,-0.05161,0.5,-0.17256,35,0.2306
2017_15_LA_SEA,2017,15,LA,SEA,26,0.1223,0.53846,-0.06759,13,0.31219
2017_15_LA_SEA,2017,15,SEA,LA,22,-0.90968,0.13636,-1.11235,16,-0.36922
2017_15_MIA_BUF,2017,15,BUF,MIA,40,0.23486,0.5,0.26906,26,0.17133
2017_15_MIA_BUF,2017,15,MIA,BUF,41,-0.1878,0.41463,-0.31274,28,0.08131
2017_15_NE_PIT,2017,15,NE,PIT,57,0.27043,0.54386,0.25907,40,0.29715
2017_15_NE_PIT,2017,15,PIT,NE,66,0.13912,0.48485,0.34144,35,-0.0893
2017_15_NYJ_NO,2017,15,NO,NYJ,58,-0.07825,0.43103,-0.0325,35,-0.14788
2017_15_NYJ_NO,2017,15,NYJ,NO,61,-0.15438,0.37705,-0.28794,34,0.01382
2017_15_PHI_NYG,2017,15,NYG,PHI,87,0.10172,0.48276,0.18758,64,-0.13721
2017_15_PHI_NYG,2017,15,PHI,NYG,63,0.19309,0.42857,0.32974,40,-0.04456
2017_15_TEN_SF,2017,15,SF,TEN,69,0.13878,0.47826,0.34349,47,-0.29855
2017_15_TEN_SF,2017,15,TEN,SF,63,0.13774,0.44444,0.312,35,-0.08008
2017_16_ATL_NO,2017,16,ATL,NO,42,-0.29445,0.30952,0.02937,23,-0.68644
2017_16_ATL_NO,2017,16,NO,ATL,44,-0.09205,0.40909,-0.12618,22,-0.05792
2017_16_BUF_NE,2017,16,BUF,NE,55,-0.00187,0.41818,0.03892,34,-0.06789
2017_16_BUF_NE,2017,16,NE,BUF,59,0.19208,0.54237,0.24581,32,0.1284
2017_16_CLE_CHI,2017,16,CHI,CLE,45,0.18448,0.51111,0.21244,28,0.13843
2017_16_CLE_CHI,2017,16,CLE,CHI,39,-0.40842,0.35897,-0.66827,22,-0.07214
2017_16_DEN_WAS,2017,16,DEN,WAS,47,-0.24997,0.3617,-0.55959,26,0.13336
2017_16_DEN_WAS,2017,16,WAS,DEN,53,0.05485,0.41509,0.22259,35,-0.2713
2017_16_DET_CIN,2017,16,CIN,DET,82,0.06487,0.46341,0.06275,49,0.06803
2017_16_DET_CIN,2017,16,DET,CIN,55,0.04829,0.43636,0.00205,34,0.12317
2017_16_IND_BAL,2017,16,BAL,IND,70,0.15317,0.45714,0.27879,42,-0.03527
2017_16_IND_BAL,2017,16,IND,BAL,62,0.07658,0.45161,0.20229,40,-0.152
2017_16_JAX_SF,2017,16,JAX,SF,61,-0.06722,0.47541,-0.02377,37,-0.13419
2017_16_JAX_SF,2017,16,SF,JAX,56,0.22382,0.55357,0.46009,31,-0.06916
2017_16_LAC_NYJ,2017,16,LAC,NYJ,66,0.09061,0.37879,0.20796,41,-0.10184
2017_16_LAC_NYJ,2017,16,NYJ,LAC,63,-0.26121,0.33333,-0.31403,36,-0.19079
2017_16_LA_TEN,2017,16,LA,TEN,64,0.13375,0.46875,0.29969,43,-0.20604
2017_16_LA_TEN,2017,16,TEN,LA,68,-0.07192,0.36765,-0.02871,44,-0.15112
2017_16_MIA_KC,2017,16,KC,MIA,65,0.12009,0.41538,0.3173,41,-0.2168
2017_16_MIA_KC,2017,16,MIA,KC,42,-0.04652,0.45238,0.03342,26,-0.17642
2017_16_MIN_GB,2017,16,GB,MIN,52,-0.3653,0.28846,-0.43955,33,-0.23634
2017_16_MIN_GB,2017,16,MIN,GB,48,0.03911,0.39583,0.18714,25,-0.12178
2017_16_NYG_ARI,2017,16,ARI,NYG,48,0.04148,0.35417,0.17305,33,-0.24799
2017_16_NYG_ARI,2017,16,NYG,ARI,45,-0.28343,0.44444,-0.10937,30,-0.63154
2017_16_OAK_PHI,2017,16,LV,PHI,66,-0.46398,0.27273,-0.55774,35,-0.35813
2017_16_OAK_PHI,2017,16,PHI,LV,66,-0.34805,0.33333,-0.33197,43,-0.37811
2017_16_PIT_HOU,2017,16,HOU,PIT,32,-0.47443,0.375,-1.1103,16,0.16144
2017_16_PIT_HOU,2017,16,PIT,HOU,36,0.3005,0.5,0.46595,23,0.00777
2017_16_SEA_DAL,2017,16,DAL,SEA,66,-0.24654,0.4697,-0.41033,37,-0.03756
2017_16_SEA_DAL,2017,16,SEA,DAL,50,-0.02501,0.46,0.09187,28,-0.17376
2017_16_TB_CAR,2017,16,CAR,TB,61,-0.06507,0.42623,-0.21883,33,0.11614
2017_16_TB_CAR,2017,16,TB,CAR,64,0.02568,0.375,0.2943,42,-0.48715
2017_17_ARI_SEA,2017,17,ARI,SEA,70,-0.01125,0.38571,0.01039,38,-0.03695
2017_17_ARI_SEA,2017,17,SEA,ARI,58,-0.08646,0.34483,-0.01341,38,-0.22526
2017_17_BUF_MIA,2017,17,BUF,MIA,52,0.18295,0.40385,0.40411,33,-0.20116
2017_17_BUF_MIA,2017,17,MIA,BUF,49,-0.27712,0.34694,-0.42078,31,-0.0297
2017_17_CAR_ATL,2017,17,ATL,CAR,64,0.03281,0.375,0.19696,45,-0.35594
2017_17_CAR_ATL,2017,17,CAR,ATL,51,-0.34464,0.31373,-0.42285,30,-0.23293
2017_17_CHI_MIN,2017,17,CHI,MIN,41,-0.44511,0.2439,-0.39336,30,-0.58624
2017_17_CHI_MIN,2017,17,MIN,CHI,61,0.07981,0.44262,0.23604,33,-0.1043
2017_17_CIN_BAL,2017,17,BAL,CIN,76,-0.18951,0.42105,-0.31498,50,0.05177
2017_17_CIN_BAL,2017,17,CIN,BAL,76,0.03122,0.43421,0.11471,48,-0.11189
2017_17_CLE_PIT,2017,17,CLE,PIT,65,0.00305,0.35385,0.16374,43,-0.31104
2017_17_CLE_PIT,2017,17,PIT,CLE,55,-0.01738,0.47273,-0.03906,31,0.01062
2017_17_DAL_PHI,2017,17,DAL,PHI,63,-0.10836,0.31746,-0.00444,37,-0.25624
2017_17_DAL_PHI,2017,17,PHI,DAL,57,-0.40464,0.33333,-0.49693,39,-0.20469
2017_17_GB_DET,2017,17,DET,GB,35,0.06679,0.37143,0.21829,26,-0.37086
2017_17_GB_DET,2017,17,GB,DET,41,-0.38457,0.36585,-0.44782,21,-0.31816
2017_17_HOU_IND,2017,17,HOU,IND,52,-0.05085,0.38462,0.10809,26,-0.20979
2017_17_HOU_IND,2017,17,IND,HOU,61,0.04174,0.39344,0.11402,31,-0.03295
2017_17_JAX_TEN,2017,17,JAX,TEN,60,-0.29228,0.35,-0.40864,36,-0.11774
2017_17_JAX_TEN,2017,17,TEN,JAX,57,-0.19716,0.36842,-0.00889,29,-0.39214
2017_17_KC_DEN,2017,17,DEN,KC,61,-0.07801,0.4918,-0.05606,37,-0.11185
2017_17_KC_DEN,2017,17,KC,DEN,60,0.18944,0.5,0.20049,39,0.16893
2017_17_NO_TB,2017,17,NO,TB,58,0.11379,0.44828,0.28998,31,-0.08851
2017_17_NO_TB,2017,17,TB,NO,83,0.12108,0.51807,0.22654,59,-0.13817
2017_17_NYJ_NE,2017,17,NE,NYJ,52,0.11095,0.48077,0.10518,32,0.12019
2017_17_NYJ_NE,2017,17,NYJ,NE,32,-0.22002,0.21875,-0.0616,16,-0.37844
2017_17_OAK_LAC,2017,17,LAC,LV,50,0.42205,0.6,0.43171,33,0.40329
2017_17_OAK_LAC,2017,17,LV,LAC,37,-0.04953,0.32432,0.00358,22,-0.12744
2017_17_SF_LA,2017,17,LA,SF,40,-0.33287,0.25,-0.38044,28,-0.22187
2017_17_SF_LA,2017,17,SF,LA,46,0.22285,0.47826,0.17132,28,0.30302
2017_17_WAS_NYG,2017,17,NYG,WAS,69,-0.11411,0.34783,-0.40553,33,0.15303
2017_17_WAS_NYG,2017,17,WAS,NYG,57,-0.39909,0.2807,-0.5621,40,-0.01554
2017_18_ATL_LA,2017,18,ATL,LA,67,0.09966,0.44776,0.17787,35,0.01412
2017_18_ATL_LA,2017,18,LA,ATL,49,0.00025,0.32653,-0.04838,34,0.11049
2017_18_BUF_JAX,2017,18,BUF,JAX,77,-0.18653,0.35065,-0.19422,50,-0.17229
2017_18_BUF_JAX,2017,18,JAX,BUF,57,-0.12739,0.40351,-0.18268,29,-0.07014
2017_18_CAR_NO,2017,18,CAR,NO,70,0.05467,0.37143,0.15518,46,-0.13796
2017_18_CAR_NO,2017,18,NO,CAR,57,0.15043,0.50877,0.47702,35,-0.36914
2017_18_TEN_KC,2017,18,KC,TEN,56,0.05874,0.46429,0.1307,41,-0.13794
2017_18_TEN_KC,2017,18,TEN,KC,65,0.19242,0.53846,0.15096,40,0.25876
2017_19_ATL_PHI,2017,19,ATL,PHI,62,-0.03595,0.40323,-0.01641,41,-0.07409
2017_19_ATL_PHI,2017,19,PHI,ATL,62,0.08973,0.51613,0.41721,33,-0.28292
2017_19_JAX_PIT,2017,19,JAX,PIT,57,0.35597,0.49123,0.47292,28,0.24305
2017_19_JAX_PIT,2017,19,PIT,JAX,55,-0.19137,0.41818,-0.08367,39,-0.45391
2017_19_NO_MIN,2017,19,MIN,NO,65,0.1406,0.44615,0.26105,42,-0.07936
2017_19_NO_MIN,2017,19,NO,MIN,66,-0.00043,0.48485,0.05506,43,-0.10416
2017_19_TEN_NE,2017,19,NE,TEN,53,0.21452,0.58491,0.26029,39,0.08703
2017_19_TEN_NE,2017,19,TEN,NE,38,-0.0974,0.34211,0.02933,25,-0.34112
2017_20_JAX_NE,2017,20,JAX,NE,71,0.04963,0.39437,0.17856,40,-0.11672
2017_20_JAX_NE,2017,20,NE,JAX,60,0.10113,0.43333,0.21002,46,-0.25666
2017_20_MIN_PHI,2017,20,MIN,PHI,38,-0.19549,0.34211,-0.22543,24,-0.14416
2017_20_MIN_PHI,2017,20,PHI,MIN,37,0.37001,0.54054,0.46461,27,0.11461
2017_21_PHI_NE,2017,21,NE,PHI,65,0.35639,0.50769,0.49236,44,0.07149
2017_21_PHI_NE,2017,21,PHI,NE,72,0.39223,0.48611,0.49903,46,0.20327
2018_01_ATL_PHI,2018,1,ATL,PHI,70,-0.2098,0.34286,-0.16982,52,-0.32531
2018_01_ATL_PHI,2018,1,PHI,ATL,71,-0.07381,0.40845,-0.20846,42,0.12119
2018_01_BUF_BAL,2018,1,BAL,BUF,40,-0.13841,0.3,0.10502,27,-0.64401
2018_01_BUF_BAL,2018,1,BUF,BAL,24,-0.85361,0.04167,-0.9228,16,-0.71521
2018_01_CHI_GB,2018,1,CHI,GB,67,0.02439,0.46269,-0.01002,43,0.08606
2018_01_CHI_GB,2018,1,GB,CHI,52,-0.11785,0.38462,-0.05731,36,-0.25408
2018_01_CIN_IND,2018,1,CIN,IND,56,0.10364,0.55357,0.09001,34,0.1247
2018_01_CIN_IND,2018,1,IND,CIN,81,-0.08364,0.46914,0.00737,59,-0.32771
2018_01_DAL_CAR,2018,1,CAR,DAL,59,-0.03021,0.50847,-0.09747,33,0.05515
2018_01_DAL_CAR,2018,1,DAL,CAR,51,-0.17423,0.31373,-0.14021,36,-0.25588
2018_01_HOU_NE,2018,1,HOU,NE,52,-0.33544,0.36538,-0.36015,29,-0.30429
2018_01_HOU_NE,2018,1,NE,HOU,59,0.09799,0.42373,0.20765,36,-0.07366
2018_01_JAX_NYG,2018,1,JAX,NYG,60,-0.05979,0.4,-0.15581,36,0.08425
2018_01_JAX_NYG,2018,1,NYG,JAX,71,-0.21329,0.30986,-0.23681,47,-0.16722
2018_01_KC_LAC,2018,1,KC,LAC,47,0.28189,0.48936,0.49782,26,0.01454
2018_01_KC_LAC,2018,1,LAC,KC,51,0.08786,0.52941,0.11167,31,0.05097
2018_01_LA_OAK,2018,1,LA,LV,52,0.2436,0.51923,0.38927,31,0.02856
2018_01_LA_OAK,2018,1,LV,LA,60,-0.09225,0.43333,-0.12043,40,-0.03588
2018_01_NYJ_DET,2018,1,DET,NYJ,41,-0.2858,0.39024,-0.24913,30,-0.3858
2018_01_NYJ_DET,2018,1,NYJ,DET,39,0.06536,0.53846,0.10977,21,0.01354
2018_01_PIT_CLE,2018,1,CLE,PIT,82,-0.13205,0.34146,-0.18607,51,-0.04318
2018_01_PIT_CLE,2018,1,PIT,CLE,70,-0.05652,0.44286,-0.09799,44,0.01367
2018_01_SEA_DEN,2018,1,DEN,SEA,74,-0.0979,0.47297,-0.07654,42,-0.12594
2018_01_SEA_DEN,2018,1,SEA,DEN,57,-0.10189,0.36842,0.07673,42,-0.602
2018_01_SF_MIN,2018,1,MIN,SF,60,-0.10184,0.4,0.11774,40,-0.54099
2018_01_SF_MIN,2018,1,SF,MIN,57,-0.32601,0.36842,-0.20366,36,-0.53574
2018_01_TB_NO,2018,1,NO,TB,42,0.03367,0.52381,0.36987,29,-0.71631
2018_01_TB_NO,2018,1,TB,NO,47,0.49052,0.53191,0.73843,31,0.0102
2018_01_TEN_MIA,2018,1,MIA,TEN,56,-0.02863,0.48214,0.0177,32,-0.0904
2018_01_TEN_MIA,2018,1,TEN,MIA,60,-0.3038,0.4,-0.50959,32,-0.06861
2018_01_WAS_ARI,2018,1,ARI,WAS,20,-0.3922,0.2,-0.59708,12,-0.08489
2018_01_WAS_ARI,2018,1,WAS,ARI,47,0.36063,0.68085,0.48012,27,0.19932
2018_02_ARI_LA,2018,2,ARI,LA,22,-0.34325,0.27273,-0.26815,12,-0.43337
2018_02_ARI_LA,2018,2,LA,ARI,40,0.23752,0.525,0.48153,20,-0.00649
2018_02_BAL_CIN,2018,2,BAL,CIN,68,-0.08895,0.48529,-0.07378,47,-0.12289
2018_02_BAL_CIN,2018,2,CIN,BAL,70,0.17093,0.47143,0.36764,44,-0.16195
2018_02_CAR_ATL,2018,2,ATL,CAR,53,0.36185,0.60377,0.67964,29,-0.02215
2018_02_CAR_ATL,2018,2,CAR,ATL,59,-0.02434,0.47458,-0.08215,44,0.14523
2018_02_CLE_NO,2018,2,CLE,NO,62,-0.03157,0.40323,0.08777,37,-0.20819
2018_02_CLE_NO,2018,2,NO,CLE,65,-0.11133,0.44615,-0.05645,42,-0.21154
2018_02_DET_SF,2018,2,DET,SF,70,0.03777,0.42857,0.06312,51,-0.03028
2018_02_DET_SF,2018,2,SF,DET,57,0.18085,0.49123,0.24134,34,0.09143
2018_02_HOU_TEN,2018,2,HOU,TEN,66,0.10353,0.40909,0.22436,43,-0.12238
2018_02_HOU_TEN,2018,2,TEN,HOU,60,0.02338,0.36667,0.29421,24,-0.15718
2018_02_IND_WAS,2018,2,IND,WAS,55,0.09584,0.47273,0.11994,33,0.0597
2018_02_IND_WAS,2018,2,WAS,IND,60,-0.14582,0.46667,-0.07935,39,-0.26927
2018_02_KC_PIT,2018,2,KC,PIT,44,0.65185,0.59091,0.96373,29,0.04889
2018_02_KC_PIT,2018,2,PIT,KC,79,0.15712,0.50633,0.22782,68,-0.27995
2018_02_LAC_BUF,2018,2,BUF,LAC,38,-0.27941,0.34211,-0.20132,22,-0.38679
2018_02_LAC_BUF,2018,2,LAC,BUF,36,0.44814,0.58333,0.71503,22,0.02875
2018_02_MIA_NYJ,2018,2,MIA,NYJ,46,-0.0028,0.52174,-0.2175,27,0.30229
2018_02_MIA_NYJ,2018,2,NYJ,MIA,65,-0.24215,0.35385,-0.18948,47,-0.37969
2018_02_MIN_GB,2018,2,GB,MIN,73,0.04929,0.47945,0.11207,52,-0.10618
2018_02_MIN_GB,2018,2,MIN,GB,73,0.15587,0.49315,0.28954,54,-0.22404
2018_02_NE_JAX,2018,2,JAX,NE,44,0.34632,0.52273,0.43316,35,0.00862
2018_02_NE_JAX,2018,2,NE,JAX,40,-0.17151,0.4,-0.04844,25,-0.37663
2018_02_NYG_DAL,2018,2,DAL,NYG,45,-0.00185,0.37778,-0.06503,26,0.08461
2018_02_NYG_DAL,2018,2,NYG,DAL,50,-0.29325,0.34,-0.40878,34,-0.04776
2018_02_OAK_DEN,2018,2,DEN,LV,66,0.06602,0.42424,-0.05981,39,0.24778
2018_02_OAK_DEN,2018,2,LV,DEN,65,0.07712,0.52308,0.31165,36,-0.21402
2018_02_PHI_TB,2018,2,PHI,TB,59,-0.15665,0.38983,-0.24444,40,0.02816
2018_02_PHI_TB,2018,2,TB,PHI,38,0.35102,0.55263,0.72915,25,-0.37614
2018_02_SEA_CHI,2018,2,CHI,SEA,62,-0.0263,0.5,0.01267,40,-0.09716
2018_02_SEA_CHI,2018,2,SEA,CHI,49,-0.33333,0.34694,-0.43575,32,-0.14053
2018_03_BUF_MIN,2018,3,BUF,MIN,26,0.49982,0.53846,0.90031,17,-0.25665
2018_03_BUF_MIN,2018,3,MIN,BUF,11,-1.21742,0.09091,-1.66232,8,-0.03102
2018_03_CHI_ARI,2018,3,ARI,CHI,50,-0.21748,0.3,-0.13989,33,-0.36808
2018_03_CHI_ARI,2018,3,CHI,ARI,74,-0.05319,0.43243,-0.06977,45,-0.02745
2018_03_CIN_CAR,2018,3,CAR,CIN,62,0.15411,0.46774,0.13568,27,0.16832
2018_03_CIN_CAR,2018,3,CIN,CAR,59,0.0715,0.49153,0.10876,44,-0.03782
2018_03_DAL_SEA,2018,3,DAL,SEA,41,-0.39093,0.34146,-0.56035,26,-0.09728
2018_03_DAL_SEA,2018,3,SEA,DAL,51,0.08615,0.35294,0.46819,26,-0.31117
2018_03_DEN_BAL,2018,3,BAL,DEN,57,0.20379,0.47368,0.32621,39,-0.06145
2018_03_DEN_BAL,2018,3,DEN,BAL,65,-0.09941,0.41538,-0.15262,41,-0.00851
2018_03_GB_WAS,2018,3,GB,WAS,65,-0.03925,0.44615,-0.07441,48,0.06004
2018_03_GB_WAS,2018,3,WAS,GB,50,0.2302,0.42,0.46451,27,-0.04487
2018_03_IND_PHI,2018,3,IND,PHI,59,-0.13796,0.33898,-0.14965,47,-0.0922
2018_03_IND_PHI,2018,3,PHI,IND,80,-0.00475,0.5125,0.00083,48,-0.01313
2018_03_LAC_LA,2018,3,LA,LAC,63,0.32375,0.60317,0.45126,41,0.08612
2018_03_LAC_LA,2018,3,LAC,LA,51,0.18074,0.43137,0.14182,31,0.24106
2018_03_NE_DET,2018,3,DET,NE,59,0.13605,0.54237,0.16397,35,0.09534
2018_03_NE_DET,2018,3,NE,DET,33,-0.16495,0.45455,-0.0785,19,-0.28228
2018_03_NO_ATL,2018,3,ATL,NO,67,0.24059,0.50746,0.58698,46,-0.51817
2018_03_NO_ATL,2018,3,NO,ATL,78,0.30159,0.52564,0.39973,53,0.09352
2018_03_NYG_HOU,2018,3,HOU,NYG,55,-0.05795,0.45455,0.08424,41,-0.47438
2018_03_NYG_HOU,2018,3,NYG,HOU,61,0.21237,0.47541,0.46258,35,-0.12444
2018_03_NYJ_CLE,2018,3,CLE,NYJ,72,-0.02779,0.40278,0.02833,45,-0.12132
2018_03_NYJ_CLE,2018,3,NYJ,CLE,63,-0.14132,0.38095,-0.25659,33,-0.01451
2018_03_OAK_MIA,2018,3,LV,MIA,69,0.0748,0.53623,0.23805,39,-0.13742
2018_03_OAK_MIA,2018,3,MIA,LV,43,0.21037,0.39535,0.46744,32,-0.53746
2018_03_PIT_TB,2018,3,PIT,TB,56,0.18804,0.44643,0.37393,38,-0.2044
2018_03_PIT_TB,2018,3,TB,PIT,67,-0.10398,0.37313,-0.04446,54,-0.35121
2018_03_SF_KC,2018,3,KC,SF,43,0.57364,0.65116,0.7432,29,0.2224
2018_03_SF_KC,2018,3,SF,KC,43,0.04462,0.48837,0.08751,23,-0.0047
2018_03_TEN_JAX,2018,3,JAX,TEN,58,-0.19596,0.36207,-0.19102,41,-0.20788
2018_03_TEN_JAX,2018,3,TEN,JAX,62,-0.0702,0.40323,0.05528,31,-0.19567
2018_04_BAL_PIT,2018,4,BAL,PIT,70,0.1058,0.48571,0.26219,44,-0.15886
2018_04_BAL_PIT,2018,4,PIT,BAL,57,-0.15931,0.40351,-0.08628,46,-0.46469
2018_04_BUF_GB,2018,4,BUF,GB,33,-0.37979,0.21212,-0.40935,24,-0.30096
2018_04_BUF_GB,2018,4,GB,BUF,47,0.19822,0.6383,0.32865,30,-0.03196
2018_04_CIN_ATL,2018,4,ATL,CIN,70,0.20827,0.48571,0.40865,44,-0.13084
2018_04_CIN_ATL,2018,4,CIN,ATL,73,0.23218,0.50685,0.29371,52,0.07983
2018_04_CLE_OAK,2018,4,CLE,LV,77,-0.00369,0.38961,-0.07117,48,0.10801
2018_04_CLE_OAK,2018,4,LV,CLE,90,0.00384,0.44444,0.07419,62,-0.15192
2018_04_DET_DAL,2018,4,DAL,DET,68,0.20812,0.57353,0.24954,35,0.16419
2018_04_DET_DAL,2018,4,DET,DAL,54,0.27301,0.42593,0.47956,34,-0.07812
2018_04_HOU_IND,2018,4,HOU,IND,84,0.08333,0.47619,0.24862,51,-0.17213
2018_04_HOU_IND,2018,4,IND,HOU,91,-0.03784,0.43956,0.16404,74,-0.91661
2018_04_KC_DEN,2018,4,DEN,KC,60,0.0744,0.48333,-0.08594,38,0.35134
2018_04_KC_DEN,2018,4,KC,DEN,77,0.20077,0.51948,0.17331,53,0.2614
2018_04_MIA_NE,2018,4,MIA,NE,22,-0.74987,0.13636,-0.35223,14,-1.44573
2018_04_MIA_NE,2018,4,NE,MIA,37,0.25225,0.51351,0.41986,19,0.07533
2018_04_MIN_LA,2018,4,LA,MIN,51,0.58044,0.58824,0.80637,35,0.08623
2018_04_MIN_LA,2018,4,MIN,LA,74,0.16691,0.47297,0.26873,58,-0.2022
2018_04_NO_NYG,2018,4,NO,NYG,58,0.13662,0.43103,0.1936,35,0.04992
2018_04_NO_NYG,2018,4,NYG,NO,44,-0.16601,0.43182,-0.16173,32,-0.17743
2018_04_NYJ_JAX,2018,4,JAX,NYJ,43,0.19237,0.46512,0.39887,27,-0.15611
2018_04_NYJ_JAX,2018,4,NYJ,JAX,34,-0.25369,0.32353,-0.29827,27,-0.08173
2018_04_PHI_TEN,2018,4,PHI,TEN,78,0.04099,0.44872,0.06343,58,-0.02409
2018_04_PHI_TEN,2018,4,TEN,PHI,70,0.13359,0.47143,0.30236,52,-0.35396
2018_04_SEA_ARI,2018,4,ARI,SEA,60,-0.08316,0.41667,0.19865,33,-0.42759
2018_04_SEA_ARI,2018,4,SEA,ARI,65,0.03365,0.49231,0.03443,31,0.03294
2018_04_SF_LAC,2018,4,LAC,SF,65,-0.00346,0.46154,-0.02561,41,0.03439
2018_04_SF_LAC,2018,4,SF,LAC,60,-0.03876,0.45,-0.02603,43,-0.07096
2018_04_TB_CHI,2018,4,CHI,TB,26,0.73173,0.69231,1.02057,16,0.26958
2018_04_TB_CHI,2018,4,TB,CHI,18,-0.30868,0.33333,-0.27484,14,-0.42711
2018_05_ARI_SF,2018,5,ARI,SF,42,-0.18982,0.30952,-0.08203,27,-0.38385
2018_05_ARI_SF,2018,5,SF,ARI,86,-0.19611,0.43023,-0.06548,53,-0.4059
2018_05_ATL_PIT,2018,5,ATL,PIT,46,0.0013,0.34783,0.14865,32,-0.33548
2018_05_ATL_PIT,2018,5,PIT,ATL,52,0.3478,0.53846,0.495,28,0.17606
2018_05_BAL_CLE,2018,5,BAL,CLE,87,-0.14783,0.41379,-0.20123,63,-0.00765
2018_05_BAL_CLE,2018,5,CLE,BAL,79,-0.14029,0.39241,-0.10024,51,-0.21325
2018_05_DAL_HOU,2018,5,DAL,HOU,61,-0.15118,0.39344,-0.11383,34,-0.19821
2018_05_DAL_HOU,2018,5,HOU,DAL,80,-0.04903,0.4875,0.14451,55,-0.47481
2018_05_DEN_NYJ,2018,5,DEN,NYJ,48,-0.13122,0.39583,-0.09543,32,-0.2028
2018_05_DEN_NYJ,2018,5,NYJ,DEN,46,0.20999,0.47826,0.17139,19,0.23715
2018_05_GB_DET,2018,5,DET,GB,46,0.12344,0.36957,0.23474,25,-0.00906
2018_05_GB_DET,2018,5,GB,DET,56,0.02956,0.44643,0.06982,40,-0.0711
2018_05_IND_NE,2018,5,IND,NE,55,-0.01508,0.41818,0.01248,37,-0.07175
2018_05_IND_NE,2018,5,NE,IND,52,0.31387,0.63462,0.46043,34,0.03703
2018_05_JAX_KC,2018,5,JAX,KC,31,-0.69268,0.45161,-1.19147,19,0.09706
2018_05_JAX_KC,2018,5,KC,JAX,36,0.1191,0.41667,0.2498,27,-0.27301
2018_05_LA_SEA,2018,5,LA,SEA,64,0.26832,0.54688,0.40654,38,0.0663
2018_05_LA_SEA,2018,5,SEA,LA,60,0.23301,0.46667,0.40518,26,0.10135
2018_05_MIA_CIN,2018,5,CIN,MIA,56,0.00678,0.39286,0.09424,36,-0.15064
2018_05_MIA_CIN,2018,5,MIA,CIN,53,-0.23578,0.49057,-0.4481,31,0.0634
2018_05_MIN_PHI,2018,5,MIN,PHI,60,0.0851,0.53333,0.28102,40,-0.30673
2018_05_MIN_PHI,2018,5,PHI,MIN,52,-0.17282,0.46154,-0.08955,36,-0.3602
2018_05_NYG_CAR,2018,5,CAR,NYG,66,0.06153,0.43939,0.29921,38,-0.26104
2018_05_NYG_CAR,2018,5,NYG,CAR,56,0.07189,0.41071,0.21135,40,-0.27676
2018_05_OAK_LAC,2018,5,LAC,LV,42,0.17032,0.42857,0.49835,22,-0.19051
2018_05_OAK_LAC,2018,5,LV,LAC,39,-0.31848,0.41026,-0.39225,28,-0.13072
2018_05_TEN_BUF,2018,5,BUF,TEN,66,-0.1698,0.40909,-0.4111,25,-0.02267
2018_05_TEN_BUF,2018,5,TEN,BUF,54,-0.28004,0.38889,-0.23152,30,-0.34069
2018_05_WAS_NO,2018,5,NO,WAS,38,0.69509,0.65789,1.09892,23,0.07589
2018_05_WAS_NO,2018,5,WAS,NO,35,-0.05053,0.4,-0.06762,23,-0.01777
2018_06_ARI_MIN,2018,6,ARI,MIN,36,-0.54102,0.27778,-0.32643,24,-0.9702
2018_06_ARI_MIN,2018,6,MIN,ARI,56,-0.10853,0.44643,-0.28893,35,0.19212
2018_06_BAL_TEN,2018,6,BAL,TEN,51,0.28999,0.41176,0.46589,30,0.0387
2018_06_BAL_TEN,2018,6,TEN,BAL,29,-0.35733,0.27586,-0.42963,19,-0.21994
2018_06_BUF_HOU,2018,6,BUF,HOU,61,-0.2992,0.2623,-0.36535,38,-0.18991
2018_06_BUF_HOU,2018,6,HOU,BUF,60,-0.28802,0.33333,-0.29569,37,-0.2757
2018_06_CAR_WAS,2018,6,CAR,WAS,59,0.06386,0.52542,0.13095,44,-0.13295
2018_06_CAR_WAS,2018,6,WAS,CAR,69,-0.05652,0.42029,-0.16118,44,0.12769
2018_06_CHI_MIA,2018,6,CHI,MIA,69,0.13497,0.53623,0.29433,41,-0.09838
2018_06_CHI_MIA,2018,6,MIA,CHI,77,0.07511,0.48052,0.20195,47,-0.1236
2018_06_IND_NYJ,2018,6,IND,NYJ,57,-0.13091,0.50877,-0.16808,36,-0.06718
2018_06_IND_NYJ,2018,6,NYJ,IND,58,0.03839,0.44828,0.17684,34,-0.15775
2018_06_JAX_DAL,2018,6,DAL,JAX,29,0.46213,0.55172,0.60497,17,0.25978
2018_06_JAX_DAL,2018,6,JAX,DAL,16,-0.49074,0.3125,-0.77314,8,-0.20834
2018_06_KC_NE,2018,6,KC,NE,54,0.2012,0.48148,0.20475,38,0.19276
2018_06_KC_NE,2018,6,NE,KC,77,0.18713,0.53247,0.21885,41,0.151
2018_06_LAC_CLE,2018,6,CLE,LAC,48,-0.33981,0.33333,-0.41677,35,-0.13263
2018_06_LAC_CLE,2018,6,LAC,CLE,29,0.42322,0.51724,0.4593,16,0.37882
2018_06_LA_DEN,2018,6,DEN,LA,56,-0.0658,0.39286,-0.03856,42,-0.14751
2018_06_LA_DEN,2018,6,LA,DEN,67,0.27235,0.56716,0.08043,33,0.45863
2018_06_PHI_NYG,2018,6,NYG,PHI,36,-0.32261,0.25,-0.49455,25,0.06815
2018_06_PHI_NYG,2018,6,PHI,NYG,40,0.33764,0.525,0.46583,28,0.03855
2018_06_PIT_CIN,2018,6,CIN,PIT,60,0.08839,0.5,0.11442,47,-0.00572
2018_06_PIT_CIN,2018,6,PIT,CIN,72,0.28863,0.47222,0.39844,51,0.02195
2018_06_SEA_OAK,2018,6,LV,SEA,44,-0.32809,0.34091,-0.25707,31,-0.49746
2018_06_SEA_OAK,2018,6,SEA,LV,37,0.10517,0.40541,0.37035,17,-0.12023
2018_06_SF_GB,2018,6,GB,SF,70,0.12444,0.44286,0.16477,52,0.00792
2018_06_SF_GB,2018,6,SF,GB,57,0.21044,0.54386,0.26909,29,0.1497
2018_06_TB_ATL,2018,6,ATL,TB,67,0.24149,0.50746,0.4685,45,-0.22286
2018_06_TB_ATL,2018,6,TB,ATL,65,0.24213,0.52308,0.31715,48,0.03033
2018_07_BUF_IND,2018,7,BUF,IND,24,-0.47807,0.5,-0.5464,15,-0.36419
2018_07_BUF_IND,2018,7,IND,BUF,35,0.38505,0.57143,0.70873,15,0.14229
2018_07_CAR_PHI,2018,7,CAR,PHI,46,0.15015,0.45652,0.14527,35,0.16568
2018_07_CAR_PHI,2018,7,PHI,CAR,60,0.16963,0.45,0.31168,36,-0.04343
2018_07_CIN_KC,2018,7,CIN,KC,32,-0.09775,0.375,0.10447,22,-0.54264
2018_07_CIN_KC,2018,7,KC,CIN,36,0.65845,0.61111,0.82305,27,0.16465
2018_07_CLE_TB,2018,7,CLE,TB,68,-0.13732,0.39706,-0.03609,45,-0.3354
2018_07_CLE_TB,2018,7,TB,CLE,94,-0.08631,0.46809,-0.00799,68,-0.29113
2018_07_DAL_WAS,2018,7,DAL,WAS,63,-0.14595,0.4127,-0.05705,46,-0.38651
2018_07_DAL_WAS,2018,7,WAS,DAL,60,-0.08796,0.35,0.14587,30,-0.32179
2018_07_DEN_ARI,2018,7,ARI,DEN,19,-1.08901,0.42105,-1.67539,11,-0.28273
2018_07_DEN_ARI,2018,7,DEN,ARI,11,0.85223,0.54545,1.28775,7,0.09006
2018_07_DET_MIA,2018,7,DET,MIA,52,0.46589,0.55769,0.66787,24,0.29276
2018_07_DET_MIA,2018,7,MIA,DET,41,0.0633,0.36585,0.0687,25,0.05488
2018_07_HOU_JAX,2018,7,HOU,JAX,44,0.1677,0.45455,0.18096,24,0.15178
2018_07_HOU_JAX,2018,7,JAX,HOU,51,-0.35822,0.39216,-0.38432,36,-0.29556
2018_07_LA_SF,2018,7,LA,SF,38,0.18425,0.55263,0.32696,19,0.04154
2018_07_LA_SF,2018,7,SF,LA,36,-0.60992,0.38889,-0.68601,21,-0.50338
2018_07_MIN_NYJ,2018,7,MIN,NYJ,60,-0.01453,0.35,0.01705,40,-0.07769
2018_07_MIN_NYJ,2018,7,NYJ,MIN,50,-0.63645,0.18,-0.73449,28,-0.51167
2018_07_NE_CHI,2018,7,CHI,NE,69,0.05675,0.43478,0.18927,50,-0.29196
2018_07_NE_CHI,2018,7,NE,CHI,57,0.25773,0.5614,0.51564,37,-0.2194
2018_07_NO_BAL,2018,7,BAL,NO,68,0.19499,0.5,0.26988,45,0.04848
2018_07_NO_BAL,2018,7,NO,BAL,71,0.21537,0.52113,0.33743,33,0.10936
2018_07_NYG_ATL,2018,7,ATL,NYG,57,0.17958,0.45614,0.30198,40,-0.10842
2018_07_NYG_ATL,2018,7,NYG,ATL,55,-0.02618,0.36364,0.08099,37,-0.24648
2018_07_TEN_LAC,2018,7,LAC,TEN,43,0.31503,0.48837,0.56588,28,-0.15323
2018_07_TEN_LAC,2018,7,TEN,LAC,71,0.11337,0.52113,0.22719,41,-0.04218
2018_08_BAL_CAR,2018,8,BAL,CAR,47,-0.20293,0.40426,-0.29124,35,0.05465
2018_08_BAL_CAR,2018,8,CAR,BAL,35,0.36094,0.51429,0.4088,25,0.2413
2018_08_CLE_PIT,2018,8,CLE,PIT,49,-0.21517,0.34694,-0.19222,31,-0.2547
2018_08_CLE_PIT,2018,8,PIT,CLE,57,0.0481,0.47368,0.14654,36,-0.12066
2018_08_DEN_KC,2018,8,DEN,KC,67,0.01263,0.47761,-0.01408,37,0.04557
2018_08_DEN_KC,2018,8,KC,DEN,51,0.28851,0.5098,0.44275,39,-0.21276
2018_08_GB_LA,2018,8,GB,LA,52,0.14622,0.44231,0.18789,34,0.06749
2018_08_GB_LA,2018,8,LA,GB,76,0.05627,0.40789,0.20247,47,-0.18067
2018_08_IND_OAK,2018,8,IND,LV,72,0.38924,0.61111,0.51669,35,0.26867
2018_08_IND_OAK,2018,8,LV,IND,42,0.29028,0.57143,0.69376,22,-0.15354
2018_08_MIA_HOU,2018,8,HOU,MIA,43,0.38087,0.46512,0.57464,22,0.17787
2018_08_MIA_HOU,2018,8,MIA,HOU,57,-0.08757,0.38596,-0.13683,33,-0.01984
2018_08_NE_BUF,2018,8,BUF,NE,48,-0.4281,0.3125,-0.47462,31,-0.34325
2018_08_NE_BUF,2018,8,NE,BUF,70,0.08373,0.5,0.15252,51,-0.10093
2018_08_NO_MIN,2018,8,MIN,NO,54,-0.22216,0.44444,-0.23947,32,-0.19697
2018_08_NO_MIN,2018,8,NO,MIN,36,0.05323,0.47222,0.16288,20,-0.08383
2018_08_NYJ_CHI,2018,8,CHI,NYJ,57,0.23301,0.45614,0.28911,33,0.15587
2018_08_NYJ_CHI,2018,8,NYJ,CHI,45,-0.05967,0.24444,0.11914,23,-0.24661
2018_08_PHI_JAX,2018,8,JAX,PHI,64,-0.08443,0.39062,-0.03759,53,-0.31014
2018_08_PHI_JAX,2018,8,PHI,JAX,59,0.18864,0.47458,0.29448,37,0.01064
2018_08_SEA_DET,2018,8,DET,SEA,42,-0.17843,0.38095,-0.09057,30,-0.39808
2018_08_SEA_DET,2018,8,SEA,DET,44,0.33848,0.52273,0.94394,16,-0.00749
2018_08_SF_ARI,2018,8,ARI,SF,66,-0.05707,0.37879,-0.00788,47,-0.17875
2018_08_SF_ARI,2018,8,SF,ARI,66,-0.12925,0.40909,-0.12224,35,-0.13717
2018_08_TB_CIN,2018,8,CIN,TB,54,0.17438,0.48148,0.34515,35,-0.14018
2018_08_TB_CIN,2018,8,TB,CIN,75,-0.02188,0.41333,-0.02235,55,-0.02056
2018_08_WAS_NYG,2018,8,NYG,WAS,54,-0.28344,0.31481,-0.28923,40,-0.26691
2018_08_WAS_NYG,2018,8,WAS,NYG,65,0.04349,0.4,0.18515,34,-0.11189
2018_09_ATL_WAS,2018,9,ATL,WAS,47,0.46263,0.55319,0.49563,32,0.39224
2018_09_ATL_WAS,2018,9,WAS,ATL,42,-0.12873,0.35714,-0.0488,31,-0.35399
2018_09_CHI_BUF,2018,9,BUF,CHI,29,-0.99071,0.13793,-1.28692,17,-0.57107
2018_09_CHI_BUF,2018,9,CHI,BUF,30,-0.0074,0.5,0.15466,15,-0.16946
2018_09_DET_MIN,2018,9,DET,MIN,53,-0.31324,0.35849,-0.49635,33,-0.01111
2018_09_DET_MIN,2018,9,MIN,DET,43,0.10727,0.51163,0.12687,25,0.08005
2018_09_GB_NE,2018,9,GB,NE,64,0.10113,0.53125,0.21538,42,-0.11697
2018_09_GB_NE,2018,9,NE,GB,63,0.21223,0.49206,0.1487,39,0.31547
2018_09_HOU_DEN,2018,9,DEN,HOU,66,-0.01547,0.40909,0.05616,46,-0.1802
2018_09_HOU_DEN,2018,9,HOU,DEN,62,0.01205,0.5,0.30179,34,-0.33977
2018_09_KC_CLE,2018,9,CLE,KC,56,0.04954,0.42857,0.03294,34,0.07519
2018_09_KC_CLE,2018,9,KC,CLE,41,0.70055,0.65854,0.79234,30,0.45019
2018_09_LAC_SEA,2018,9,LAC,SEA,48,0.26005,0.4375,0.28908,28,0.2194
2018_09_LAC_SEA,2018,9,SEA,LAC,59,-0.25023,0.50847,-0.41401,33,-0.04235
2018_09_LA_NO,2018,9,LA,NO,60,0.25848,0.5,0.43929,44,-0.23875
2018_09_LA_NO,2018,9,NO,LA,65,0.32917,0.50769,0.6952,40,-0.25649
2018_09_NYJ_MIA,2018,9,MIA,NYJ,52,-0.30375,0.30769,-0.26318,29,-0.35491
2018_09_NYJ_MIA,2018,9,NYJ,MIA,65,-0.3124,0.35385,-0.35777,44,-0.21733
2018_09_OAK_SF,2018,9,LV,SF,30,-0.05229,0.33333,-0.06539,19,-0.02967
2018_09_OAK_SF,2018,9,SF,LV,33,0.4646,0.48485,0.97468,19,-0.22766
2018_09_PIT_BAL,2018,9,BAL,PIT,57,0.04364,0.45614,0.11176,41,-0.13093
2018_09_PIT_BAL,2018,9,PIT,BAL,76,0.22666,0.47368,0.33405,52,-0.00602
2018_09_TB_CAR,2018,9,CAR,TB,34,0.54581,0.67647,0.64554,14,0.47601
2018_09_TB_CAR,2018,9,TB,CAR,39,-0.10525,0.35897,-0.01304,24,-0.25279
2018_09_TEN_DAL,2018,9,DAL,TEN,45,-0.1617,0.42222,-0.19387,28,-0.1087
2018_09_TEN_DAL,2018,9,TEN,DAL,64,0.12081,0.48438,0.35211,35,-0.15834
2018_10_ARI_KC,2018,10,ARI,KC,52,-0.0659,0.42308,-0.0808,29,-0.04713
2018_10_ARI_KC,2018,10,KC,ARI,51,0.19995,0.5098,0.21532,35,0.16634
2018_10_ATL_CLE,2018,10,ATL,CLE,40,-0.06033,0.45,-0.06447,26,-0.05264
2018_10_ATL_CLE,2018,10,CLE,ATL,35,0.55746,0.65714,0.68203,18,0.42557
2018_10_BUF_NYJ,2018,10,BUF,NYJ,34,0.41868,0.52941,0.84442,16,0.04025
2018_10_BUF_NYJ,2018,10,NYJ,BUF,14,-1.11741,0.14286,-1.17549,10,-0.9722
2018_10_CAR_PIT,2018,10,CAR,PIT,37,0.02531,0.48649,-0.0554,25,0.19345
2018_10_CAR_PIT,2018,10,PIT,CAR,27,0.67257,0.66667,0.94581,17,0.20807
2018_10_DAL_PHI,2018,10,DAL,PHI,67,0.23318,0.46269,0.17915,41,0.31837
2018_10_DAL_PHI,2018,10,PHI,DAL,60,-0.06896,0.5,-0.01348,45,-0.23538
2018_10_DET_CHI,2018,10,CHI,DET,26,0.66976,0.5,1.14299,16,-0.08741
2018_10_DET_CHI,2018,10,DET,CHI,27,-0.5968,0.33333,-0.52821,16,-0.69656
2018_10_JAX_IND,2018,10,IND,JAX,52,0.2345,0.44231,0.41655,30,-0.01375
2018_10_JAX_IND,2018,10,JAX,IND,76,0.14219,0.46053,0.39638,44,-0.2073
2018_10_LAC_OAK,2018,10,LAC,LV,41,0.22429,0.43902,0.42455,24,-0.05844
2018_10_LAC_OAK,2018,10,LV,LAC,52,-0.1911,0.42308,-0.3664,32,0.08938
2018_10_MIA_GB,2018,10,GB,MIA,42,0.28025,0.59524,0.16974,28,0.50127
2018_10_MIA_GB,2018,10,MIA,GB,55,-0.34723,0.34545,-0.40198,35,-0.25142
2018_10_NE_TEN,2018,10,NE,TEN,46,-0.07933,0.34783,-0.03286,34,-0.21102
2018_10_NE_TEN,2018,10,TEN,NE,46,0.24036,0.47826,0.56299,22,-0.05537
2018_10_NO_CIN,2018,10,CIN,NO,19,0.02407,0.57895,-0.02108,11,0.08616
2018_10_NO_CIN,2018,10,NO,CIN,40,0.63569,0.775,0.90172,21,0.34166
2018_10_NYG_SF,2018,10,NYG,SF,59,0.08505,0.42373,0.25485,36,-0.18073
2018_10_NYG_SF,2018,10,SF,NYG,71,-0.0137,0.40845,-0.01095,41,-0.01747
2018_10_SEA_LA,2018,10,LA,SEA,62,0.34608,0.59677,0.3033,41,0.42962
2018_10_SEA_LA,2018,10,SEA,LA,60,0.19787,0.53333,0.15498,32,0.24688
2018_10_WAS_TB,2018,10,TB,WAS,64,-0.14929,0.46875,-0.10491,45,-0.2544
2018_10_WAS_TB,2018,10,WAS,TB,43,0.08518,0.53488,0.21016,29,-0.1737
2018_11_CAR_DET,2018,11,CAR,DET,58,0.17512,0.48276,0.26127,43,-0.07186
2018_11_CAR_DET,2018,11,DET,CAR,63,0.01837,0.34921,0.06252,40,-0.05841
2018_11_CIN_BAL,2018,11,BAL,CIN,76,-0.01097,0.52632,-0.25415,26,0.11548
2018_11_CIN_BAL,2018,11,CIN,BAL,55,0.0164,0.36364,0.1468,41,-0.36548
2018_11_DAL_ATL,2018,11,ATL,DAL,56,-0.00406,0.5,0.01693,37,-0.04493
2018_11_DAL_ATL,2018,11,DAL,ATL,64,0.12552,0.48438,0.13406,35,0.11521
2018_11_DEN_LAC,2018,11,DEN,LAC,56,0.09756,0.46429,0.07439,36,0.13926
2018_11_DEN_LAC,2018,11,LAC,DEN,77,0.07836,0.42857,0.26988,49,-0.25679
2018_11_GB_SEA,2018,11,GB,SEA,49,0.16089,0.40816,0.27855,36,-0.16493
2018_11_GB_SEA,2018,11,SEA,GB,67,0.07066,0.44776,0.2217,36,-0.10475
2018_11_HOU_WAS,2018,11,HOU,WAS,62,-0.08521,0.46774,-0.12555,34,-0.03623
2018_11_HOU_WAS,2018,11,WAS,HOU,73,-0.1678,0.38356,-0.25848,50,0.02935
2018_11_KC_LA,2018,11,KC,LA,72,0.09156,0.5,0.14497,57,-0.1114
2018_11_KC_LA,2018,11,LA,KC,78,0.14642,0.42308,0.24768,61,-0.21694
2018_11_MIN_CHI,2018,11,CHI,MIN,61,-0.01486,0.54098,0.09749,36,-0.17665
2018_11_MIN_CHI,2018,11,MIN,CHI,44,-0.40494,0.43182,-0.21674,32,-0.90681
2018_11_OAK_ARI,2018,11,ARI,LV,54,-0.2262,0.33333,-0.33766,22,-0.14956
2018_11_OAK_ARI,2018,11,LV,ARI,66,-0.01313,0.42424,0.00854,33,-0.0348
2018_11_PHI_NO,2018,11,NO,PHI,40,0.47388,0.625,0.60727,24,0.2738
2018_11_PHI_NO,2018,11,PHI,NO,23,-0.14832,0.43478,-0.32856,15,0.18961
2018_11_PIT_JAX,2018,11,JAX,PIT,66,-0.14371,0.34848,-0.10634,25,-0.16649
2018_11_PIT_JAX,2018,11,PIT,JAX,61,-0.2157,0.40984,-0.30114,50,0.17269
2018_11_TB_NYG,2018,11,NYG,TB,52,0.2901,0.5,0.44418,22,0.17711
2018_11_TB_NYG,2018,11,TB,NYG,61,0.04685,0.52459,0.04706,41,0.04642
2018_11_TEN_IND,2018,11,IND,TEN,25,0.41904,0.6,0.60136,17,0.03162
2018_11_TEN_IND,2018,11,TEN,IND,28,-0.41391,0.28571,-0.38611,14,-0.4417
2018_12_ARI_LAC,2018,12,ARI,LAC,30,-0.09873,0.46667,-0.16039,17,-0.0181
2018_12_ARI_LAC,2018,12,LAC,ARI,37,0.3035,0.62162,0.37205,24,0.17695
2018_12_ATL_NO,2018,12,ATL,NO,38,-0.52342,0.31579,-0.50692,27,-0.56395
2018_12_ATL_NO,2018,12,NO,ATL,40,0.16592,0.525,0.16615,20,0.16569
2018_12_CHI_DET,2018,12,CHI,DET,54,-0.07393,0.46296,0.0062,44,-0.42653
2018_12_CHI_DET,2018,12,DET,CHI,66,-0.14966,0.43939,-0.27305,42,0.06626
2018_12_CLE_CIN,2018,12,CIN,CLE,20,-0.62307,0.35,-0.10152,12,-1.4054
2018_12_CLE_CIN,2018,12,CLE,CIN,36,0.62199,0.66667,0.91261,22,0.1653
2018_12_GB_MIN,2018,12,GB,MIN,50,-0.19761,0.46,-0.21059,31,-0.17644
2018_12_GB_MIN,2018,12,MIN,GB,55,0.17773,0.50909,0.38624,37,-0.25086
2018_12_JAX_BUF,2018,12,BUF,JAX,52,0.097,0.40385,0.20464,30,-0.04977
2018_12_JAX_BUF,2018,12,JAX,BUF,62,-0.06887,0.48387,-0.42765,28,0.22659
2018_12_MIA_IND,2018,12,IND,MIA,69,0.09129,0.50725,0.26277,42,-0.17547
2018_12_MIA_IND,2018,12,MIA,IND,52,0.05523,0.42308,0.12334,28,-0.02424
2018_12_NE_NYJ,2018,12,NE,NYJ,64,0.32999,0.51562,0.49754,30,0.18215
2018_12_NE_NYJ,2018,12,NYJ,NE,47,0.02971,0.34043,0.11369,35,-0.21523
2018_12_NYG_PHI,2018,12,NYG,PHI,61,0.14525,0.42623,0.20445,40,0.03249
2018_12_NYG_PHI,2018,12,PHI,NYG,64,0.12572,0.51562,0.24065,34,-0.00454
2018_12_OAK_BAL,2018,12,BAL,LV,63,0.07923,0.52381,-0.06745,28,0.19658
2018_12_OAK_BAL,2018,12,LV,BAL,52,0.02858,0.34615,0.08629,35,-0.09025
2018_12_PIT_DEN,2018,12,DEN,PIT,54,0.0289,0.38889,0.00394,33,0.06814
2018_12_PIT_DEN,2018,12,PIT,DEN,79,0.0254,0.50633,0.03425,65,-0.01565
2018_12_SEA_CAR,2018,12,CAR,SEA,59,0.24378,0.59322,0.43322,33,0.00334
2018_12_SEA_CAR,2018,12,SEA,CAR,59,0.29807,0.40678,0.65889,32,-0.12957
2018_12_SF_TB,2018,12,SF,TB,47,0.05863,0.46809,0.05717,25,0.06029
2018_12_SF_TB,2018,12,TB,SF,58,0.24072,0.51724,0.44849,41,-0.26036
2018_12_TEN_HOU,2018,12,HOU,TEN,48,0.34891,0.52083,0.32429,28,0.38337
2018_12_TEN_HOU,2018,12,TEN,HOU,41,0.01629,0.43902,0.25722,25,-0.36015
2018_12_WAS_DAL,2018,12,DAL,WAS,52,0.26041,0.51923,0.3662,33,0.07666
2018_12_WAS_DAL,2018,12,WAS,DAL,49,-0.16304,0.42857,-0.14565,35,-0.20652
2018_13_ARI_GB,2018,13,ARI,GB,61,0.06011,0.37705,-0.02213,33,0.15704
2018_13_ARI_GB,2018,13,GB,ARI,76,0.01742,0.46053,0.0938,56,-0.19644
2018_13_BAL_ATL,2018,13,ATL,BAL,40,-0.56822,0.3,-0.57825,27,-0.54739
2018_13_BAL_ATL,2018,13,BAL,ATL,74,-0.02806,0.47297,-0.09592,33,0.02656
2018_13_BUF_MIA,2018,13,BUF,MIA,72,0.07953,0.45833,0.21623,46,-0.16232
2018_13_BUF_MIA,2018,13,MIA,BUF,53,-0.08024,0.37736,0.02072,31,-0.22252
2018_13_CAR_TB,2018,13,CAR,TB,65,-0.0497,0.53846,-0.19706,48,0.36639
2018_13_CAR_TB,2018,13,TB,CAR,62,0.04046,0.41935,0.39588,42,-0.7059
2018_13_CHI_NYG,2018,13,CHI,NYG,78,-0.13553,0.41026,-0.22271,47,-0.00336
2018_13_CHI_NYG,2018,13,NYG,CHI,68,-0.07964,0.36765,-0.03087,41,-0.1537
2018_13_CLE_HOU,2018,13,CLE,HOU,21,-0.80582,0.47619,-1.09728,15,-0.07715
2018_13_CLE_HOU,2018,13,HOU,CLE,39,0.19752,0.4359,0.41389,22,-0.08249
2018_13_DEN_CIN,2018,13,CIN,DEN,64,-0.11245,0.34375,-0.08126,41,-0.16805
2018_13_DEN_CIN,2018,13,DEN,CIN,47,0.08334,0.48936,0.08175,24,0.085
2018_13_IND_JAX,2018,13,IND,JAX,76,-0.33661,0.34211,-0.22864,61,-0.77571
2018_13_IND_JAX,2018,13,JAX,IND,58,-0.24995,0.2931,0.01371,36,-0.68139
2018_13_KC_OAK,2018,13,KC,LV,68,0.29726,0.5,0.36946,44,0.16488
2018_13_KC_OAK,2018,13,LV,KC,61,-0.04078,0.45902,0.30734,34,-0.47915
2018_13_LAC_PIT,2018,13,LAC,PIT,63,0.24543,0.49206,0.40462,41,-0.05124
2018_13_LAC_PIT,2018,13,PIT,LAC,68,0.15237,0.45588,0.21171,50,-0.01247
2018_13_LA_DET,2018,13,DET,LA,62,-0.15292,0.40323,-0.11518,34,-0.19875
2018_13_LA_DET,2018,13,LA,DET,65,0.01135,0.43077,-0.0876,40,0.16967
2018_13_MIN_NE,2018,13,MIN,NE,46,-0.06922,0.43478,-0.14239,34,0.13812
2018_13_MIN_NE,2018,13,NE,MIN,59,0.23086,0.61017,0.47978,33,-0.08508
2018_13_NO_DAL,2018,13,DAL,NO,67,-0.09671,0.43284,0.09827,39,-0.3683
2018_13_NO_DAL,2018,13,NO,DAL,52,-0.25346,0.36538,-0.16814,33,-0.40163
2018_13_NYJ_TEN,2018,13,NYJ,TEN,68,-0.16463,0.33824,-0.27491,36,-0.04057
2018_13_NYJ_TEN,2018,13,TEN,NYJ,67,-0.07271,0.40299,-0.10679,47,0.00736
2018_13_SF_SEA,2018,13,SEA,SF,28,0.31684,0.35714,1.1842,10,-0.16503
2018_13_SF_SEA,2018,13,SF,SEA,32,-0.23295,0.375,0.16147,15,-0.58097
2018_13_WAS_PHI,2018,13,PHI,WAS,59,0.14877,0.52542,0.37535,37,-0.2323
2018_13_WAS_PHI,2018,13,WAS,PHI,37,-0.08836,0.40541,-0.16308,24,0.04958
2018_14_ATL_GB,2018,14,ATL,GB,30,-0.19462,0.4,-0.31429,16,-0.05786
2018_14_ATL_GB,2018,14,GB,ATL,41,0.23677,0.53659,0.23845,33,0.22985
2018_14_BAL_KC,2018,14,BAL,KC,71,0.04195,0.4507,0.10652,33,-0.01413
2018_14_BAL_KC,2018,14,KC,BAL,86,0.1464,0.46512,0.22567,60,-0.03654
2018_14_CAR_CLE,2018,14,CAR,CLE,74,-0.00192,0.39189,-0.02139,50,0.03864
2018_14_CAR_CLE,2018,14,CLE,CAR,49,0.00011,0.40816,-0.12667,31,0.21846
2018_14_CIN_LAC,2018,14,CIN,LAC,68,0.05403,0.44118,0.18792,37,-0.10579
2018_14_CIN_LAC,2018,14,LAC,CIN,57,0.07947,0.50877,0.13519,33,0.00285
2018_14_DEN_SF,2018,14,DEN,SF,62,-0.2382,0.29032,-0.20725,42,-0.3032
2018_14_DEN_SF,2018,14,SF,DEN,55,0.35283,0.54545,0.53023,37,-0.01181
2018_14_DET_ARI,2018,14,ARI,DET,56,-0.33751,0.26786,-0.28322,35,-0.42799
2018_14_DET_ARI,2018,14,DET,ARI,54,-0.16898,0.35185,-0.24866,29,-0.07657
2018_14_IND_HOU,2018,14,HOU,IND,72,0.05494,0.45833,0.14105,50,-0.14076
2018_14_IND_HOU,2018,14,IND,HOU,61,0.17881,0.54098,0.29716,45,-0.15405
2018_14_JAX_TEN,2018,14,JAX,TEN,38,-0.30101,0.31579,-0.11565,22,-0.55589
2018_14_JAX_TEN,2018,14,TEN,JAX,39,0.33087,0.51282,0.27622,23,0.40944
2018_14_LA_CHI,2018,14,CHI,LA,65,-0.21448,0.38462,-0.30453,35,-0.10941
2018_14_LA_CHI,2018,14,LA,CHI,56,-0.29994,0.35714,-0.3446,45,-0.11721
2018_14_MIN_SEA,2018,14,MIN,SEA,49,-0.21042,0.44898,-0.19218,29,-0.23687
2018_14_MIN_SEA,2018,14,SEA,MIN,62,-0.08928,0.40323,-0.27914,25,0.03901
2018_14_NE_MIA,2018,14,MIA,NE,48,0.39737,0.5,0.2753,27,0.55431
2018_14_NE_MIA,2018,14,NE,MIA,80,0.22681,0.4625,0.51386,49,-0.22691
2018_14_NO_TB,2018,14,NO,TB,51,-0.0061,0.47059,-0.06449,28,0.06499
2018_14_NO_TB,2018,14,TB,NO,63,-0.04876,0.34921,0.06248,44,-0.30636
2018_14_NYG_WAS,2018,14,NYG,WAS,23,0.17449,0.43478,-0.10218,13,0.53416
2018_14_NYG_WAS,2018,14,WAS,NYG,24,-0.97066,0.16667,-1.6021,12,-0.33922
2018_14_NYJ_BUF,2018,14,BUF,NYJ,76,0.0254,0.39474,0.02294,51,0.03043
2018_14_NYJ_BUF,2018,14,NYJ,BUF,51,0.07082,0.39216,0.22583,26,-0.09039
2018_14_PHI_DAL,2018,14,DAL,PHI,99,0.03649,0.48485,0.18304,62,-0.20909
2018_14_PHI_DAL,2018,14,PHI,DAL,52,-0.05727,0.48077,0.10606,39,-0.54727
2018_14_PIT_OAK,2018,14,LV,PIT,66,0.09164,0.40909,0.25023,41,-0.16844
2018_14_PIT_OAK,2018,14,PIT,LV,60,0.12153,0.51667,0.35289,42,-0.41831
2018_15_ARI_ATL,2018,15,ARI,ATL,38,-0.52595,0.34211,-0.75894,24,-0.12653
2018_15_ARI_ATL,2018,15,ATL,ARI,39,0.09892,0.46154,0.0374,28,0.25551
2018_15_CLE_DEN,2018,15,CLE,DEN,66,-0.04926,0.4697,-0.01421,39,-0.09988
2018_15_CLE_DEN,2018,15,DEN,CLE,71,-0.05402,0.4507,0.06358,53,-0.40027
2018_15_DAL_IND,2018,15,DAL,IND,47,-0.03892,0.51064,-0.09908,27,0.04229
2018_15_DAL_IND,2018,15,IND,DAL,40,0.25156,0.55,0.09848,27,0.5695
2018_15_DET_BUF,2018,15,BUF,DET,66,0.05672,0.43939,0.1784,33,-0.06496
2018_15_DET_BUF,2018,15,DET,BUF,58,0.05844,0.44828,0.0862,32,0.02427
2018_15_GB_CHI,2018,15,CHI,GB,57,0.04769,0.50877,0.43053,34,-0.51825
2018_15_GB_CHI,2018,15,GB,CHI,58,-0.06238,0.43103,-0.02049,42,-0.17234
2018_15_HOU_NYJ,2018,15,HOU,NYJ,50,0.08846,0.42,0.21388,37,-0.26852
2018_15_HOU_NYJ,2018,15,NYJ,HOU,72,-0.01868,0.41667,0.28775,44,-0.50021
2018_15_LAC_KC,2018,15,KC,LAC,60,0.23721,0.51667,0.3431,42,-0.00985
2018_15_LAC_KC,2018,15,LAC,KC,69,0.18642,0.50725,0.17762,45,0.20292
2018_15_MIA_MIN,2018,15,MIA,MIN,41,-0.27948,0.29268,-0.65636,24,0.25257
2018_15_MIA_MIN,2018,15,MIN,MIA,52,0.22482,0.46154,0.3963,24,0.07783
2018_15_NE_PIT,2018,15,NE,PIT,63,0.03942,0.47619,0.07749,40,-0.02677
2018_15_NE_PIT,2018,15,PIT,NE,62,0.15312,0.53226,0.18139,38,0.10837
2018_15_NO_CAR,2018,15,CAR,NO,57,-0.16973,0.33333,-0.18111,35,-0.15164
2018_15_NO_CAR,2018,15,NO,CAR,73,-0.12244,0.43836,-0.17735,42,-0.04804
2018_15_OAK_CIN,2018,15,CIN,LV,71,-0.017,0.30986,0.00932,40,-0.05097
2018_15_OAK_CIN,2018,15,LV,CIN,54,-0.15801,0.42593,-0.05072,38,-0.41281
2018_15_PHI_LA,2018,15,LA,PHI,54,-0.18204,0.53704,-0.25223,39,0.00044
2018_15_PHI_LA,2018,15,PHI,LA,52,0.20501,0.38462,0.44476,27,-0.05393
2018_15_SEA_SF,2018,15,SEA,SF,75,0.08831,0.4,0.19638,38,-0.02267
2018_15_SEA_SF,2018,15,SF,SEA,60,0.04658,0.41667,0.33041,36,-0.37917
2018_15_TB_BAL,2018,15,BAL,TB,66,0.03511,0.45455,0.17293,31,-0.08696
2018_15_TB_BAL,2018,15,TB,BAL,50,-0.17255,0.36,-0.30932,29,0.01631
2018_15_TEN_NYG,2018,15,NYG,TEN,48,-0.28362,0.25,-0.28323,32,-0.28441
2018_15_TEN_NYG,2018,15,TEN,NYG,54,0.10447,0.48148,0.04717,20,0.13818
2018_15_WAS_JAX,2018,15,JAX,WAS,52,-0.3323,0.28846,-0.49063,30,-0.11641
2018_15_WAS_JAX,2018,15,WAS,JAX,67,-0.0381,0.37313,0.14699,38,-0.28064
2018_16_ATL_CAR,2018,16,ATL,CAR,37,0.27737,0.45946,0.33011,24,0.17999
2018_16_ATL_CAR,2018,16,CAR,ATL,81,-0.14313,0.4321,-0.21365,58,0.0347
2018_16_BAL_LAC,2018,16,BAL,LAC,58,-0.07224,0.36207,0.07319,29,-0.21767
2018_16_BAL_LAC,2018,16,LAC,BAL,57,-0.44223,0.31579,-0.51667,40,-0.26708
2018_16_BUF_NE,2018,16,BUF,NE,41,-0.44381,0.34146,-0.59384,27,-0.15448
2018_16_BUF_NE,2018,16,NE,BUF,49,-0.09921,0.46939,-0.78665,20,0.37488
2018_16_CHI_SF,2018,16,CHI,SF,62,0.0863,0.56452,0.20582,35,-0.06864
2018_16_CHI_SF,2018,16,SF,CHI,55,-0.12041,0.4,-0.08666,40,-0.2104
2018_16_CIN_CLE,2018,16,CIN,CLE,28,-0.30075,0.28571,-0.3326,15,-0.264
2018_16_CIN_CLE,2018,16,CLE,CIN,40,0.30083,0.5,0.4403,24,0.09163
2018_16_DEN_OAK,2018,16,DEN,LV,49,-0.01498,0.36735,-0.01093,30,-0.02137
2018_16_DEN_OAK,2018,16,LV,DEN,46,0.19879,0.54348,0.31139,27,0.03878
2018_16_GB_NYJ,2018,16,GB,NYJ,85,0.26524,0.56471,0.23913,67,0.36242
2018_16_GB_NYJ,2018,16,NYJ,GB,53,0.33983,0.54717,0.62693,33,-0.13389
2018_16_HOU_PHI,2018,16,HOU,PHI,58,0.12261,0.44828,0.22506,46,-0.27015
2018_16_HOU_PHI,2018,16,PHI,HOU,78,0.14477,0.44872,0.30837,55,-0.24642
2018_16_JAX_MIA,2018,16,JAX,MIA,57,-0.14226,0.45614,-0.14439,30,-0.13989
2018_16_JAX_MIA,2018,16,MIA,JAX,46,-0.38917,0.36957,-0.2928,28,-0.53908
2018_16_KC_SEA,2018,16,KC,SEA,59,0.21563,0.55932,0.26004,42,0.10593
2018_16_KC_SEA,2018,16,SEA,KC,76,0.31009,0.5,0.55486,41,0.02336
2018_16_LA_ARI,2018,16,ARI,LA,38,-0.07059,0.31579,0.05051,28,-0.40965
2018_16_LA_ARI,2018,16,LA,ARI,51,0.33447,0.72549,0.17916,24,0.47252
2018_16_MIN_DET,2018,16,DET,MIN,48,-0.25871,0.35417,-0.05523,28,-0.54357
2018_16_MIN_DET,2018,16,MIN,DET,50,0.15686,0.4,0.40887,28,-0.16387
2018_16_NYG_IND,2018,16,IND,NYG,65,0.23391,0.55385,0.31781,51,-0.07174
2018_16_NYG_IND,2018,16,NYG,IND,63,0.25835,0.47619,0.54368,35,-0.09831
2018_16_PIT_NO,2018,16,NO,PIT,65,0.16788,0.47692,0.25037,46,-0.03183
2018_16_PIT_NO,2018,16,PIT,NO,74,0.1169,0.45946,0.30329,58,-0.55878
2018_16_TB_DAL,2018,16,DAL,TB,40,-0.06026,0.45,0.06495,25,-0.26895
2018_16_TB_DAL,2018,16,TB,DAL,71,-0.14681,0.40845,0.05014,48,-0.55785
2018_16_WAS_TEN,2018,16,TEN,WAS,56,0.09486,0.44643,0.27803,30,-0.11649
2018_16_WAS_TEN,2018,16,WAS,TEN,62,-0.00843,0.54839,-0.05436,28,0.0294
2018_17_ARI_SEA,2018,17,ARI,SEA,66,-0.35404,0.28788,-0.54078,41,-0.04779
2018_17_ARI_SEA,2018,17,SEA,ARI,62,-0.11614,0.37097,-0.30966,28,0.04324
2018_17_ATL_TB,2018,17,ATL,TB,74,0.18877,0.5,0.38718,47,-0.15662
2018_17_ATL_TB,2018,17,TB,ATL,61,0.15772,0.52459,0.31257,41,-0.15973
2018_17_CAR_NO,2018,17,CAR,NO,42,0.55595,0.64286,0.92107,24,0.06912
2018_17_CAR_NO,2018,17,NO,CAR,21,-0.24438,0.38095,-0.26249,13,-0.21496
2018_17_CHI_MIN,2018,17,CHI,MIN,60,0.23095,0.43333,0.36811,30,0.09379
2018_17_CHI_MIN,2018,17,MIN,CHI,45,-0.26403,0.33333,-0.38405,31,0.00173
2018_17_CIN_PIT,2018,17,CIN,PIT,49,-0.2094,0.30612,-0.30968,32,-0.02064
2018_17_CIN_PIT,2018,17,PIT,CIN,66,-0.11192,0.45455,-0.09227,48,-0.1643
2018_17_CLE_BAL,2018,17,BAL,CLE,71,0.194,0.46479,0.11648,31,0.25408
2018_17_CLE_BAL,2018,17,CLE,BAL,59,0.12727,0.44068,0.20401,44,-0.09783
2018_17_DAL_NYG,2018,17,DAL,NYG,74,0.24779,0.43243,0.41225,55,-0.22826
2018_17_DAL_NYG,2018,17,NYG,DAL,71,0.13137,0.4507,0.09484,44,0.19091
2018_17_DET_GB,2018,17,DET,GB,46,0.3139,0.47826,0.73244,22,-0.06976
2018_17_DET_GB,2018,17,GB,DET,29,-0.33511,0.27586,-0.23811,22,-0.63995
2018_17_IND_TEN,2018,17,IND,TEN,74,0.03583,0.45946,0.16483,43,-0.14311
2018_17_IND_TEN,2018,17,TEN,IND,41,-0.17551,0.41463,-0.28907,25,0.00193
2018_17_JAX_HOU,2018,17,HOU,JAX,47,0.04412,0.51064,0.02296,29,0.07822
2018_17_JAX_HOU,2018,17,JAX,HOU,34,-0.50575,0.23529,-0.4572,22,-0.59477
2018_17_LAC_DEN,2018,17,DEN,LAC,68,-0.2852,0.38235,-0.11743,42,-0.5562
2018_17_LAC_DEN,2018,17,LAC,DEN,48,-0.10853,0.41667,-0.00533,26,-0.23049
2018_17_MIA_BUF,2018,17,BUF,MIA,51,0.09715,0.43137,0.14896,30,0.02313
2018_17_MIA_BUF,2018,17,MIA,BUF,49,-0.33875,0.40816,-0.45969,31,-0.13044
2018_17_NYJ_NE,2018,17,NE,NYJ,40,0.2212,0.5,0.41522,25,-0.10216
2018_17_NYJ_NE,2018,17,NYJ,NE,31,-0.63268,0.35484,-0.43273,19,-0.94927
2018_17_OAK_KC,2018,17,KC,LV,22,0.39486,0.5,0.45509,17,0.19008
2018_17_OAK_KC,2018,17,LV,KC,50,-0.37184,0.56,-0.60653,29,-0.04774
2018_17_PHI_WAS,2018,17,PHI,WAS,58,0.18002,0.55172,0.24721,34,0.08483
2018_17_PHI_WAS,2018,17,WAS,PHI,21,-0.64091,0.19048,-0.51911,13,-0.83884
2018_17_SF_LA,2018,17,LA,SF,25,0.08845,0.48,0.35265,13,-0.19777
2018_17_SF_LA,2018,17,SF,LA,27,-0.74707,0.33333,-0.85204,17,-0.56862
2018_18_IND_HOU,2018,18,HOU,IND,40,-0.27101,0.425,-0.35468,32,0.06365
2018_18_IND_HOU,2018,18,IND,HOU,44,0.33278,0.56818,0.46607,26,0.14026
2018_18_LAC_BAL,2018,18,BAL,LAC,36,-0.7352,0.22222,-0.64378,18,-0.82661
2018_18_LAC_BAL,2018,18,LAC,BAL,54,-0.14755,0.44444,-0.18302,31,-0.09974
2018_18_PHI_CHI,2018,18,CHI,PHI,63,0.02904,0.39683,0.07576,47,-0.10822
2018_18_PHI_CHI,2018,18,PHI,CHI,66,0.01982,0.40909,0.22918,43,-0.37161
2018_18_SEA_DAL,2018,18,DAL,SEA,72,0.03427,0.43056,0.04403,37,0.02395
2018_18_SEA_DAL,2018,18,SEA,DAL,48,-0.16593,0.33333,-0.18786,24,-0.14401
2018_19_DAL_LA,2018,19,DAL,LA,45,0.09794,0.4,0.18292,28,-0.04203
2018_19_DAL_LA,2018,19,LA,DAL,67,0.30917,0.56716,0.14272,28,0.42868
2018_19_IND_KC,2018,19,IND,KC,29,-0.47813,0.41379,-0.49492,22,-0.42538
2018_19_IND_KC,2018,19,KC,IND,51,0.35117,0.52941,0.22243,36,0.66014
2018_19_LAC_NE,2018,19,LAC,NE,20,0.11888,0.35,0.22276,14,-0.12352
2018_19_LAC_NE,2018,19,NE,LAC,37,0.63864,0.62162,0.82267,22,0.36874
2018_19_PHI_NO,2018,19,NO,PHI,70,0.11583,0.44286,0.21184,43,-0.03706
2018_19_PHI_NO,2018,19,PHI,NO,48,-0.04489,0.41667,0.00184,33,-0.14769
2018_20_LA_NO,2018,20,LA,NO,69,0.01553,0.43478,0.1214,45,-0.18297
2018_20_LA_NO,2018,20,NO,LA,64,-0.09319,0.40625,0.04495,44,-0.39709
2018_20_NE_KC,2018,20,KC,NE,51,0.23902,0.43137,0.35327,40,-0.17641
2018_20_NE_KC,2018,20,NE,KC,96,0.17272,0.48958,0.27215,49,0.06905
2018_21_NE_LA,2018,21,LA,NE,57,-0.27503,0.33333,-0.30189,38,-0.22131
2018_21_NE_LA,2018,21,NE,LA,67,0.00306,0.47761,-0.00245,40,0.01122
2019_01_ATL_MIN,2019,1,ATL,MIN,33,-0.41534,0.30303,-0.20349,23,-0.90258
2019_01_ATL_MIN,2019,1,MIN,ATL,28,0.29329,0.46429,0.53824,10,0.1572
2019_01_BAL_MIA,2019,1,BAL,MIA,20,1.20586,0.65,2.20702,8,0.53842
2019_01_BAL_MIA,2019,1,MIA,BAL,14,-0.48845,0.28571,-0.32887,10,-0.88741
2019_01_BUF_NYJ,2019,1,BUF,NYJ,65,-0.0933,0.50769,-0.11252,47,-0.0431
2019_01_BUF_NYJ,2019,1,NYJ,BUF,66,-0.13659,0.42424,-0.11565,46,-0.18473
2019_01_CIN_SEA,2019,1,CIN,SEA,75,-0.00788,0.4,0.17613,59,-0.68643
2019_01_CIN_SEA,2019,1,SEA,CIN,49,-0.16178,0.32653,-0.03941,25,-0.28924
2019_01_DEN_OAK,2019,1,DEN,LV,52,-0.05802,0.44231,-0.07424,30,-0.0359
2019_01_DEN_OAK,2019,1,LV,DEN,45,0.35584,0.55556,0.61707,26,-0.00164
2019_01_DET_ARI,2019,1,ARI,DET,67,-0.24221,0.34328,-0.31173,46,-0.08993
2019_01_DET_ARI,2019,1,DET,ARI,73,0.09156,0.49315,0.28659,46,-0.24071
2019_01_GB_CHI,2019,1,CHI,GB,70,-0.22518,0.35714,-0.20461,55,-0.3006
2019_01_GB_CHI,2019,1,GB,CHI,56,-0.13524,0.35714,-0.03873,39,-0.35662
2019_01_HOU_NO,2019,1,HOU,NO,64,0.24982,0.46875,0.29361,41,0.17176
2019_01_HOU_NO,2019,1,NO,HOU,64,0.23445,0.57812,0.29185,43,0.11692
2019_01_IND_LAC,2019,1,IND,LAC,63,0.26829,0.57143,0.2327,30,0.30065
2019_01_IND_LAC,2019,1,LAC,IND,63,0.18821,0.49206,0.18968,42,0.18527
2019_01_KC_JAX,2019,1,JAX,KC,38,0.07189,0.44737,0.30527,23,-0.28596
2019_01_KC_JAX,2019,1,KC,JAX,45,0.52217,0.64444,0.74488,32,-0.02605
2019_01_LA_CAR,2019,1,CAR,LA,65,-0.14415,0.46154,-0.21893,42,-0.00759
2019_01_LA_CAR,2019,1,LA,CAR,71,0.03485,0.49296,-0.01489,42,0.1069
2019_01_NYG_DAL,2019,1,DAL,NYG,47,0.48143,0.57447,0.79704,32,-0.19189
2019_01_NYG_DAL,2019,1,NYG,DAL,44,0.12221,0.52273,0.02913,33,0.40147
2019_01_PIT_NE,2019,1,NE,PIT,42,0.26176,0.52381,0.40967,28,-0.03406
2019_01_PIT_NE,2019,1,PIT,NE,35,-0.32594,0.34286,-0.2646,25,-0.47928
2019_01_SF_TB,2019,1,SF,TB,64,-0.08803,0.39062,0.0421,34,-0.23552
2019_01_SF_TB,2019,1,TB,SF,60,-0.34204,0.41667,-0.55219,37,-0.00396
2019_01_TEN_CLE,2019,1,CLE,TEN,53,-0.09582,0.41509,-0.08235,37,-0.12697
2019_01_TEN_CLE,2019,1,TEN,CLE,49,0.22902,0.42857,0.32733,30,0.0738
2019_01_WAS_PHI,2019,1,PHI,WAS,62,0.23368,0.43548,0.45838,35,-0.05759
2019_01_WAS_PHI,2019,1,WAS,PHI,45,0.1511,0.37778,0.49783,30,-0.54235
2019_02_ARI_BAL,2019,2,ARI,BAL,56,0.09885,0.39286,0.24287,45,-0.49033
2019_02_ARI_BAL,2019,2,BAL,ARI,72,0.11103,0.43056,0.30093,46,-0.22495
2019_02_BUF_NYG,2019,2,BUF,NYG,59,0.20345,0.44068,0.22809,38,0.15886
2019_02_BUF_NYG,2019,2,NYG,BUF,55,-0.02654,0.47273,-0.1038,35,0.10868
2019_02_CHI_DEN,2019,2,CHI,DEN,60,0.03316,0.41667,0.05451,30,0.01182
2019_02_CHI_DEN,2019,2,DEN,CHI,81,0.04455,0.44444,0.15724,56,-0.20788
2019_02_CLE_NYJ,2019,2,CLE,NYJ,44,0.16553,0.36364,0.2489,31,-0.03329
2019_02_CLE_NYJ,2019,2,NYJ,CLE,43,-0.31824,0.27907,-0.42464,24,-0.18385
2019_02_DAL_WAS,2019,2,DAL,WAS,58,0.27172,0.56897,0.41538,33,0.08208
2019_02_DAL_WAS,2019,2,WAS,DAL,47,-0.07003,0.40426,-0.02254,30,-0.15385
2019_02_IND_TEN,2019,2,IND,TEN,68,0.03652,0.42647,0.02431,37,0.0511
2019_02_IND_TEN,2019,2,TEN,IND,57,-0.04299,0.4386,-0.02055,35,-0.07868
2019_02_JAX_HOU,2019,2,HOU,JAX,63,-0.10054,0.4127,-0.18753,35,0.00819
2019_02_JAX_HOU,2019,2,JAX,HOU,64,-0.17045,0.35938,-0.10538,46,-0.33674
2019_02_KC_OAK,2019,2,KC,LV,48,0.42705,0.45833,0.70957,37,-0.52323
2019_02_KC_OAK,2019,2,LV,KC,44,0.01818,0.47727,0.00386,31,0.05232
2019_02_LAC_DET,2019,2,DET,LAC,57,0.00855,0.47368,0.1827,32,-0.21436
2019_02_LAC_DET,2019,2,LAC,DET,65,-0.00326,0.49231,0.11267,41,-0.2013
2019_02_MIN_GB,2019,2,GB,MIN,68,-0.09424,0.41176,0.01234,38,-0.22924
2019_02_MIN_GB,2019,2,MIN,GB,65,-0.12857,0.35385,-0.37413,39,0.23977
2019_02_NE_MIA,2019,2,MIA,NE,26,-0.64429,0.19231,-0.76527,15,-0.47933
2019_02_NE_MIA,2019,2,NE,MIA,50,0.18205,0.48,0.31014,26,0.04329
2019_02_NO_LA,2019,2,LA,NO,54,0.05015,0.42593,0.07405,34,0.00952
2019_02_NO_LA,2019,2,NO,LA,51,-0.21043,0.39216,-0.12156,34,-0.38817
2019_02_PHI_ATL,2019,2,ATL,PHI,62,-0.04696,0.37097,0.01754,46,-0.23238
2019_02_PHI_ATL,2019,2,PHI,ATL,80,-0.10919,0.3875,-0.02437,55,-0.29578
2019_02_SEA_PIT,2019,2,PIT,SEA,56,-0.06225,0.48214,-0.10336,40,0.04052
2019_02_SEA_PIT,2019,2,SEA,PIT,75,0.04159,0.46667,0.33943,46,-0.43084
2019_02_SF_CIN,2019,2,CIN,SF,48,-0.10596,0.35417,-0.00335,32,-0.31119
2019_02_SF_CIN,2019,2,SF,CIN,41,0.4896,0.63415,0.66094,24,0.24771
2019_02_TB_CAR,2019,2,CAR,TB,75,-0.2397,0.37333,-0.08753,56,-0.68819
2019_02_TB_CAR,2019,2,TB,CAR,57,0.01229,0.40351,0.14534,30,-0.13554
2019_03_ATL_IND,2019,3,ATL,IND,59,0.30283,0.52542,0.49358,39,-0.06913
2019_03_ATL_IND,2019,3,IND,ATL,65,0.2769,0.53846,0.52341,43,-0.2049
2019_03_BAL_KC,2019,3,BAL,KC,67,0.09006,0.40299,-0.09127,39,0.34262
2019_03_BAL_KC,2019,3,KC,BAL,59,0.3679,0.59322,0.52178,41,0.01739
2019_03_CAR_ARI,2019,3,ARI,CAR,62,0.06144,0.51613,-0.04935,43,0.31216
2019_03_CAR_ARI,2019,3,CAR,ARI,46,0.4877,0.56522,0.61461,26,0.32272
2019_03_CHI_WAS,2019,3,CHI,WAS,37,0.29045,0.54054,0.47817,27,-0.21641
2019_03_CHI_WAS,2019,3,WAS,CHI,37,-0.73705,0.32432,-0.8273,25,-0.54902
2019_03_CIN_BUF,2019,3,BUF,CIN,74,-0.04357,0.47297,-0.00355,43,-0.09908
2019_03_CIN_BUF,2019,3,CIN,BUF,59,-0.182,0.35593,-0.23912,39,-0.07063
2019_03_DEN_GB,2019,3,DEN,GB,64,-0.06968,0.46875,-0.27365,27,0.07917
2019_03_DEN_GB,2019,3,GB,DEN,49,0.1575,0.38776,0.22141,29,0.06482
2019_03_DET_PHI,2019,3,DET,PHI,59,0.05846,0.35593,0.14361,34,-0.05736
2019_03_DET_PHI,2019,3,PHI,DET,74,-0.10115,0.39189,-0.0132,47,-0.25424
2019_03_HOU_LAC,2019,3,HOU,LAC,58,0.22272,0.48276,0.56903,42,-0.68634
2019_03_HOU_LAC,2019,3,LAC,HOU,74,-0.00285,0.44595,0.08132,56,-0.26473
2019_03_LA_CLE,2019,3,CLE,LA,68,-0.16202,0.36765,-0.10755,43,-0.25573
2019_03_LA_CLE,2019,3,LA,CLE,63,0.0444,0.44444,0.11336,41,-0.08411
2019_03_MIA_DAL,2019,3,DAL,MIA,53,0.16095,0.49057,0.31506,31,-0.0562
2019_03_MIA_DAL,2019,3,MIA,DAL,45,-0.09955,0.44444,0.20799,30,-0.71464
2019_03_NO_SEA,2019,3,NO,SEA,33,0.20696,0.54545,0.28508,25,-0.03719
2019_03_NO_SEA,2019,3,SEA,NO,34,-0.3158,0.26471,0.25058,19,-1.03321
2019_03_NYG_TB,2019,3,NYG,TB,62,0.13865,0.37097,0.26049,46,-0.21166
2019_03_NYG_TB,2019,3,TB,NYG,74,0.14621,0.5,0.2449,44,0.00145
2019_03_NYJ_NE,2019,3,NE,NYJ,22,0.67653,0.63636,0.91317,17,-0.12807
2019_03_NYJ_NE,2019,3,NYJ,NE,18,-0.61487,0.22222,-0.51514,9,-0.7146
2019_03_OAK_MIN,2019,3,LV,MIN,29,-0.2448,0.34483,-0.27771,19,-0.18227
2019_03_OAK_MIN,2019,3,MIN,LV,47,0.29153,0.53191,0.7083,22,-0.07523
2019_03_PIT_SF,2019,3,PIT,SF,53,-0.23543,0.32075,-0.18682,35,-0.32994
2019_03_PIT_SF,2019,3,SF,PIT,78,-0.14003,0.47436,0.08934,36,-0.33664
2019_03_TEN_JAX,2019,3,JAX,TEN,44,0.02939,0.40909,0.23117,33,-0.57595
2019_03_TEN_JAX,2019,3,TEN,JAX,50,-0.27216,0.22,-0.30032,28,-0.23633
2019_04_CAR_HOU,2019,4,CAR,HOU,66,-0.13303,0.40909,-0.0758,39,-0.2157
2019_04_CAR_HOU,2019,4,HOU,CAR,66,-0.22658,0.39394,-0.44837,46,0.28354
2019_04_CIN_PIT,2019,4,CIN,PIT,33,-0.47118,0.36364,-0.63587,24,-0.032
2019_04_CIN_PIT,2019,4,PIT,CIN,44,0.13818,0.56818,0.43539,26,-0.29112
2019_04_CLE_BAL,2019,4,BAL,CLE,54,0.06418,0.59259,0.07904,26,0.05038
2019_04_CLE_BAL,2019,4,CLE,BAL,54,0.42713,0.48148,0.46927,34,0.35548
2019_04_DAL_NO,2019,4,DAL,NO,57,-0.13887,0.38596,0.01048,38,-0.43757
2019_04_DAL_NO,2019,4,NO,DAL,70,-0.14676,0.42857,-0.19695,41,-0.07582
2019_04_JAX_DEN,2019,4,DEN,JAX,54,0.05959,0.42593,0.1436,39,-0.15882
2019_04_JAX_DEN,2019,4,JAX,DEN,82,0.10523,0.41463,0.05217,41,0.1583
2019_04_KC_DET,2019,4,DET,KC,76,-0.10525,0.48684,0.16125,42,-0.43445
2019_04_KC_DET,2019,4,KC,DET,68,0.13362,0.45588,0.2626,48,-0.17592
2019_04_LAC_MIA,2019,4,LAC,MIA,56,0.32259,0.58929,0.69,31,-0.13301
2019_04_LAC_MIA,2019,4,MIA,LAC,44,-0.04374,0.5,0.03718,26,-0.16063
2019_04_MIN_CHI,2019,4,CHI,MIN,47,0.13943,0.42553,0.30012,33,-0.23932
2019_04_MIN_CHI,2019,4,MIN,CHI,32,-0.51272,0.28125,-0.71619,20,-0.1736
2019_04_NE_BUF,2019,4,BUF,NE,78,-0.21359,0.39744,-0.29806,58,0.03135
2019_04_NE_BUF,2019,4,NE,BUF,60,-0.20659,0.28333,-0.29817,40,-0.02342
2019_04_OAK_IND,2019,4,IND,LV,61,-0.22865,0.36066,-0.23283,40,-0.22068
2019_04_OAK_IND,2019,4,LV,IND,53,0.15816,0.45283,0.16383,29,0.15131
2019_04_PHI_GB,2019,4,GB,PHI,78,0.19766,0.53846,0.31242,63,-0.28436
2019_04_PHI_GB,2019,4,PHI,GB,60,0.30033,0.53333,0.23747,31,0.36753
2019_04_SEA_ARI,2019,4,ARI,SEA,42,-0.29413,0.35714,-0.38339,25,-0.16286
2019_04_SEA_ARI,2019,4,SEA,ARI,45,0.13086,0.57778,0.16998,28,0.06644
2019_04_TB_LA,2019,4,LA,TB,64,-0.24459,0.4375,-0.24034,55,-0.2706
2019_04_TB_LA,2019,4,TB,LA,72,0.28394,0.48611,0.5487,43,-0.10863
2019_04_TEN_ATL,2019,4,ATL,TEN,69,-0.13955,0.4058,-0.04595,53,-0.44957
2019_04_TEN_ATL,2019,4,TEN,ATL,43,0.22413,0.46512,0.38305,26,-0.01893
2019_04_WAS_NYG,2019,4,NYG,WAS,53,0.1201,0.54717,0.17576,34,0.0205
2019_04_WAS_NYG,2019,4,WAS,NYG,32,-0.64387,0.21875,-0.72223,21,-0.49426
2019_05_ARI_CIN,2019,5,ARI,CIN,73,0.23804,0.49315,0.29751,37,0.17691
2019_05_ARI_CIN,2019,5,CIN,ARI,60,0.01126,0.48333,0.14182,37,-0.19878
2019_05_ATL_HOU,2019,5,ATL,HOU,51,0.06677,0.37255,0.11813,34,-0.03595
2019_05_ATL_HOU,2019,5,HOU,ATL,61,0.43967,0.54098,0.88724,30,0.00653
2019_05_BAL_PIT,2019,5,BAL,PIT,79,-0.09704,0.39241,-0.18816,43,0.0118
2019_05_BAL_PIT,2019,5,PIT,BAL,57,-0.10035,0.4386,-0.06231,39,-0.18277
2019_05_BUF_TEN,2019,5,BUF,TEN,58,-0.1202,0.39655,-0.07551,40,-0.2195
2019_05_BUF_TEN,2019,5,TEN,BUF,57,-0.08234,0.38596,-0.0876,32,-0.0756
2019_05_CHI_OAK,2019,5,CHI,LV,56,-0.00285,0.41071,0.13658,38,-0.29719
2019_05_CHI_OAK,2019,5,LV,CHI,72,0.05526,0.51389,0.11581,34,0.00109
2019_05_CLE_SF,2019,5,CLE,SF,32,-0.52077,0.28125,-0.87848,19,0.00204
2019_05_CLE_SF,2019,5,SF,CLE,31,0.39543,0.48387,0.005,14,0.71695
2019_05_DEN_LAC,2019,5,DEN,LAC,52,0.01321,0.48077,-0.10488,24,0.11444
2019_05_DEN_LAC,2019,5,LAC,DEN,64,-0.29511,0.35938,-0.24798,47,-0.4254
2019_05_GB_DAL,2019,5,DAL,GB,44,-0.36443,0.47727,-0.58057,28,0.0138
2019_05_GB_DAL,2019,5,GB,DAL,44,0.24994,0.52273,0.26529,28,0.22307
2019_05_IND_KC,2019,5,IND,KC,79,0.04236,0.55696,-0.04878,37,0.12264
2019_05_IND_KC,2019,5,KC,IND,59,-0.0927,0.35593,-0.03346,48,-0.35122
2019_05_JAX_CAR,2019,5,CAR,JAX,59,0.24076,0.49153,0.06565,36,0.51485
2019_05_JAX_CAR,2019,5,JAX,CAR,80,-0.03905,0.475,0.04131,54,-0.20594
2019_05_LA_SEA,2019,5,LA,SEA,70,0.14766,0.44286,0.26744,52,-0.19836
2019_05_LA_SEA,2019,5,SEA,LA,71,0.14293,0.46479,0.34125,34,-0.03931
2019_05_MIN_NYG,2019,5,MIN,NYG,50,0.38166,0.52,0.69388,30,-0.08666
2019_05_MIN_NYG,2019,5,NYG,MIN,61,-0.17224,0.37705,-0.14895,41,-0.21999
2019_05_NE_WAS,2019,5,NE,WAS,57,0.19034,0.42105,0.32095,41,-0.14437
2019_05_NE_WAS,2019,5,WAS,NE,33,-0.52045,0.24242,-0.80562,22,0.04987
2019_05_NYJ_PHI,2019,5,NYJ,PHI,34,-0.6641,0.23529,-0.85738,22,-0.30976
2019_05_NYJ_PHI,2019,5,PHI,NYJ,36,-0.09408,0.38889,-0.10759,24,-0.06707
2019_05_TB_NO,2019,5,NO,TB,56,0.23473,0.5,0.42085,37,-0.12772
2019_05_TB_NO,2019,5,TB,NO,42,0.03808,0.42857,0.03567,23,0.04101
2019_06_ATL_ARI,2019,6,ARI,ATL,65,0.27288,0.47692,0.53244,42,-0.20111
2019_06_ATL_ARI,2019,6,ATL,ARI,67,0.31964,0.55224,0.47342,44,0.02544
2019_06_CAR_TB,2019,6,CAR,TB,38,0.05738,0.34211,-0.00625,24,0.16645
2019_06_CAR_TB,2019,6,TB,CAR,45,-0.43037,0.37778,-0.54265,33,-0.12159
2019_06_CIN_BAL,2019,6,BAL,CIN,66,0.16981,0.4697,0.18823,34,0.15025
2019_06_CIN_BAL,2019,6,CIN,BAL,45,-0.21635,0.33333,-0.12211,32,-0.44833
2019_06_DAL_NYJ,2019,6,DAL,NYJ,82,0.11602,0.5122,0.2811,49,-0.1291
2019_06_DAL_NYJ,2019,6,NYJ,DAL,55,0.18341,0.41818,0.37684,37,-0.2142
2019_06_DET_GB,2019,6,DET,GB,54,-0.00319,0.35185,0.06218,36,-0.13393
2019_06_DET_GB,2019,6,GB,DET,72,0.03903,0.47222,0.06908,46,-0.01414
2019_06_HOU_KC,2019,6,HOU,KC,84,0.21205,0.55952,0.33216,51,0.02641
2019_06_HOU_KC,2019,6,KC,HOU,54,0.06621,0.42593,0.07193,44,0.04104
2019_06_NO_JAX,2019,6,JAX,NO,57,-0.22223,0.31579,-0.20512,35,-0.24945
2019_06_NO_JAX,2019,6,NO,JAX,62,0.0045,0.43548,0.06515,39,-0.09835
2019_06_NYG_NE,2019,6,NE,NYG,70,-0.15697,0.45714,-0.06094,44,-0.31948
2019_06_NYG_NE,2019,6,NYG,NE,39,-0.5651,0.33333,-0.74258,25,-0.24819
2019_06_PHI_MIN,2019,6,MIN,PHI,52,0.23878,0.5,0.55106,31,-0.2222
2019_06_PHI_MIN,2019,6,PHI,MIN,54,0.02793,0.51852,0.12044,37,-0.17342
2019_06_PIT_LAC,2019,6,LAC,PIT,26,-0.51831,0.34615,-0.11403,14,-0.98997
2019_06_PIT_LAC,2019,6,PIT,LAC,26,0.37952,0.5,0.76531,11,0.0966
2019_06_SEA_CLE,2019,6,CLE,SEA,68,-0.04946,0.45588,-0.02838,46,-0.09353
2019_06_SEA_CLE,2019,6,SEA,CLE,77,0.16321,0.49351,0.45736,47,-0.29762
2019_06_SF_LA,2019,6,LA,SF,42,-0.52477,0.42857,-0.67854,21,-0.371
2019_06_SF_LA,2019,6,SF,LA,63,0.07952,0.49206,0.23157,33,-0.08773
2019_06_TEN_DEN,2019,6,DEN,TEN,47,-0.15095,0.3617,-0.08117,25,-0.23025
2019_06_TEN_DEN,2019,6,TEN,DEN,53,-0.47246,0.28302,-0.44972,35,-0.51669
2019_06_WAS_MIA,2019,6,MIA,WAS,75,-0.1616,0.38667,-0.24977,54,0.06512
2019_06_WAS_MIA,2019,6,WAS,MIA,51,0.05604,0.35294,0.15493,23,-0.0252
2019_07_ARI_NYG,2019,7,ARI,NYG,61,0.07978,0.36066,0.23396,29,-0.05995
2019_07_ARI_NYG,2019,7,NYG,ARI,69,-0.1275,0.4058,-0.10532,49,-0.18184
2019_07_BAL_SEA,2019,7,BAL,SEA,52,0.16018,0.38462,0.36131,26,-0.04095
2019_07_BAL_SEA,2019,7,SEA,BAL,63,-0.22842,0.44444,-0.29112,39,-0.12651
2019_07_HOU_IND,2019,7,HOU,IND,63,-0.05802,0.49206,-0.02391,41,-0.12159
2019_07_HOU_IND,2019,7,IND,HOU,64,0.17126,0.45312,0.68829,41,-0.75041
2019_07_JAX_CIN,2019,7,CIN,JAX,59,-0.30796,0.33898,-0.19627,44,-0.63558
2019_07_JAX_CIN,2019,7,JAX,CIN,72,0.02924,0.40278,0.11182,41,-0.07997
2019_07_KC_DEN,2019,7,DEN,KC,44,-0.34469,0.34091,-0.33554,29,-0.36239
2019_07_KC_DEN,2019,7,KC,DEN,43,0.00081,0.44186,-0.00078,29,0.0041
2019_07_LAC_TEN,2019,7,LAC,TEN,63,0.09408,0.49206,0.41782,42,-0.55341
2019_07_LAC_TEN,2019,7,TEN,LAC,62,0.14629,0.5,0.44176,34,-0.21249
2019_07_LA_ATL,2019,7,ATL,LA,35,-0.44441,0.34286,-0.48273,26,-0.33371
2019_07_LA_ATL,2019,7,LA,ATL,51,0.24843,0.47059,0.47867,36,-0.30413
2019_07_MIA_BUF,2019,7,BUF,MIA,52,0.18301,0.5,0.2354,32,0.09919
2019_07_MIA_BUF,2019,7,MIA,BUF,56,0.00227,0.5,0.07263,29,-0.07331
2019_07_MIN_DET,2019,7,DET,MIN,71,0.17897,0.52113,0.29137,50,-0.08863
2019_07_MIN_DET,2019,7,MIN,DET,67,0.4676,0.55224,0.76461,36,0.12269
2019_07_NE_NYJ,2019,7,NE,NYJ,36,0.37882,0.47222,0.6442,21,0.00728
2019_07_NE_NYJ,2019,7,NYJ,NE,16,-0.73223,0.375,-1.57787,8,0.11342
2019_07_NO_CHI,2019,7,CHI,NO,34,-0.62415,0.26471,-0.33633,27,-1.73432
2019_07_NO_CHI,2019,7,NO,CHI,56,0.15328,0.46429,0.21788,35,0.04562
2019_07_OAK_GB,2019,7,GB,LV,45,0.63081,0.6,0.83322,34,0.00518
2019_07_OAK_GB,2019,7,LV,GB,43,0.26639,0.51163,0.34259,25,0.16056
2019_07_PHI_DAL,2019,7,DAL,PHI,37,0.29869,0.56757,0.36648,19,0.22714
2019_07_PHI_DAL,2019,7,PHI,DAL,30,-0.29171,0.36667,-0.45777,15,-0.12566
2019_07_SF_WAS,2019,7,SF,WAS,62,-0.05408,0.3871,0.15799,27,-0.21768
2019_07_SF_WAS,2019,7,WAS,SF,43,-0.29645,0.32558,0.07339,14,-0.475
2019_08_ARI_NO,2019,8,ARI,NO,36,-0.23742,0.33333,-0.07742,28,-0.79742
2019_08_ARI_NO,2019,8,NO,ARI,63,0.12935,0.47619,0.21749,41,-0.03491
2019_08_CAR_SF,2019,8,CAR,SF,25,-0.41993,0.32,-0.52678,18,-0.14517
2019_08_CAR_SF,2019,8,SF,CAR,41,0.42935,0.4878,0.44038,21,0.41777
2019_08_CIN_LA,2019,8,CIN,LA,55,-0.01543,0.38182,-0.0975,36,0.14008
2019_08_CIN_LA,2019,8,LA,CIN,43,0.63922,0.48837,1.03813,26,0.02912
2019_08_CLE_NE,2019,8,CLE,NE,45,-0.32927,0.4,-0.27613,25,-0.3957
2019_08_CLE_NE,2019,8,NE,CLE,48,0.0996,0.41667,0.25465,32,-0.21049
2019_08_DEN_IND,2019,8,DEN,IND,73,-0.08146,0.36986,-0.01717,42,-0.16857
2019_08_DEN_IND,2019,8,IND,DEN,63,-0.09573,0.44444,-0.08517,36,-0.1098
2019_08_GB_KC,2019,8,GB,KC,63,0.29181,0.52381,0.42205,42,0.03132
2019_08_GB_KC,2019,8,KC,GB,59,0.12339,0.47458,0.22777,40,-0.09637
2019_08_LAC_CHI,2019,8,CHI,LAC,78,-0.06571,0.42308,-0.02804,43,-0.11199
2019_08_LAC_CHI,2019,8,LAC,CHI,45,-0.14736,0.37778,-0.0882,32,-0.293
2019_08_MIA_PIT,2019,8,MIA,PIT,43,-0.23845,0.39535,-0.12193,29,-0.47981
2019_08_MIA_PIT,2019,8,PIT,MIA,68,0.09409,0.36765,0.19297,40,-0.04716
2019_08_NYG_DET,2019,8,DET,NYG,54,0.20668,0.38889,0.64584,32,-0.43211
2019_08_NYG_DET,2019,8,NYG,DET,63,-0.00401,0.4127,0.04393,41,-0.09336
2019_08_NYJ_JAX,2019,8,JAX,NYJ,63,0.18383,0.36508,0.41611,42,-0.28074
2019_08_NYJ_JAX,2019,8,NYJ,JAX,48,-0.15141,0.45833,-0.13326,35,-0.20027
2019_08_OAK_HOU,2019,8,HOU,LV,76,0.1824,0.53947,0.27881,49,0.00744
2019_08_OAK_HOU,2019,8,LV,HOU,55,0.17949,0.41818,0.44315,31,-0.16106
2019_08_PHI_BUF,2019,8,BUF,PHI,51,-0.11615,0.37255,0.02074,37,-0.47794
2019_08_PHI_BUF,2019,8,PHI,BUF,54,0.23693,0.5,0.1635,29,0.32211
2019_08_SEA_ATL,2019,8,ATL,SEA,46,-0.10149,0.43478,0.00234,32,-0.33881
2019_08_SEA_ATL,2019,8,SEA,ATL,43,0.15425,0.55814,0.16067,18,0.14962
2019_08_TB_TEN,2019,8,TB,TEN,80,-0.04292,0.4375,0.13814,55,-0.44125
2019_08_TB_TEN,2019,8,TEN,TB,57,-0.11046,0.38596,0.19134,38,-0.71404
2019_08_WAS_MIN,2019,8,MIN,WAS,57,0.00315,0.38596,0.2259,30,-0.24436
2019_08_WAS_MIN,2019,8,WAS,MIN,42,-0.24353,0.45238,-0.23428,26,-0.25856
2019_09_CHI_PHI,2019,9,CHI,PHI,43,-0.1338,0.32558,-0.23412,25,0.00553
2019_09_CHI_PHI,2019,9,PHI,CHI,81,0.06168,0.4321,0.22765,48,-0.17974
2019_09_CLE_DEN,2019,9,CLE,DEN,75,-0.0005,0.4,0.24028,48,-0.42857
2019_09_CLE_DEN,2019,9,DEN,CLE,44,0.07561,0.43182,0.09157,27,0.05027
2019_09_DAL_NYG,2019,9,DAL,NYG,65,0.15637,0.56923,0.22296,38,0.06264
2019_09_DAL_NYG,2019,9,NYG,DAL,53,-0.12983,0.43396,-0.17848,34,-0.04276
2019_09_DET_OAK,2019,9,DET,LV,69,0.15095,0.49275,0.33918,47,-0.25117
2019_09_DET_OAK,2019,9,LV,DET,70,0.22695,0.44286,0.36863,34,0.09314
2019_09_GB_LAC,2019,9,GB,LAC,26,-0.28096,0.34615,-0.32763,18,-0.17595
2019_09_GB_LAC,2019,9,LAC,GB,50,0.14144,0.54,0.1274,30,0.16249
2019_09_HOU_JAX,2019,9,HOU,JAX,55,0.26268,0.50909,0.4574,32,-0.00823
2019_09_HOU_JAX,2019,9,JAX,HOU,48,-0.23619,0.29167,-0.29717,37,-0.03108
2019_09_IND_PIT,2019,9,IND,PIT,70,-0.03626,0.44286,-0.13883,41,0.10875
2019_09_IND_PIT,2019,9,PIT,IND,60,-0.13723,0.33333,-0.0499,38,-0.28808
2019_09_MIN_KC,2019,9,KC,MIN,58,0.1079,0.5,0.06527,39,0.19539
2019_09_MIN_KC,2019,9,MIN,KC,70,0.02599,0.31429,0.20964,43,-0.26648
2019_09_NE_BAL,2019,9,BAL,NE,54,0.1819,0.53704,0.46462,25,-0.06183
2019_09_NE_BAL,2019,9,NE,BAL,61,-0.12156,0.4918,-0.16443,44,-0.0106
2019_09_NYJ_MIA,2019,9,MIA,NYJ,61,0.16067,0.44262,0.39615,43,-0.40187
2019_09_NYJ_MIA,2019,9,NYJ,MIA,53,-0.11069,0.37736,-0.01393,33,-0.27033
2019_09_SF_ARI,2019,9,ARI,SF,56,0.17239,0.46429,0.15818,33,0.19276
2019_09_SF_ARI,2019,9,SF,ARI,61,0.31855,0.44262,0.61675,37,-0.14119
2019_09_TB_SEA,2019,9,SEA,TB,74,0.2483,0.52703,0.41233,52,-0.1394
2019_09_TB_SEA,2019,9,TB,SEA,76,0.19781,0.48684,0.30372,51,-0.01825
2019_09_TEN_CAR,2019,9,CAR,TEN,60,0.23544,0.5,0.22513,32,0.24723
2019_09_TEN_CAR,2019,9,TEN,CAR,33,-0.12732,0.48485,-0.11222,20,-0.15055
2019_09_WAS_BUF,2019,9,BUF,WAS,50,-0.0051,0.44,0.20577,20,-0.14568
2019_09_WAS_BUF,2019,9,WAS,BUF,45,-0.07131,0.35556,-0.07279,24,-0.06961
2019_10_ARI_TB,2019,10,ARI,TB,67,0.08153,0.37313,0.13874,50,-0.08676
2019_10_ARI_TB,2019,10,TB,ARI,83,0.04857,0.39759,0.09041,59,-0.05429
2019_10_ATL_NO,2019,10,ATL,NO,65,0.18708,0.43077,0.29975,39,0.01806
2019_10_ATL_NO,2019,10,NO,ATL,44,-0.1556,0.40909,-0.2209,33,0.04033
2019_10_BAL_CIN,2019,10,BAL,CIN,27,0.73001,0.66667,1.62654,13,-0.10248
2019_10_BAL_CIN,2019,10,CIN,BAL,32,-0.37751,0.4375,-0.63719,16,-0.11783
2019_10_BUF_CLE,2019,10,BUF,CLE,68,0.0379,0.39706,0.05453,47,0.00068
2019_10_BUF_CLE,2019,10,CLE,BUF,68,0.06639,0.44118,0.14756,44,-0.08244
2019_10_CAR_GB,2019,10,CAR,GB,70,-0.01075,0.45714,0.07148,50,-0.21632
2019_10_CAR_GB,2019,10,GB,CAR,60,0.1831,0.48333,0.15196,36,0.22981
2019_10_DET_CHI,2019,10,CHI,DET,43,0.04584,0.4186,0.06806,29,-0.00016
2019_10_DET_CHI,2019,10,DET,CHI,72,-0.17576,0.34722,-0.15724,50,-0.21786
2019_10_KC_TEN,2019,10,KC,TEN,79,0.18882,0.56962,0.45742,56,-0.46518
2019_10_KC_TEN,2019,10,TEN,KC,50,0.16544,0.54,0.01185,25,0.31903
2019_10_LAC_OAK,2019,10,LAC,LV,75,-0.02232,0.53333,-0.12563,44,0.12432
2019_10_LAC_OAK,2019,10,LV,LAC,58,0.01982,0.43103,0.10998,37,-0.13903
2019_10_LA_PIT,2019,10,LA,PIT,76,-0.39276,0.36842,-0.43643,52,-0.29813
2019_10_LA_PIT,2019,10,PIT,LA,69,-0.30406,0.31884,0.02048,44,-0.87526
2019_10_MIA_IND,2019,10,IND,MIA,68,-0.34515,0.38235,-0.50727,41,-0.09895
2019_10_MIA_IND,2019,10,MIA,IND,64,-0.29356,0.28125,-0.18656,41,-0.48431
2019_10_MIN_DAL,2019,10,DAL,MIN,71,0.18708,0.43662,0.44241,49,-0.3816
2019_10_MIN_DAL,2019,10,MIN,DAL,71,0.25618,0.49296,0.36278,37,0.14017
2019_10_NYG_NYJ,2019,10,NYG,NYJ,67,-0.03004,0.31343,0.19666,51,-0.75265
2019_10_NYG_NYJ,2019,10,NYJ,NYG,61,0.09745,0.36066,0.30057,36,-0.19503
2019_10_SEA_SF,2019,10,SEA,SF,72,-0.29793,0.45833,-0.34313,43,-0.2309
2019_10_SEA_SF,2019,10,SF,SEA,81,-0.27843,0.37037,-0.28839,55,-0.25737
2019_11_ARI_SF,2019,11,ARI,SF,67,0.00623,0.47761,-0.04992,42,0.10054
2019_11_ARI_SF,2019,11,SF,ARI,69,0.10414,0.50725,0.24088,55,-0.43306
2019_11_ATL_CAR,2019,11,ATL,CAR,34,0.17621,0.41176,0.28072,25,-0.1141
2019_11_ATL_CAR,2019,11,CAR,ATL,46,-0.41002,0.32609,-0.55475,34,5e-05
2019_11_BUF_MIA,2019,11,BUF,MIA,59,0.3898,0.47458,0.58441,33,0.14279
2019_11_BUF_MIA,2019,11,MIA,BUF,47,-0.16099,0.3617,-0.20624,35,-0.02901
2019_11_CHI_LA,2019,11,CHI,LA,69,-0.16276,0.33333,-0.13417,47,-0.22386
2019_11_CHI_LA,2019,11,LA,CHI,49,-0.15606,0.42857,0.13297,21,-0.37283
2019_11_CIN_OAK,2019,11,CIN,LV,59,-0.18168,0.37288,-0.41778,39,0.27871
2019_11_CIN_OAK,2019,11,LV,CIN,62,0.0349,0.45161,0.2762,35,-0.2779
2019_11_DAL_DET,2019,11,DAL,DET,65,0.30331,0.58462,0.48297,48,-0.20396
2019_11_DAL_DET,2019,11,DET,DAL,59,0.01911,0.40678,0.1066,34,-0.09988
2019_11_DEN_MIN,2019,11,DEN,MIN,76,0.06864,0.43421,0.12211,45,-0.00899
2019_11_DEN_MIN,2019,11,MIN,DEN,62,0.07441,0.48387,0.18216,44,-0.18896
2019_11_HOU_BAL,2019,11,BAL,HOU,39,0.32086,0.4359,0.63075,23,-0.12459
2019_11_HOU_BAL,2019,11,HOU,BAL,36,-0.33369,0.38889,-0.31175,26,-0.39071
2019_11_JAX_IND,2019,11,IND,JAX,53,0.19835,0.49057,0.13832,31,0.28293
2019_11_JAX_IND,2019,11,JAX,IND,38,-0.22593,0.28947,-0.22158,29,-0.23995
2019_11_KC_LAC,2019,11,KC,LAC,66,0.04222,0.40909,0.11379,43,-0.09159
2019_11_KC_LAC,2019,11,LAC,KC,75,-0.0684,0.4,-0.08637,56,-0.01546
2019_11_NE_PHI,2019,11,NE,PHI,70,-0.05457,0.37143,-0.01102,50,-0.16344
2019_11_NE_PHI,2019,11,PHI,NE,67,-0.17925,0.41791,-0.21658,49,-0.07763
2019_11_NO_TB,2019,11,NO,TB,59,0.20637,0.50847,0.26452,36,0.11535
2019_11_NO_TB,2019,11,TB,NO,55,-0.02518,0.43636,0.0163,50,-0.43992
2019_11_NYJ_WAS,2019,11,NYJ,WAS,43,0.11671,0.48837,0.30151,24,-0.11672
2019_11_NYJ_WAS,2019,11,WAS,NYJ,42,-0.49407,0.2619,-0.63947,25,-0.28024
2019_11_PIT_CLE,2019,11,CLE,PIT,63,-0.0442,0.36508,0.1121,34,-0.22745
2019_11_PIT_CLE,2019,11,PIT,CLE,59,-0.34528,0.40678,-0.36929,44,-0.27485
2019_12_BAL_LA,2019,12,BAL,LA,33,0.67508,0.75758,0.76943,12,0.62117
2019_12_BAL_LA,2019,12,LA,BAL,27,-0.06753,0.40741,-0.00414,19,-0.21807
2019_12_CAR_NO,2019,12,CAR,NO,74,0.18748,0.51351,0.39476,46,-0.15305
2019_12_CAR_NO,2019,12,NO,CAR,63,0.06635,0.47619,0.16192,44,-0.15498
2019_12_DAL_NE,2019,12,DAL,NE,63,-0.1677,0.39683,-0.26529,38,-0.01938
2019_12_DAL_NE,2019,12,NE,DAL,62,-0.10864,0.3871,-0.08215,39,-0.15355
2019_12_DEN_BUF,2019,12,BUF,DEN,60,0.11875,0.46667,0.25124,29,-0.00519
2019_12_DEN_BUF,2019,12,DEN,BUF,43,-0.3283,0.34884,-0.53579,28,0.059
2019_12_DET_WAS,2019,12,DET,WAS,74,-0.10372,0.39189,-0.03258,45,-0.21411
2019_12_DET_WAS,2019,12,WAS,DET,56,-0.26239,0.33929,-0.29088,35,-0.2149
2019_12_GB_SF,2019,12,GB,SF,33,-0.62001,0.24242,-0.76279,22,-0.33444
2019_12_GB_SF,2019,12,SF,GB,29,-0.04144,0.37931,-0.04285,18,-0.03914
2019_12_IND_HOU,2019,12,HOU,IND,56,0.05647,0.41071,0.28996,31,-0.23305
2019_12_IND_HOU,2019,12,IND,HOU,66,0.0016,0.45455,-0.15673,30,0.13354
2019_12_JAX_TEN,2019,12,JAX,TEN,36,-0.17593,0.27778,-0.08376,22,-0.32076
2019_12_JAX_TEN,2019,12,TEN,JAX,32,0.39144,0.59375,0.47293,18,0.28668
2019_12_MIA_CLE,2019,12,CLE,MIA,38,0.41017,0.65789,0.80913,21,-0.08265
2019_12_MIA_CLE,2019,12,MIA,CLE,23,-0.53761,0.17391,-0.42966,14,-0.70553
2019_12_NYG_CHI,2019,12,CHI,NYG,64,-0.13029,0.40625,-0.07183,47,-0.29191
2019_12_NYG_CHI,2019,12,NYG,CHI,56,-0.38164,0.28571,-0.53055,37,-0.09166
2019_12_OAK_NYJ,2019,12,LV,NYJ,34,-0.15905,0.35294,0.1078,22,-0.64829
2019_12_OAK_NYJ,2019,12,NYJ,LV,40,0.34019,0.5,0.5331,25,0.01868
2019_12_PIT_CIN,2019,12,CIN,PIT,57,-0.31355,0.31579,-0.34933,34,-0.26067
2019_12_PIT_CIN,2019,12,PIT,CIN,68,-0.07285,0.35294,-0.1528,36,0.01709
2019_12_SEA_PHI,2019,12,PHI,SEA,57,-0.43093,0.45614,-0.42962,36,-0.43318
2019_12_SEA_PHI,2019,12,SEA,PHI,48,0.01773,0.3125,-0.15561,31,0.33381
2019_12_TB_ATL,2019,12,ATL,TB,62,-0.12357,0.3871,-0.10587,44,-0.16683
2019_12_TB_ATL,2019,12,TB,ATL,50,0.2866,0.44,0.52416,30,-0.06974
2019_13_BUF_DAL,2019,13,BUF,DAL,45,0.30019,0.51111,0.60154,28,-0.19615
2019_13_BUF_DAL,2019,13,DAL,BUF,59,-0.07817,0.45763,-0.11998,43,0.0342
2019_13_CHI_DET,2019,13,CHI,DET,63,0.08072,0.55556,0.18535,43,-0.14424
2019_13_CHI_DET,2019,13,DET,CHI,74,-0.00985,0.37838,0.08884,48,-0.19206
2019_13_CLE_PIT,2019,13,CLE,PIT,66,-0.06742,0.39394,-0.11801,41,0.01555
2019_13_CLE_PIT,2019,13,PIT,CLE,52,0.09257,0.42308,0.35829,24,-0.13518
2019_13_GB_NYG,2019,13,GB,NYG,49,0.31799,0.42857,0.6524,34,-0.44001
2019_13_GB_NYG,2019,13,NYG,GB,56,-0.05687,0.44643,0.04013,30,-0.16879
2019_13_LAC_DEN,2019,13,DEN,LAC,56,-0.17358,0.33929,-0.06757,33,-0.32569
2019_13_LAC_DEN,2019,13,LAC,DEN,62,-0.00604,0.40323,0.09069,33,-0.11611
2019_13_LA_ARI,2019,13,ARI,LA,23,-0.47268,0.17391,-0.54802,14,-0.3555
2019_13_LA_ARI,2019,13,LA,ARI,50,0.40835,0.58,0.54601,35,0.08716
2019_13_MIN_SEA,2019,13,MIN,SEA,51,-0.08944,0.41176,-0.04714,36,-0.19096
2019_13_MIN_SEA,2019,13,SEA,MIN,72,0.11942,0.54167,-0.0587,36,0.29754
2019_13_NE_HOU,2019,13,HOU,NE,43,0.13642,0.4186,0.36459,27,-0.24863
2019_13_NE_HOU,2019,13,NE,HOU,49,-0.24579,0.36735,-0.44472,29,0.04265
2019_13_NO_ATL,2019,13,ATL,NO,69,-0.18921,0.42029,-0.19881,46,-0.17001
2019_13_NO_ATL,2019,13,NO,ATL,42,0.03859,0.47619,0.00995,26,0.08511
2019_13_NYJ_CIN,2019,13,CIN,NYJ,44,0.20568,0.5,0.33402,32,-0.13656
2019_13_NYJ_CIN,2019,13,NYJ,CIN,43,-0.13486,0.37209,-0.20615,30,0.02964
2019_13_OAK_KC,2019,13,KC,LV,32,0.08064,0.5,0.34864,22,-0.50896
2019_13_OAK_KC,2019,13,LV,KC,32,-0.3874,0.40625,-0.81448,14,-0.05523
2019_13_PHI_MIA,2019,13,MIA,PHI,68,0.29356,0.55882,0.4295,53,-0.18677
2019_13_PHI_MIA,2019,13,PHI,MIA,69,0.17735,0.46377,0.26169,50,-0.04461
2019_13_SF_BAL,2019,13,BAL,SF,64,0.01164,0.48438,-0.00662,25,0.02335
2019_13_SF_BAL,2019,13,SF,BAL,55,0.12812,0.43636,0.1246,28,0.13178
2019_13_TB_JAX,2019,13,JAX,TB,32,-0.62851,0.34375,-0.89055,20,-0.19179
2019_13_TB_JAX,2019,13,TB,JAX,30,0.38669,0.5,0.48704,19,0.21335
2019_13_TEN_IND,2019,13,IND,TEN,62,-0.10118,0.40323,-0.08179,38,-0.13187
2019_13_TEN_IND,2019,13,TEN,IND,54,-0.10218,0.42593,-0.17433,30,-0.01199
2019_13_WAS_CAR,2019,13,CAR,WAS,61,-0.22437,0.36066,-0.16543,44,-0.37692
2019_13_WAS_CAR,2019,13,WAS,CAR,60,0.0569,0.45,-0.20446,35,0.4228
2019_14_BAL_BUF,2019,14,BAL,BUF,58,-0.02321,0.37931,0.03403,26,-0.06972
2019_14_BAL_BUF,2019,14,BUF,BAL,69,-0.29442,0.31884,-0.36742,47,-0.13845
2019_14_CAR_ATL,2019,14,ATL,CAR,49,0.28817,0.46939,0.43839,29,0.07036
2019_14_CAR_ATL,2019,14,CAR,ATL,41,-0.10374,0.53659,-0.20992,25,0.06217
2019_14_CIN_CLE,2019,14,CIN,CLE,68,-0.03791,0.48529,-0.15143,38,0.10589
2019_14_CIN_CLE,2019,14,CLE,CIN,46,0.06752,0.41304,-0.01087,28,0.18947
2019_14_DAL_CHI,2019,14,CHI,DAL,51,0.39813,0.62745,0.51422,33,0.18529
2019_14_DAL_CHI,2019,14,DAL,CHI,39,-0.01836,0.33333,-0.06177,20,0.02733
2019_14_DEN_HOU,2019,14,DEN,HOU,23,0.65561,0.43478,1.11714,15,-0.20975
2019_14_DEN_HOU,2019,14,HOU,DEN,33,-0.47099,0.39394,-0.80104,23,0.28814
2019_14_DET_MIN,2019,14,DET,MIN,42,-0.396,0.33333,-0.49565,25,-0.24947
2019_14_DET_MIN,2019,14,MIN,DET,47,0.11397,0.46809,0.28728,25,-0.08297
2019_14_IND_TB,2019,14,IND,TB,63,0.04156,0.33333,0.10673,43,-0.09855
2019_14_IND_TB,2019,14,TB,IND,75,0.03201,0.52,0.1445,52,-0.2223
2019_14_KC_NE,2019,14,KC,NE,73,-0.01636,0.38356,-0.00117,49,-0.04738
2019_14_KC_NE,2019,14,NE,KC,66,-0.14952,0.37879,-0.16254,44,-0.12347
2019_14_LAC_JAX,2019,14,JAX,LAC,31,-0.11622,0.41935,-0.06909,17,-0.17346
2019_14_LAC_JAX,2019,14,LAC,JAX,33,0.79695,0.60606,0.92352,19,0.62517
2019_14_MIA_NYJ,2019,14,MIA,NYJ,72,0.05773,0.45833,0.17173,50,-0.20137
2019_14_MIA_NYJ,2019,14,NYJ,MIA,69,0.00976,0.42029,0.24248,38,-0.2755
2019_14_NYG_PHI,2019,14,NYG,PHI,51,-0.10347,0.35294,-0.05722,32,-0.18136
2019_14_NYG_PHI,2019,14,PHI,NYG,88,0.00979,0.46591,0.09262,57,-0.14252
2019_14_PIT_ARI,2019,14,ARI,PIT,58,-0.10969,0.43103,-0.10732,39,-0.11457
2019_14_PIT_ARI,2019,14,PIT,ARI,59,-0.00082,0.47458,0.36807,28,-0.33401
2019_14_SEA_LA,2019,14,LA,SEA,55,0.14124,0.54545,0.1908,32,0.07228
2019_14_SEA_LA,2019,14,SEA,LA,42,-0.25047,0.42857,-0.279,27,-0.19913
2019_14_SF_NO,2019,14,NO,SF,73,0.1301,0.50685,0.35026,46,-0.24497
2019_14_SF_NO,2019,14,SF,NO,63,0.37391,0.49206,0.53236,41,0.07862
2019_14_TEN_OAK,2019,14,LV,TEN,47,-0.04305,0.44681,-0.02704,29,-0.06883
2019_14_TEN_OAK,2019,14,TEN,LV,51,0.53089,0.60784,0.72082,30,0.25957
2019_14_WAS_GB,2019,14,GB,WAS,49,0.04529,0.40816,-0.11381,31,0.31929
2019_14_WAS_GB,2019,14,WAS,GB,54,-0.13402,0.37037,-0.19809,25,-0.0788
2019_15_ATL_SF,2019,15,ATL,SF,66,0.10412,0.48485,0.22814,47,-0.20266
2019_15_ATL_SF,2019,15,SF,ATL,64,0.00392,0.45312,0.14537,38,-0.20282
2019_15_BUF_PIT,2019,15,BUF,PIT,61,-0.1317,0.39344,-0.07474,31,-0.19055
2019_15_BUF_PIT,2019,15,PIT,BUF,59,-0.37344,0.38983,-0.37565,42,-0.36798
2019_15_CHI_GB,2019,15,CHI,GB,56,-0.36147,0.33929,-0.39804,38,-0.28428
2019_15_CHI_GB,2019,15,GB,CHI,44,0.05483,0.38636,0.09813,31,-0.04843
2019_15_CLE_ARI,2019,15,ARI,CLE,48,0.34676,0.60417,0.4038,25,0.28476
2019_15_CLE_ARI,2019,15,CLE,ARI,49,0.1313,0.53061,0.02142,28,0.27779
2019_15_DEN_KC,2019,15,DEN,KC,25,-0.12959,0.24,-0.01759,17,-0.36757
2019_15_DEN_KC,2019,15,KC,DEN,48,0.33465,0.58333,0.48905,37,-0.18467
2019_15_HOU_TEN,2019,15,HOU,TEN,59,0.18154,0.47458,0.24486,31,0.11144
2019_15_HOU_TEN,2019,15,TEN,HOU,60,0.00847,0.4,-0.08927,33,0.12794
2019_15_IND_NO,2019,15,IND,NO,25,-0.26664,0.28,-0.10715,16,-0.55019
2019_15_IND_NO,2019,15,NO,IND,33,0.39386,0.60606,0.82305,19,-0.18862
2019_15_JAX_OAK,2019,15,JAX,LV,57,0.03623,0.40351,0.22537,38,-0.34207
2019_15_JAX_OAK,2019,15,LV,JAX,75,0.05848,0.46667,0.13856,43,-0.04912
2019_15_LA_DAL,2019,15,DAL,LA,40,0.47176,0.575,0.61461,18,0.35489
2019_15_LA_DAL,2019,15,LA,DAL,29,-0.21853,0.34483,-0.07354,22,-0.6742
2019_15_MIA_NYG,2019,15,MIA,NYG,51,-0.08568,0.39216,0.10829,37,-0.5983
2019_15_MIA_NYG,2019,15,NYG,MIA,53,0.08561,0.5283,0.00139,31,0.20429
2019_15_MIN_LAC,2019,15,LAC,MIN,50,-0.3946,0.44,-0.28267,32,-0.59358
2019_15_MIN_LAC,2019,15,MIN,LAC,43,-0.01548,0.44186,0.1152,25,-0.19697
2019_15_NE_CIN,2019,15,CIN,NE,46,-0.208,0.45652,-0.50627,18,-0.01626
2019_15_NE_CIN,2019,15,NE,CIN,43,0.08053,0.44186,-0.00758,29,0.26304
2019_15_NYJ_BAL,2019,15,BAL,NYJ,35,0.42083,0.57143,0.60041,15,0.28614
2019_15_NYJ_BAL,2019,15,NYJ,BAL,43,-0.19952,0.46512,-0.31348,26,-0.02523
2019_15_PHI_WAS,2019,15,PHI,WAS,77,0.25324,0.54545,0.28056,50,0.20266
2019_15_PHI_WAS,2019,15,WAS,PHI,53,0.03528,0.4717,0.02334,33,0.05498
2019_15_SEA_CAR,2019,15,CAR,SEA,60,-0.11834,0.5,-0.197,36,-0.00034
2019_15_SEA_CAR,2019,15,SEA,CAR,49,0.24203,0.46939,0.51325,25,-0.0405
2019_15_TB_DET,2019,15,DET,TB,54,-0.26414,0.37037,-0.32342,40,-0.09476
2019_15_TB_DET,2019,15,TB,DET,65,0.18474,0.43077,0.44781,42,-0.29565
2019_16_ARI_SEA,2019,16,ARI,SEA,57,0.16104,0.42105,0.19224,31,0.12383
2019_16_ARI_SEA,2019,16,SEA,ARI,51,-0.20853,0.35294,-0.17349,31,-0.26284
2019_16_BAL_CLE,2019,16,BAL,CLE,57,0.28487,0.5614,0.42051,33,0.09835
2019_16_BAL_CLE,2019,16,CLE,BAL,52,-0.11594,0.36538,0.07548,34,-0.47753
2019_16_BUF_NE,2019,16,BUF,NE,54,0.00548,0.37037,0.09164,32,-0.11984
2019_16_BUF_NE,2019,16,NE,BUF,71,0.07986,0.53521,0.09284,39,0.06405
2019_16_CAR_IND,2019,16,CAR,IND,41,-0.16382,0.36585,-0.20517,28,-0.07478
2019_16_CAR_IND,2019,16,IND,CAR,25,0.30656,0.56,0.32001,14,0.28945
2019_16_CIN_MIA,2019,16,CIN,MIA,48,-0.25329,0.29167,-0.20674,28,-0.31846
2019_16_CIN_MIA,2019,16,MIA,CIN,59,0.22863,0.38983,0.39282,47,-0.41448
2019_16_DAL_PHI,2019,16,DAL,PHI,61,-0.22415,0.44262,-0.19152,46,-0.32422
2019_16_DAL_PHI,2019,16,PHI,DAL,65,0.03538,0.47692,0.15131,44,-0.20751
2019_16_DET_DEN,2019,16,DEN,DET,63,0.18605,0.44444,0.19844,39,0.16592
2019_16_DET_DEN,2019,16,DET,DEN,44,-0.00597,0.43182,-0.01494,24,0.0048
2019_16_GB_MIN,2019,16,GB,MIN,71,-0.15462,0.50704,-0.39476,45,0.26101
2019_16_GB_MIN,2019,16,MIN,GB,42,-0.53766,0.2619,-0.70236,26,-0.27002
2019_16_HOU_TB,2019,16,HOU,TB,62,-0.19519,0.35484,-0.09877,45,-0.45042
2019_16_HOU_TB,2019,16,TB,HOU,73,-0.21437,0.39726,-0.08928,54,-0.56987
2019_16_JAX_ATL,2019,16,ATL,JAX,58,0.26397,0.51724,0.36292,41,0.02532
2019_16_JAX_ATL,2019,16,JAX,ATL,51,-0.22642,0.35294,-0.33681,35,0.01507
2019_16_KC_CHI,2019,16,CHI,KC,42,-0.13669,0.35714,-0.16797,21,-0.10541
2019_16_KC_CHI,2019,16,KC,CHI,42,0.20252,0.45238,0.32392,31,-0.13959
2019_16_LA_SF,2019,16,LA,SF,70,0.04787,0.44286,0.09465,50,-0.06907
2019_16_LA_SF,2019,16,SF,LA,55,-0.05639,0.41818,-0.18539,34,0.15246
2019_16_NO_TEN,2019,16,NO,TEN,68,0.15766,0.44118,0.19202,47,0.08077
2019_16_NO_TEN,2019,16,TEN,NO,57,0.0648,0.47368,0.08892,31,0.03603
2019_16_NYG_WAS,2019,16,NYG,WAS,68,0.49869,0.54412,0.61689,45,0.26742
2019_16_NYG_WAS,2019,16,WAS,NYG,70,0.20817,0.44286,0.43296,45,-0.19644
2019_16_OAK_LAC,2019,16,LAC,LV,55,0.03025,0.43636,0.11569,39,-0.17801
2019_16_OAK_LAC,2019,16,LV,LAC,56,0.24286,0.5,0.49268,34,-0.14323
2019_16_PIT_NYJ,2019,16,NYJ,PIT,57,-0.15148,0.35088,-0.07768,30,-0.23349
2019_16_PIT_NYJ,2019,16,PIT,NYJ,67,-0.17416,0.28358,-0.11541,43,-0.27944
2019_17_ARI_LA,2019,17,ARI,LA,62,-0.03373,0.41935,0.1467,45,-0.51135
2019_17_ARI_LA,2019,17,LA,ARI,79,0.12412,0.44304,0.36073,49,-0.26234
2019_17_ATL_TB,2019,17,ATL,TB,88,-0.14244,0.43182,-0.08069,60,-0.27476
2019_17_ATL_TB,2019,17,TB,ATL,51,-0.20637,0.39216,-0.2594,30,-0.13063
2019_17_CHI_MIN,2019,17,CHI,MIN,75,-0.02994,0.46667,-0.05445,42,0.00127
2019_17_CHI_MIN,2019,17,MIN,CHI,49,-0.14781,0.38776,-0.12402,22,-0.16719
2019_17_CLE_CIN,2019,17,CIN,CLE,64,0.18349,0.46875,0.34001,32,0.02697
2019_17_CLE_CIN,2019,17,CLE,CIN,47,-0.05081,0.38298,0.0269,31,-0.20138
2019_17_GB_DET,2019,17,DET,GB,60,-0.12604,0.4,-0.2869,36,0.11524
2019_17_GB_DET,2019,17,GB,DET,87,0.03937,0.3908,0.10062,59,-0.08968
2019_17_IND_JAX,2019,17,IND,JAX,52,-0.07302,0.46154,-0.2874,26,0.14137
2019_17_IND_JAX,2019,17,JAX,IND,57,0.11838,0.52632,0.20515,44,-0.17532
2019_17_LAC_KC,2019,17,KC,LAC,49,0.22312,0.44898,0.02137,30,0.54166
2019_17_LAC_KC,2019,17,LAC,KC,70,0.17949,0.51429,0.26039,46,0.02443
2019_17_MIA_NE,2019,17,MIA,NE,69,0.14623,0.49275,0.26471,52,-0.21619
2019_17_MIA_NE,2019,17,NE,MIA,61,0.03907,0.42623,0.01322,34,0.07163
2019_17_NO_CAR,2019,17,CAR,NO,17,-1.23545,0.05882,-1.16909,12,-1.39473
2019_17_NO_CAR,2019,17,NO,CAR,33,0.28358,0.60606,0.37553,17,0.18588
2019_17_NYJ_BUF,2019,17,BUF,NYJ,57,-0.33662,0.36842,-0.43196,35,-0.18494
2019_17_NYJ_BUF,2019,17,NYJ,BUF,65,-0.0816,0.4,0.08687,39,-0.33431
2019_17_OAK_DEN,2019,17,DEN,LV,53,0.00424,0.4717,0.20314,36,-0.41694
2019_17_OAK_DEN,2019,17,LV,DEN,71,-0.08184,0.33803,0.00897,49,-0.2841
2019_17_PHI_NYG,2019,17,NYG,PHI,55,-0.27776,0.36364,-0.0599,39,-0.80877
2019_17_PHI_NYG,2019,17,PHI,NYG,68,0.10648,0.41176,0.16945,44,-0.00899
2019_17_PIT_BAL,2019,17,BAL,PIT,61,-0.05404,0.47541,-0.13362,24,-0.00242
2019_17_PIT_BAL,2019,17,PIT,BAL,45,-0.2282,0.33333,-0.39893,25,-0.01478
2019_17_SF_SEA,2019,17,SEA,SF,74,0.11488,0.47297,0.23853,51,-0.15932
2019_17_SF_SEA,2019,17,SF,SEA,49,0.35893,0.53061,0.52304,26,0.17341
2019_17_TEN_HOU,2019,17,HOU,TEN,51,0.08427,0.47059,0.10122,32,0.05572
2019_17_TEN_HOU,2019,17,TEN,HOU,49,0.4936,0.65306,0.80212,23,0.22069
2019_17_WAS_DAL,2019,17,DAL,WAS,53,0.0116,0.37736,-0.08816,32,0.16361
2019_17_WAS_DAL,2019,17,WAS,DAL,51,-0.34208,0.37255,-0.46007,36,-0.05893
2019_18_BUF_HOU,2019,18,BUF,HOU,82,-0.02479,0.41463,-0.04697,53,0.01573
2019_18_BUF_HOU,2019,18,HOU,BUF,63,-0.013,0.4127,-0.01415,40,-0.011
2019_18_MIN_NO,2019,18,MIN,NO,75,0.01634,0.45333,0.16224,36,-0.11833
2019_18_MIN_NO,2019,18,NO,MIN,55,-0.11886,0.45455,-0.27466,39,0.26091
2019_18_SEA_PHI,2019,18,PHI,SEA,64,-0.05776,0.35938,-0.06321,40,-0.04869
2019_18_SEA_PHI,2019,18,SEA,PHI,54,0.21085,0.37037,0.50371,37,-0.42655
2019_18_TEN_NE,2019,18,NE,TEN,61,-0.09209,0.39344,-0.07494,39,-0.1225
2019_18_TEN_NE,2019,18,TEN,NE,60,0.04947,0.45,0.00485,21,0.0735
2019_19_HOU_KC,2019,19,HOU,KC,47,-0.02556,0.40426,0.10197,28,-0.21351
2019_19_HOU_KC,2019,19,KC,HOU,49,0.59818,0.55102,0.74729,41,-0.16598
2019_19_MIN_SF,2019,19,MIN,SF,28,-0.3123,0.25,-0.248,20,-0.47305
2019_19_MIN_SF,2019,19,SF,MIN,49,0.15052,0.59184,0.14977,18,0.15096
2019_19_SEA_GB,2019,19,GB,SEA,60,0.24867,0.45,0.42055,34,0.0239
2019_19_SEA_GB,2019,19,SEA,GB,50,0.13998,0.48,0.25752,35,-0.13429
2019_19_TEN_BAL,2019,19,BAL,TEN,54,-0.2725,0.38889,-0.1757,36,-0.46611
2019_19_TEN_BAL,2019,19,TEN,BAL,30,0.38174,0.5,0.30921,14,0.4452
2019_20_GB_SF,2019,20,GB,SF,20,-0.40723,0.45,-0.45731,10,-0.35716
2019_20_GB_SF,2019,20,SF,GB,28,0.29895,0.57143,-0.09428,9,0.48521
2019_20_TEN_KC,2019,20,KC,TEN,54,0.3859,0.62963,0.46465,40,0.1609
2019_20_TEN_KC,2019,20,TEN,KC,48,0.11835,0.41667,0.28893,25,-0.06707
2019_21_SF_KC,2019,21,KC,SF,70,0.19581,0.5,0.16675,50,0.26845
2019_21_SF_KC,2019,21,SF,KC,53,0.1293,0.49057,0.0688,34,0.23756
2020_01_ARI_SF,2020,1,ARI,SF,77,0.09244,0.46753,0.20422,51,-0.12683
2020_01_ARI_SF,2020,1,SF,ARI,62,-0.00025,0.48387,0.09581,38,-0.15234
2020_01_CHI_DET,2020,1,CHI,DET,59,0.03704,0.49153,0.0198,35,0.06218
2020_01_CHI_DET,2020,1,DET,CHI,64,0.00499,0.42188,0.186,43,-0.36564
2020_01_CLE_BAL,2020,1,BAL,CLE,33,0.34699,0.60606,0.84565,18,-0.2514
2020_01_CLE_BAL,2020,1,CLE,BAL,45,-0.03494,0.42222,-0.00266,30,-0.09949
2020_01_DAL_LA,2020,1,DAL,LA,72,-0.0297,0.45833,-0.05565,48,0.02221
2020_01_DAL_LA,2020,1,LA,DAL,72,0.04872,0.43056,0.11527,35,-0.01422
2020_01_GB_MIN,2020,1,GB,MIN,65,0.25394,0.52308,0.34183,38,0.13024
2020_01_GB_MIN,2020,1,MIN,GB,30,-0.11575,0.46667,-0.50717,15,0.27566
2020_01_HOU_KC,2020,1,HOU,KC,34,0.09418,0.52941,0.02316,21,0.2089
2020_01_HOU_KC,2020,1,KC,HOU,46,0.38744,0.65217,0.43405,27,0.32121
2020_01_IND_JAX,2020,1,IND,JAX,74,0.05684,0.48649,0.2392,51,-0.34753
2020_01_IND_JAX,2020,1,JAX,IND,49,0.15331,0.5102,0.32017,29,-0.08863
2020_01_LAC_CIN,2020,1,CIN,LAC,67,-0.2351,0.41791,-0.20074,43,-0.29665
2020_01_LAC_CIN,2020,1,LAC,CIN,73,-0.08212,0.36986,0.01448,37,-0.18141
2020_01_LV_CAR,2020,1,CAR,LV,67,0.15459,0.46269,0.22592,41,0.04211
2020_01_LV_CAR,2020,1,LV,CAR,60,0.32919,0.6,0.43356,32,0.20992
2020_01_MIA_NE,2020,1,MIA,NE,60,-0.08725,0.51667,-0.10474,36,-0.06103
2020_01_MIA_NE,2020,1,NE,MIA,59,0.28253,0.64407,0.14425,21,0.35894
2020_01_NYJ_BUF,2020,1,BUF,NYJ,47,0.25337,0.53191,0.55738,31,-0.33565
2020_01_NYJ_BUF,2020,1,NYJ,BUF,33,-0.4397,0.27273,-0.67636,22,0.03362
2020_01_PHI_WAS,2020,1,PHI,WAS,65,-0.30098,0.38462,-0.38851,48,-0.05382
2020_01_PHI_WAS,2020,1,WAS,PHI,61,-0.09865,0.31148,-0.04914,36,-0.16996
2020_01_PIT_NYG,2020,1,NYG,PIT,52,-0.23728,0.34615,-0.06461,36,-0.62579
2020_01_PIT_NYG,2020,1,PIT,NYG,56,0.17993,0.41071,0.3753,34,-0.12202
2020_01_SEA_ATL,2020,1,ATL,SEA,59,-0.11058,0.44068,0.01266,38,-0.33357
2020_01_SEA_ATL,2020,1,SEA,ATL,43,0.36122,0.51163,0.53697,30,-0.04434
2020_01_TB_NO,2020,1,NO,TB,52,-0.02957,0.32692,0.16827,32,-0.34611
2020_01_TB_NO,2020,1,TB,NO,54,-0.09883,0.44444,-0.15988,31,-0.01656
2020_01_TEN_DEN,2020,1,DEN,TEN,59,-0.08486,0.40678,-0.17869,34,0.04274
2020_01_TEN_DEN,2020,1,TEN,DEN,81,0.15961,0.54321,0.32174,48,-0.0762
2020_02_ATL_DAL,2020,2,ATL,DAL,64,0.21344,0.45312,0.38706,41,-0.09606
2020_02_ATL_DAL,2020,2,DAL,ATL,72,-0.00346,0.51389,0.10655,40,-0.14099
2020_02_BAL_HOU,2020,2,BAL,HOU,49,0.20129,0.44898,0.16378,31,0.26587
2020_02_BAL_HOU,2020,2,HOU,BAL,46,-0.21443,0.45652,-0.20526,35,-0.24362
2020_02_BUF_MIA,2020,2,BUF,MIA,59,0.38258,0.49153,0.59062,39,-0.0231
2020_02_BUF_MIA,2020,2,MIA,BUF,66,0.07263,0.45455,0.05942,45,0.10095
2020_02_CAR_TB,2020,2,CAR,TB,62,-0.10039,0.43548,-0.09636,37,-0.10636
2020_02_CAR_TB,2020,2,TB,CAR,57,0.12512,0.4386,0.37138,36,-0.29702
2020_02_CIN_CLE,2020,2,CIN,CLE,74,-0.01054,0.47297,0.15132,54,-0.44756
2020_02_CIN_CLE,2020,2,CLE,CIN,53,0.43241,0.5283,0.75214,23,0.18728
2020_02_DEN_PIT,2020,2,DEN,PIT,78,-0.09938,0.39744,-0.1012,53,-0.09553
2020_02_DEN_PIT,2020,2,PIT,DEN,60,-0.01925,0.43333,0.02638,42,-0.12573
2020_02_DET_GB,2020,2,DET,GB,43,-0.00462,0.48837,-0.18862,26,0.27679
2020_02_DET_GB,2020,2,GB,DET,44,0.43013,0.56818,0.40326,29,0.48207
2020_02_JAX_TEN,2020,2,JAX,TEN,75,0.2657,0.56,0.29348,50,0.21013
2020_02_JAX_TEN,2020,2,TEN,JAX,60,0.31527,0.58333,0.75789,30,-0.12736
2020_02_KC_LAC,2020,2,KC,LAC,77,0.09697,0.42857,0.1352,61,-0.04874
2020_02_KC_LAC,2020,2,LAC,KC,82,0.05835,0.5,0.09898,41,0.01771
2020_02_LA_PHI,2020,2,LA,PHI,54,0.40175,0.55556,0.57806,29,0.19723
2020_02_LA_PHI,2020,2,PHI,LA,68,-0.07212,0.48529,-0.178,42,0.09892
2020_02_MIN_IND,2020,2,IND,MIN,47,-0.04954,0.42553,-0.1015,23,0.00025
2020_02_MIN_IND,2020,2,MIN,IND,40,-0.37741,0.25,-0.46217,24,-0.25026
2020_02_NE_SEA,2020,2,NE,SEA,66,0.14288,0.48485,0.42981,43,-0.39355
2020_02_NE_SEA,2020,2,SEA,NE,63,0.19342,0.57143,0.3549,37,-0.03639
2020_02_NO_LV,2020,2,LV,NO,76,0.1887,0.51316,0.41343,45,-0.13753
2020_02_NO_LV,2020,2,NO,LV,50,0.15002,0.54,0.0807,30,0.25398
2020_02_NYG_CHI,2020,2,CHI,NYG,62,0.00811,0.40323,0.16091,32,-0.15488
2020_02_NYG_CHI,2020,2,NYG,CHI,62,-0.13283,0.51613,-0.19463,47,0.06079
2020_02_SF_NYJ,2020,2,NYJ,SF,38,-0.18062,0.44737,0.17088,17,-0.46516
2020_02_SF_NYJ,2020,2,SF,NYJ,37,0.51495,0.45946,0.69084,21,0.28409
2020_02_WAS_ARI,2020,2,ARI,WAS,34,0.04445,0.41176,0.11378,22,-0.08267
2020_02_WAS_ARI,2020,2,WAS,ARI,31,-0.43679,0.41935,-0.85438,18,0.14141
2020_03_CAR_LAC,2020,3,CAR,LAC,51,-0.10107,0.39216,0.06279,31,-0.35506
2020_03_CAR_LAC,2020,3,LAC,CAR,77,-0.15655,0.44156,-0.065,56,-0.40068
2020_03_CHI_ATL,2020,3,ATL,CHI,50,0.11344,0.48,-0.0217,35,0.42875
2020_03_CHI_ATL,2020,3,CHI,ATL,61,-0.03636,0.45902,-0.00061,42,-0.11539
2020_03_CIN_PHI,2020,3,CIN,PHI,70,0.01309,0.42857,0.08882,54,-0.24252
2020_03_CIN_PHI,2020,3,PHI,CIN,91,-0.03522,0.37363,0.01988,60,-0.14187
2020_03_DAL_SEA,2020,3,DAL,SEA,81,0.12285,0.45679,0.12093,64,0.1301
2020_03_DAL_SEA,2020,3,SEA,DAL,75,0.13717,0.41333,0.21628,54,-0.06626
2020_03_DET_ARI,2020,3,ARI,DET,65,0.02154,0.55385,-0.04051,39,0.11461
2020_03_DET_ARI,2020,3,DET,ARI,66,0.07052,0.43939,0.22885,39,-0.15817
2020_03_GB_NO,2020,3,GB,NO,61,0.25071,0.54098,0.46177,37,-0.07469
2020_03_GB_NO,2020,3,NO,GB,53,0.0926,0.4717,0.26883,34,-0.22278
2020_03_HOU_PIT,2020,3,HOU,PIT,47,0.04386,0.3617,0.21481,33,-0.35911
2020_03_HOU_PIT,2020,3,PIT,HOU,73,0.19348,0.52055,0.2252,42,0.15052
2020_03_KC_BAL,2020,3,BAL,KC,52,-0.09517,0.40385,-0.28954,34,0.27197
2020_03_KC_BAL,2020,3,KC,BAL,63,0.43868,0.61905,0.77678,45,-0.40657
2020_03_LA_BUF,2020,3,BUF,LA,52,0.21726,0.51923,0.17807,34,0.29128
2020_03_LA_BUF,2020,3,LA,BUF,58,0.15536,0.53448,0.09496,31,0.22471
2020_03_LV_NE,2020,3,LV,NE,48,-0.03073,0.47917,0.09275,30,-0.23653
2020_03_LV_NE,2020,3,NE,LV,59,0.1235,0.50847,-0.10343,30,0.35826
2020_03_MIA_JAX,2020,3,JAX,MIA,39,-0.14423,0.38462,-0.13153,27,-0.17281
2020_03_MIA_JAX,2020,3,MIA,JAX,42,0.43253,0.57143,0.74092,22,0.09329
2020_03_NYJ_IND,2020,3,IND,NYJ,42,0.24238,0.52381,0.54334,20,-0.03122
2020_03_NYJ_IND,2020,3,NYJ,IND,42,-0.19826,0.40476,-0.24396,26,-0.124
2020_03_SF_NYG,2020,3,NYG,SF,39,-0.3211,0.35897,-0.13283,24,-0.62234
2020_03_SF_NYG,2020,3,SF,NYG,56,0.21788,0.48214,0.3933,32,-0.01601
2020_03_TB_DEN,2020,3,DEN,TB,42,-0.31957,0.28571,-0.28363,32,-0.43459
2020_03_TB_DEN,2020,3,TB,DEN,50,0.1657,0.48,0.30999,34,-0.14091
2020_03_TEN_MIN,2020,3,MIN,TEN,65,0.04173,0.44615,0.16785,32,-0.08057
2020_03_TEN_MIN,2020,3,TEN,MIN,73,-0.00733,0.49315,-0.02376,41,0.01371
2020_03_WAS_CLE,2020,3,CLE,WAS,53,0.1137,0.41509,0.26748,25,-0.0236
2020_03_WAS_CLE,2020,3,WAS,CLE,61,-0.17913,0.39344,-0.25587,41,-0.02183
2020_04_ARI_CAR,2020,4,ARI,CAR,39,-0.08207,0.4359,-0.05007,25,-0.13922
2020_04_ARI_CAR,2020,4,CAR,ARI,47,0.33032,0.48936,0.52179,30,-0.00755
2020_04_ATL_GB,2020,4,ATL,GB,41,0.03927,0.43902,0.1472,24,-0.1131
2020_04_ATL_GB,2020,4,GB,ATL,49,0.37669,0.55102,0.89377,30,-0.43976
2020_04_BAL_WAS,2020,4,BAL,WAS,36,0.44037,0.44444,0.56621,20,0.28308
2020_04_BAL_WAS,2020,4,WAS,BAL,46,-0.10023,0.41304,-0.19751,29,0.06572
2020_04_BUF_LV,2020,4,BUF,LV,49,0.40367,0.5102,0.64241,32,-0.04571
2020_04_BUF_LV,2020,4,LV,BUF,58,-0.08006,0.48276,0.01632,39,-0.27789
2020_04_CLE_DAL,2020,4,CLE,DAL,52,0.60794,0.65385,0.52803,28,0.70117
2020_04_CLE_DAL,2020,4,DAL,CLE,42,0.04743,0.52381,0.13759,29,-0.15369
2020_04_DEN_NYJ,2020,4,DEN,NYJ,63,0.11147,0.44444,0.20542,35,-0.00597
2020_04_DEN_NYJ,2020,4,NYJ,DEN,73,-0.09452,0.35616,-0.00444,53,-0.33325
2020_04_IND_CHI,2020,4,CHI,IND,51,-0.31941,0.27451,-0.3032,36,-0.3583
2020_04_IND_CHI,2020,4,IND,CHI,53,0.04526,0.37736,0.31204,30,-0.30272
2020_04_JAX_CIN,2020,4,CIN,JAX,63,0.26644,0.53968,0.28368,38,0.24025
2020_04_JAX_CIN,2020,4,JAX,CIN,58,0.12104,0.48276,0.15425,40,0.04724
2020_04_LAC_TB,2020,4,LAC,TB,52,0.11643,0.34615,0.50042,32,-0.49796
2020_04_LAC_TB,2020,4,TB,LAC,71,0.16087,0.52113,0.26624,48,-0.05905
2020_04_MIN_HOU,2020,4,HOU,MIN,53,-0.13801,0.43396,-0.0666,34,-0.2658
2020_04_MIN_HOU,2020,4,MIN,HOU,59,0.27395,0.55932,0.29199,26,0.25973
2020_04_NE_KC,2020,4,KC,NE,50,0.13626,0.48,0.24435,35,-0.11596
2020_04_NE_KC,2020,4,NE,KC,58,-0.18896,0.43103,-0.40601,31,0.06024
2020_04_NO_DET,2020,4,DET,NO,47,-0.02909,0.40426,0.10512,32,-0.31541
2020_04_NO_DET,2020,4,NO,DET,57,0.41284,0.64912,0.59727,24,0.2787
2020_04_NYG_LA,2020,4,LA,NYG,51,-0.06294,0.45098,-0.1705,34,0.15218
2020_04_NYG_LA,2020,4,NYG,LA,68,-0.17916,0.36765,-0.20729,46,-0.12035
2020_04_PHI_SF,2020,4,PHI,SF,61,-0.01057,0.45902,0.08083,37,-0.15149
2020_04_PHI_SF,2020,4,SF,PHI,72,-0.0882,0.44444,-0.17506,51,0.12276
2020_04_SEA_MIA,2020,4,MIA,SEA,62,-0.06065,0.51613,0.00192,45,-0.22628
2020_04_SEA_MIA,2020,4,SEA,MIA,55,0.20418,0.56364,0.28897,37,0.02989
2020_05_ARI_NYJ,2020,5,ARI,NYJ,58,0.13698,0.5,0.1522,34,0.11542
2020_05_ARI_NYJ,2020,5,NYJ,ARI,56,-0.06172,0.42857,0.10322,33,-0.29839
2020_05_BUF_TEN,2020,5,BUF,TEN,49,-0.11612,0.4898,-0.11567,36,-0.11738
2020_05_BUF_TEN,2020,5,TEN,BUF,48,0.22682,0.5,0.4715,29,-0.14665
2020_05_CAR_ATL,2020,5,ATL,CAR,57,-0.00378,0.47368,-0.15764,32,0.19316
2020_05_CAR_ATL,2020,5,CAR,ATL,59,0.28803,0.57627,0.4277,38,0.03529
2020_05_CIN_BAL,2020,5,BAL,CIN,44,0.05188,0.45455,0.10543,30,-0.06288
2020_05_CIN_BAL,2020,5,CIN,BAL,38,-0.57308,0.26316,-0.663,28,-0.3213
2020_05_IND_CLE,2020,5,CLE,IND,68,0.12097,0.45588,0.27595,39,-0.08744
2020_05_IND_CLE,2020,5,IND,CLE,53,-0.06659,0.4717,-0.1992,35,0.19126
2020_05_JAX_HOU,2020,5,HOU,JAX,52,0.27729,0.51923,0.4113,37,-0.05326
2020_05_JAX_HOU,2020,5,JAX,HOU,62,-0.07174,0.40323,-0.03717,45,-0.16325
2020_05_LAC_NO,2020,5,LAC,NO,70,0.01124,0.4,0.13094,40,-0.14836
2020_05_LAC_NO,2020,5,NO,LAC,76,-0.0512,0.44737,-0.03177,51,-0.09085
2020_05_LA_WAS,2020,5,LA,WAS,50,0.20687,0.46,0.44999,31,-0.1898
2020_05_LA_WAS,2020,5,WAS,LA,45,-0.30648,0.31111,-0.38015,35,-0.04861
2020_05_LV_KC,2020,5,KC,LV,61,0.01635,0.37705,0.0085,45,0.0384
2020_05_LV_KC,2020,5,LV,KC,61,0.34203,0.47541,0.59527,33,0.04356
2020_05_MIA_SF,2020,5,MIA,SF,38,0.47168,0.55263,0.91272,24,-0.2844
2020_05_MIA_SF,2020,5,SF,MIA,29,-0.2712,0.41379,-0.51707,18,0.13113
2020_05_MIN_SEA,2020,5,MIN,SEA,86,0.09336,0.46512,0.2157,44,-0.0348
2020_05_MIN_SEA,2020,5,SEA,MIN,54,0.07655,0.42593,0.0898,43,0.02476
2020_05_NYG_DAL,2020,5,DAL,NYG,66,0.0496,0.59091,0.10827,35,-0.01664
2020_05_NYG_DAL,2020,5,NYG,DAL,68,-0.01912,0.42647,-0.03379,41,0.00317
2020_05_PHI_PIT,2020,5,PHI,PIT,55,0.13229,0.41818,0.11803,41,0.17404
2020_05_PHI_PIT,2020,5,PIT,PHI,70,0.23717,0.41429,0.37378,42,0.03225
2020_05_TB_CHI,2020,5,CHI,TB,61,-0.06578,0.40984,-0.03261,48,-0.18825
2020_05_TB_CHI,2020,5,TB,CHI,70,-0.02263,0.34286,-0.04663,50,0.03737
2020_06_ARI_DAL,2020,6,ARI,DAL,38,0.29635,0.44737,0.17782,22,0.45934
2020_06_ARI_DAL,2020,6,DAL,ARI,44,-0.37544,0.34091,-0.44004,28,-0.26239
2020_06_ATL_MIN,2020,6,ATL,MIN,45,0.19892,0.51111,0.64512,27,-0.47038
2020_06_ATL_MIN,2020,6,MIN,ATL,25,-0.75489,0.44,-0.82887,15,-0.64393
2020_06_BAL_PHI,2020,6,BAL,PHI,63,0.08768,0.39683,0.18781,32,-0.01567
2020_06_BAL_PHI,2020,6,PHI,BAL,41,-0.20965,0.36585,-0.18717,24,-0.24138
2020_06_CHI_CAR,2020,6,CAR,CHI,68,-0.14088,0.36765,-0.06966,44,-0.27144
2020_06_CHI_CAR,2020,6,CHI,CAR,59,0.04674,0.42373,0.12549,40,-0.11904
2020_06_CIN_IND,2020,6,CIN,IND,72,0.20218,0.45833,0.30653,42,0.05608
2020_06_CIN_IND,2020,6,IND,CIN,62,0.16342,0.48387,0.22345,48,-0.04236
2020_06_CLE_PIT,2020,6,CLE,PIT,30,-0.70793,0.3,-0.99126,20,-0.14126
2020_06_CLE_PIT,2020,6,PIT,CLE,34,0.15641,0.5,0.05319,22,0.34566
2020_06_DEN_NE,2020,6,DEN,NE,54,-0.02107,0.40741,-0.09354,25,0.0414
2020_06_DEN_NE,2020,6,NE,DEN,52,-0.29641,0.44231,-0.44888,32,-0.05247
2020_06_DET_JAX,2020,6,DET,JAX,52,0.24854,0.44231,0.41393,28,0.05558
2020_06_DET_JAX,2020,6,JAX,DET,39,-0.32473,0.28205,-0.31581,26,-0.34257
2020_06_GB_TB,2020,6,GB,TB,40,-0.26387,0.4,-0.30244,29,-0.16218
2020_06_GB_TB,2020,6,TB,GB,31,0.3584,0.48387,0.81482,17,-0.19583
2020_06_HOU_TEN,2020,6,HOU,TEN,70,0.28133,0.47143,0.53283,44,-0.14428
2020_06_HOU_TEN,2020,6,TEN,HOU,75,0.40775,0.52,0.45174,46,0.33797
2020_06_KC_BUF,2020,6,BUF,KC,50,0.10845,0.46,0.24656,31,-0.11688
2020_06_KC_BUF,2020,6,KC,BUF,69,0.36388,0.62319,0.5168,32,0.23162
2020_06_LA_SF,2020,6,LA,SF,47,-0.08374,0.42553,-0.17068,28,0.04438
2020_06_LA_SF,2020,6,SF,LA,55,0.18004,0.47273,0.52328,27,-0.15094
2020_06_NYJ_MIA,2020,6,MIA,NYJ,26,0.1957,0.57692,0.17018,16,0.23653
2020_06_NYJ_MIA,2020,6,NYJ,MIA,31,-0.49154,0.25806,-0.47941,19,-0.51076
2020_06_WAS_NYG,2020,6,NYG,WAS,45,0.01701,0.42222,0.13751,22,-0.09825
2020_06_WAS_NYG,2020,6,WAS,NYG,73,0.00774,0.45205,0.04104,50,-0.06467
2020_07_BUF_NYJ,2020,7,BUF,NYJ,72,0.09947,0.55556,0.15793,50,-0.0334
2020_07_BUF_NYJ,2020,7,NYJ,BUF,53,-0.12303,0.4717,-0.18352,31,-0.03778
2020_07_CAR_NO,2020,7,CAR,NO,46,0.29377,0.6087,0.44986,34,-0.14849
2020_07_CAR_NO,2020,7,NO,CAR,67,0.22386,0.50746,0.37411,39,0.01458
2020_07_CHI_LA,2020,7,CHI,LA,36,-0.2451,0.33333,-0.26349,23,-0.21257
2020_07_CHI_LA,2020,7,LA,CHI,51,0.15862,0.54902,0.16391,33,0.14893
2020_07_CLE_CIN,2020,7,CIN,CLE,75,0.24964,0.57333,0.3533,55,-0.03542
2020_07_CLE_CIN,2020,7,CLE,CIN,50,0.4599,0.58,0.84406,29,-0.0706
2020_07_DAL_WAS,2020,7,DAL,WAS,42,-0.24343,0.42857,-0.36413,24,-0.0825
2020_07_DAL_WAS,2020,7,WAS,DAL,36,0.32338,0.5,0.53641,20,0.05709
2020_07_DET_ATL,2020,7,ATL,DET,75,0.08408,0.48,0.26099,48,-0.23044
2020_07_DET_ATL,2020,7,DET,ATL,58,0.13999,0.44828,0.40061,36,-0.28647
2020_07_GB_HOU,2020,7,GB,HOU,43,0.52608,0.65116,0.84051,27,-0.00451
2020_07_GB_HOU,2020,7,HOU,GB,38,0.09278,0.5,0.37132,26,-0.51072
2020_07_JAX_LAC,2020,7,JAX,LAC,61,-0.09833,0.37705,-0.10452,37,-0.08878
2020_07_JAX_LAC,2020,7,LAC,JAX,71,0.21594,0.50704,0.39877,49,-0.19128
2020_07_KC_DEN,2020,7,DEN,KC,55,-0.39324,0.41818,-0.63213,30,-0.10657
2020_07_KC_DEN,2020,7,KC,DEN,28,-0.19525,0.35714,-0.4915,18,0.33799
2020_07_NYG_PHI,2020,7,NYG,PHI,59,-0.00537,0.40678,-0.03058,39,0.04378
2020_07_NYG_PHI,2020,7,PHI,NYG,80,0.02889,0.4625,0.2016,53,-0.31013
2020_07_PIT_TEN,2020,7,PIT,TEN,77,0.10283,0.50649,0.10243,53,0.1037
2020_07_PIT_TEN,2020,7,TEN,PIT,56,-0.05128,0.375,0.00287,34,-0.13496
2020_07_SEA_ARI,2020,7,ARI,SEA,80,0.10251,0.5375,0.2562,50,-0.15365
2020_07_SEA_ARI,2020,7,SEA,ARI,84,0.10993,0.58333,0.03076,59,0.29677
2020_07_SF_NE,2020,7,NE,SF,25,-0.37298,0.4,-0.63739,15,0.02364
2020_07_SF_NE,2020,7,SF,NE,48,0.39385,0.64583,0.57218,24,0.21551
2020_07_TB_LV,2020,7,LV,TB,56,0.03376,0.48214,0.11288,41,-0.18251
2020_07_TB_LV,2020,7,TB,LV,62,0.3358,0.53226,0.56821,42,-0.15226
2020_08_ATL_CAR,2020,8,ATL,CAR,65,0.24383,0.53846,0.48002,36,-0.04937
2020_08_ATL_CAR,2020,8,CAR,ATL,54,-0.05394,0.44444,-0.0718,36,-0.01823
2020_08_DAL_PHI,2020,8,DAL,PHI,64,-0.34435,0.45312,-0.61546,32,-0.07324
2020_08_DAL_PHI,2020,8,PHI,DAL,56,-0.16395,0.44643,-0.23191,35,-0.0507
2020_08_IND_DET,2020,8,DET,IND,42,-0.37197,0.35714,-0.29709,31,-0.58299
2020_08_IND_DET,2020,8,IND,DET,58,0.20653,0.41379,0.57012,31,-0.21093
2020_08_LAC_DEN,2020,8,DEN,LAC,60,-0.03335,0.36667,0.0526,45,-0.29122
2020_08_LAC_DEN,2020,8,LAC,DEN,78,0.13731,0.48718,0.3008,43,-0.06355
2020_08_LA_MIA,2020,8,LA,MIA,65,-0.46494,0.43077,-0.76229,44,0.15806
2020_08_LA_MIA,2020,8,MIA,LA,23,-0.69796,0.30435,-0.54328,14,-0.93858
2020_08_LV_CLE,2020,8,CLE,LV,48,-0.08785,0.35417,-0.16524,30,0.04114
2020_08_LV_CLE,2020,8,LV,CLE,64,0.17763,0.54688,0.11778,30,0.23044
2020_08_MIN_GB,2020,8,GB,MIN,61,0.1095,0.42623,0.14134,37,0.06041
2020_08_MIN_GB,2020,8,MIN,GB,39,0.66087,0.64103,1.05372,16,0.38758
2020_08_NE_BUF,2020,8,BUF,NE,54,0.14737,0.51852,-0.06265,22,0.29176
2020_08_NE_BUF,2020,8,NE,BUF,65,0.09466,0.50769,0.10482,32,0.08481
2020_08_NO_CHI,2020,8,CHI,NO,70,-0.03556,0.37143,0.02449,47,-0.15828
2020_08_NO_CHI,2020,8,NO,CHI,73,0.08274,0.39726,0.19478,45,-0.09732
2020_08_NYJ_KC,2020,8,KC,NYJ,46,0.41869,0.54348,0.73381,37,-0.87681
2020_08_NYJ_KC,2020,8,NYJ,KC,43,-0.0749,0.44186,-0.08802,28,-0.05042
2020_08_PIT_BAL,2020,8,BAL,PIT,81,-0.09922,0.39506,-0.23958,39,0.03112
2020_08_PIT_BAL,2020,8,PIT,BAL,53,0.08466,0.4717,0.1496,37,-0.06551
2020_08_SF_SEA,2020,8,SEA,SF,37,0.31611,0.45946,0.52244,25,-0.11377
2020_08_SF_SEA,2020,8,SF,SEA,37,-0.06137,0.43243,-0.17221,18,0.04363
2020_08_TB_NYG,2020,8,NYG,TB,68,-0.08394,0.41176,-0.03894,44,-0.16645
2020_08_TB_NYG,2020,8,TB,NYG,69,0.06079,0.44928,0.1964,45,-0.19348
2020_08_TEN_CIN,2020,8,CIN,TEN,57,0.37835,0.5614,0.45801,38,0.21903
2020_08_TEN_CIN,2020,8,TEN,CIN,45,0.05564,0.48889,-0.21288,23,0.33636
2020_09_BAL_IND,2020,9,BAL,IND,58,0.02531,0.5,0.18263,30,-0.14325
2020_09_BAL_IND,2020,9,IND,BAL,52,-0.29291,0.40385,-0.17242,32,-0.48568
2020_09_CAR_KC,2020,9,CAR,KC,83,0.28278,0.50602,0.39036,58,0.03321
2020_09_CAR_KC,2020,9,KC,CAR,61,0.25333,0.54098,0.31525,51,-0.06246
2020_09_CHI_TEN,2020,9,CHI,TEN,52,-0.38019,0.32692,-0.36079,36,-0.42384
2020_09_CHI_TEN,2020,9,TEN,CHI,39,-0.17785,0.30769,-0.22639,19,-0.13173
2020_09_DEN_ATL,2020,9,ATL,DEN,47,0.31788,0.53191,0.63483,29,-0.19275
2020_09_DEN_ATL,2020,9,DEN,ATL,34,-0.09,0.26471,-0.01088,23,-0.25543
2020_09_DET_MIN,2020,9,DET,MIN,55,-0.08009,0.50909,-0.08467,31,-0.07418
2020_09_DET_MIN,2020,9,MIN,DET,36,0.54637,0.63889,0.88745,18,0.20528
2020_09_GB_SF,2020,9,GB,SF,39,0.43315,0.46154,0.73927,23,-0.0069
2020_09_GB_SF,2020,9,SF,GB,31,-0.31584,0.29032,-0.42952,20,-0.10915
2020_09_HOU_JAX,2020,9,HOU,JAX,56,0.19077,0.51786,0.45244,38,-0.36165
2020_09_HOU_JAX,2020,9,JAX,HOU,67,0.01024,0.41791,0.11431,41,-0.15386
2020_09_LV_LAC,2020,9,LAC,LV,78,0.12795,0.4359,0.19802,49,0.00954
2020_09_LV_LAC,2020,9,LV,LAC,50,0.18,0.44,0.11973,26,0.24529
2020_09_MIA_ARI,2020,9,ARI,MIA,69,0.19353,0.46377,0.39428,37,-0.03858
2020_09_MIA_ARI,2020,9,MIA,ARI,58,0.20386,0.48276,0.43317,38,-0.23181
2020_09_NE_NYJ,2020,9,NE,NYJ,79,0.20772,0.49367,0.40782,38,0.02226
2020_09_NE_NYJ,2020,9,NYJ,NE,46,0.36415,0.56522,0.63042,28,-0.05003
2020_09_NO_TB,2020,9,NO,TB,30,0.48415,0.56667,0.60142,20,0.24961
2020_09_NO_TB,2020,9,TB,NO,15,-0.97433,0.2,-1.0976,12,-0.48124
2020_09_NYG_WAS,2020,9,NYG,WAS,74,0.02014,0.44595,0.00924,41,0.03368
2020_09_NYG_WAS,2020,9,WAS,NYG,54,-0.04495,0.5,0.01518,43,-0.28001
2020_09_PIT_DAL,2020,9,DAL,PIT,71,-0.13105,0.40845,-0.17338,42,-0.06975
2020_09_PIT_DAL,2020,9,PIT,DAL,65,0.11086,0.49231,0.24674,52,-0.43267
2020_09_SEA_BUF,2020,9,BUF,SEA,53,0.39332,0.66038,0.42386,48,0.10018
2020_09_SEA_BUF,2020,9,SEA,BUF,49,0.1131,0.53061,0.19933,34,-0.08234
2020_10_BAL_NE,2020,10,BAL,NE,64,0.06493,0.53125,0.17265,40,-0.11461
2020_10_BAL_NE,2020,10,NE,BAL,55,0.20459,0.52727,0.35676,19,0.12428
2020_10_BUF_ARI,2020,10,ARI,BUF,73,0.04555,0.49315,0.09865,41,-0.02247
2020_10_BUF_ARI,2020,10,BUF,ARI,73,-0.00798,0.49315,0.04732,56,-0.19015
2020_10_CIN_PIT,2020,10,CIN,PIT,42,-0.20929,0.38095,-0.21635,32,-0.18673
2020_10_CIN_PIT,2020,10,PIT,CIN,46,0.05784,0.41304,0.26445,33,-0.46664
2020_10_DEN_LV,2020,10,DEN,LV,45,-0.37143,0.33333,-0.43855,29,-0.24976
2020_10_DEN_LV,2020,10,LV,DEN,55,0.08538,0.45455,0.23984,29,-0.08691
2020_10_HOU_CLE,2020,10,CLE,HOU,60,0.12197,0.48333,0.01665,23,0.18743
2020_10_HOU_CLE,2020,10,HOU,CLE,56,-0.00017,0.42857,0.06359,35,-0.10643
2020_10_IND_TEN,2020,10,IND,TEN,63,0.21787,0.55556,0.41041,38,-0.0748
2020_10_IND_TEN,2020,10,TEN,IND,49,0.08775,0.57143,0.10693,26,0.06607
2020_10_JAX_GB,2020,10,GB,JAX,63,-0.00625,0.42857,0.10706,41,-0.21743
2020_10_JAX_GB,2020,10,JAX,GB,64,-0.20969,0.39062,-0.29513,39,-0.07641
2020_10_LAC_MIA,2020,10,LAC,MIA,52,-0.09129,0.48077,-0.2446,27,0.07428
2020_10_LAC_MIA,2020,10,MIA,LAC,46,0.00702,0.5,0.34612,26,-0.43381
2020_10_MIN_CHI,2020,10,CHI,MIN,48,-0.42464,0.3125,-0.47224,32,-0.32942
2020_10_MIN_CHI,2020,10,MIN,CHI,68,-0.07951,0.36765,0.05967,38,-0.25579
2020_10_PHI_NYG,2020,10,NYG,PHI,65,0.17428,0.49231,0.26036,35,0.07386
2020_10_PHI_NYG,2020,10,PHI,NYG,62,0.1263,0.51613,-0.03247,38,0.37769
2020_10_SEA_LA,2020,10,LA,SEA,61,0.15536,0.52459,0.17678,42,0.10804
2020_10_SEA_LA,2020,10,SEA,LA,56,-0.23421,0.44643,-0.17947,42,-0.39843
2020_10_SF_NO,2020,10,NO,SF,43,-0.09769,0.4186,-0.07577,28,-0.13862
2020_10_SF_NO,2020,10,SF,NO,60,-0.18605,0.4,0.07399,35,-0.55012
2020_10_TB_CAR,2020,10,CAR,TB,41,-0.09191,0.4878,-0.10641,28,-0.06068
2020_10_TB_CAR,2020,10,TB,CAR,68,0.31852,0.44118,0.41695,42,0.1595
2020_10_WAS_DET,2020,10,DET,WAS,54,0.24294,0.51852,0.35459,36,0.01964
2020_10_WAS_DET,2020,10,WAS,DET,76,0.13502,0.51316,0.18612,55,0.00118
2020_11_ARI_SEA,2020,11,ARI,SEA,67,0.16213,0.47761,0.28279,49,-0.16635
2020_11_ARI_SEA,2020,11,SEA,ARI,65,0.18711,0.55385,0.27864,41,0.03076
2020_11_ATL_NO,2020,11,ATL,NO,44,-0.22921,0.29545,-0.22077,32,-0.25173
2020_11_ATL_NO,2020,11,NO,ATL,52,0.1483,0.5,0.06269,33,0.29697
2020_11_CIN_WAS,2020,11,CIN,WAS,62,-0.05568,0.46774,-0.00131,46,-0.212
2020_11_CIN_WAS,2020,11,WAS,CIN,50,0.05037,0.48,-0.06126,27,0.18141
2020_11_DAL_MIN,2020,11,DAL,MIN,64,0.17158,0.53125,0.06592,35,0.29911
2020_11_DAL_MIN,2020,11,MIN,DAL,65,0.04473,0.47692,0.12554,35,-0.04956
2020_11_DET_CAR,2020,11,CAR,DET,50,0.03664,0.44,0.06179,33,-0.0122
2020_11_DET_CAR,2020,11,DET,CAR,35,-0.4279,0.28571,-0.22867,22,-0.76506
2020_11_GB_IND,2020,11,GB,IND,58,0.00036,0.53448,0.17627,40,-0.39053
2020_11_GB_IND,2020,11,IND,GB,83,-0.03154,0.45783,0.08403,40,-0.13905
2020_11_KC_LV,2020,11,KC,LV,76,0.33053,0.61842,0.42473,53,0.11345
2020_11_KC_LV,2020,11,LV,KC,58,0.29926,0.56897,0.55435,34,-0.06211
2020_11_LA_TB,2020,11,LA,TB,71,-0.00551,0.4507,0.19462,50,-0.48201
2020_11_LA_TB,2020,11,TB,LA,69,-0.11611,0.36232,-0.08111,51,-0.2153
2020_11_MIA_DEN,2020,11,DEN,MIA,60,0.1,0.43333,0.25419,32,-0.07621
2020_11_MIA_DEN,2020,11,MIA,DEN,65,-0.14267,0.35385,-0.18495,49,-0.01318
2020_11_NE_HOU,2020,11,HOU,NE,58,0.2232,0.44828,0.4302,47,-0.66127
2020_11_NE_HOU,2020,11,NE,HOU,66,0.1151,0.45455,0.23945,41,-0.08882
2020_11_NYJ_LAC,2020,11,LAC,NYJ,67,0.19213,0.43284,0.34644,51,-0.29975
2020_11_NYJ_LAC,2020,11,NYJ,LAC,38,-0.21608,0.36842,-0.42371,20,0.01461
2020_11_PHI_CLE,2020,11,CLE,PHI,56,-0.13651,0.35714,0.06356,25,-0.29785
2020_11_PHI_CLE,2020,11,PHI,CLE,51,-0.32019,0.39216,-0.40009,26,-0.2371
2020_11_PIT_JAX,2020,11,JAX,PIT,44,-0.32476,0.34091,-0.58296,28,0.12709
2020_11_PIT_JAX,2020,11,PIT,JAX,55,0.12192,0.41818,0.09914,37,0.16874
2020_11_TEN_BAL,2020,11,BAL,TEN,65,0.11665,0.43077,0.16813,35,0.05659
2020_11_TEN_BAL,2020,11,TEN,BAL,70,0.2413,0.5,0.44866,38,-0.00495
2020_12_ARI_NE,2020,12,ARI,NE,73,-0.00221,0.45205,0.06843,42,-0.09792
2020_12_ARI_NE,2020,12,NE,ARI,52,-0.18412,0.40385,-0.45356,22,0.01348
2020_12_BAL_PIT,2020,12,BAL,PIT,44,-0.58517,0.29545,-1.02848,18,-0.27825
2020_12_BAL_PIT,2020,12,PIT,BAL,59,-0.0491,0.47458,-0.01961,44,-0.13561
2020_12_CAR_MIN,2020,12,CAR,MIN,64,0.01858,0.48438,0.08195,38,-0.07402
2020_12_CAR_MIN,2020,12,MIN,CAR,71,-0.02034,0.50704,0.15626,50,-0.44081
2020_12_CHI_GB,2020,12,CHI,GB,22,-0.59041,0.31818,-0.93642,16,0.33228
2020_12_CHI_GB,2020,12,GB,CHI,45,0.3247,0.55556,0.47361,26,0.12092
2020_12_CLE_JAX,2020,12,CLE,JAX,62,0.21851,0.53226,0.27682,32,0.15631
2020_12_CLE_JAX,2020,12,JAX,CLE,64,0.18049,0.48438,0.16464,39,0.20522
2020_12_HOU_DET,2020,12,DET,HOU,55,-0.19827,0.47273,-0.04221,27,-0.34876
2020_12_HOU_DET,2020,12,HOU,DET,47,0.19587,0.53191,0.47842,33,-0.47013
2020_12_KC_TB,2020,12,KC,TB,72,0.30952,0.5,0.42413,56,-0.09162
2020_12_KC_TB,2020,12,TB,KC,50,-0.04968,0.48,-0.05904,38,-0.02002
2020_12_LAC_BUF,2020,12,BUF,LAC,61,0.01085,0.45902,0.25002,32,-0.25307
2020_12_LAC_BUF,2020,12,LAC,BUF,67,-0.13678,0.38806,0.01797,45,-0.4533
2020_12_LV_ATL,2020,12,ATL,LV,47,-0.20625,0.3617,-0.04758,33,-0.58027
2020_12_LV_ATL,2020,12,LV,ATL,44,-0.74053,0.25,-0.68857,36,-0.97434
2020_12_MIA_NYJ,2020,12,MIA,NYJ,58,-0.03316,0.46552,0.16088,45,-0.70485
2020_12_MIA_NYJ,2020,12,NYJ,MIA,53,-0.29701,0.30189,-0.25785,33,-0.36163
2020_12_NO_DEN,2020,12,DEN,NO,30,-0.90463,0.16667,-1.17786,10,-0.76801
2020_12_NO_DEN,2020,12,NO,DEN,45,-0.17247,0.37778,-0.75735,19,0.25494
2020_12_NYG_CIN,2020,12,CIN,NYG,49,-0.34908,0.32653,-0.50666,37,0.13681
2020_12_NYG_CIN,2020,12,NYG,CIN,79,0.02408,0.41772,0.01965,44,0.02965
2020_12_SEA_PHI,2020,12,PHI,SEA,59,-0.22114,0.35593,-0.27171,48,-0.00048
2020_12_SEA_PHI,2020,12,SEA,PHI,54,0.02646,0.46296,-0.05722,35,0.1806
2020_12_SF_LA,2020,12,LA,SF,61,-0.48673,0.39344,-0.71113,37,-0.14078
2020_12_SF_LA,2020,12,SF,LA,72,-0.29814,0.38889,-0.0927,38,-0.52776
2020_12_TEN_IND,2020,12,IND,TEN,40,-0.01531,0.375,0.08298,26,-0.19785
2020_12_TEN_IND,2020,12,TEN,IND,43,0.64337,0.62791,0.69102,18,0.60907
2020_12_WAS_DAL,2020,12,DAL,WAS,53,-0.30329,0.43396,-0.18165,36,-0.56087
2020_12_WAS_DAL,2020,12,WAS,DAL,54,0.01248,0.53704,-0.11559,31,0.1851
2020_13_BUF_SF,2020,13,BUF,SF,63,0.31123,0.68254,0.64504,42,-0.35639
2020_13_BUF_SF,2020,13,SF,BUF,40,0.0223,0.45,0.30656,21,-0.29189
2020_13_CIN_MIA,2020,13,CIN,MIA,39,-0.15258,0.38462,-0.11471,23,-0.20701
2020_13_CIN_MIA,2020,13,MIA,CIN,59,0.11021,0.50847,0.23671,39,-0.13648
2020_13_CLE_TEN,2020,13,CLE,TEN,38,0.66453,0.57895,1.00147,26,-0.06549
2020_13_CLE_TEN,2020,13,TEN,CLE,14,-0.40829,0.42857,0.58605,7,-1.40263
2020_13_DAL_BAL,2020,13,BAL,DAL,39,0.2743,0.48718,0.11627,19,0.42443
2020_13_DAL_BAL,2020,13,DAL,BAL,56,-0.04124,0.39286,-0.05849,33,-0.01649
2020_13_DEN_KC,2020,13,DEN,KC,66,0.09985,0.40909,0.1334,33,0.06631
2020_13_DEN_KC,2020,13,KC,DEN,63,0.14925,0.49206,0.16048,45,0.12118
2020_13_DET_CHI,2020,13,CHI,DET,63,0.16916,0.50794,0.29947,35,0.00627
2020_13_DET_CHI,2020,13,DET,CHI,65,0.23729,0.44615,0.42092,43,-0.12162
2020_13_IND_HOU,2020,13,HOU,IND,64,-0.02839,0.42188,0.05323,50,-0.31987
2020_13_IND_HOU,2020,13,IND,HOU,66,0.09332,0.5,0.26308,38,-0.13707
2020_13_JAX_MIN,2020,13,JAX,MIN,70,-0.09971,0.47143,-0.14904,47,0.0011
2020_13_JAX_MIN,2020,13,MIN,JAX,91,-0.10447,0.45055,-0.00053,53,-0.24943
2020_13_LA_ARI,2020,13,ARI,LA,55,-0.21081,0.38182,-0.26886,38,-0.08104
2020_13_LA_ARI,2020,13,LA,ARI,72,0.24647,0.58333,0.37944,50,-0.05574
2020_13_LV_NYJ,2020,13,LV,NYJ,77,0.09516,0.42857,0.20747,54,-0.16852
2020_13_LV_NYJ,2020,13,NYJ,LV,62,0.09812,0.5,-0.0368,30,0.22462
2020_13_NE_LAC,2020,13,LAC,NE,26,-0.24738,0.30769,-0.39044,20,0.2295
2020_13_NE_LAC,2020,13,NE,LAC,38,0.19057,0.5,-0.0385,14,0.3242
2020_13_NO_ATL,2020,13,ATL,NO,67,-0.15726,0.38806,-0.186,46,-0.09431
2020_13_NO_ATL,2020,13,NO,ATL,71,0.16756,0.50704,0.29466,43,-0.02762
2020_13_NYG_SEA,2020,13,NYG,SEA,55,-0.04566,0.36364,-0.28649,26,0.17025
2020_13_NYG_SEA,2020,13,SEA,NYG,69,-0.24204,0.42029,-0.21141,54,-0.35233
2020_13_PHI_GB,2020,13,GB,PHI,39,0.49278,0.53846,0.67342,24,0.20376
2020_13_PHI_GB,2020,13,PHI,GB,47,-0.15632,0.3617,-0.20835,29,-0.0725
2020_13_WAS_PIT,2020,13,PIT,WAS,69,-0.12605,0.3913,-0.01143,55,-0.57634
2020_13_WAS_PIT,2020,13,WAS,PIT,71,-0.07924,0.33803,0.02587,51,-0.34728
2020_14_ARI_NYG,2020,14,ARI,NYG,53,0.09685,0.41509,0.21636,32,-0.08525
2020_14_ARI_NYG,2020,14,NYG,ARI,35,-0.31426,0.34286,-0.55134,20,0.00185
2020_14_ATL_LAC,2020,14,ATL,LAC,57,0.01297,0.49123,0.04564,38,-0.05236
2020_14_ATL_LAC,2020,14,LAC,ATL,73,0.05175,0.49315,0.13101,46,-0.08328
2020_14_BAL_CLE,2020,14,BAL,CLE,59,0.43621,0.47458,0.50382,31,0.36136
2020_14_BAL_CLE,2020,14,CLE,BAL,83,0.30266,0.50602,0.34538,60,0.19119
2020_14_DAL_CIN,2020,14,CIN,DAL,65,-0.19463,0.50769,0.29015,39,-0.9218
2020_14_DAL_CIN,2020,14,DAL,CIN,34,0.1017,0.41176,0.39769,18,-0.23128
2020_14_DEN_CAR,2020,14,CAR,DEN,66,0.05142,0.42424,-0.0262,47,0.24344
2020_14_DEN_CAR,2020,14,DEN,CAR,58,0.20359,0.53448,0.3859,33,-0.03705
2020_14_GB_DET,2020,14,DET,GB,63,0.13959,0.50794,0.18971,48,-0.02078
2020_14_GB_DET,2020,14,GB,DET,62,0.35691,0.58065,0.59442,37,0.0054
2020_14_HOU_CHI,2020,14,CHI,HOU,29,0.53994,0.68966,0.43422,21,0.81747
2020_14_HOU_CHI,2020,14,HOU,CHI,30,-0.0699,0.5,0.15945,23,-0.82349
2020_14_IND_LV,2020,14,IND,LV,56,0.45032,0.46429,0.60941,30,0.26676
2020_14_IND_LV,2020,14,LV,IND,50,0.16852,0.46,0.33355,33,-0.15185
2020_14_KC_MIA,2020,14,KC,MIA,42,0.23599,0.54762,0.37789,28,-0.04781
2020_14_KC_MIA,2020,14,MIA,KC,61,-0.03949,0.4918,-0.01307,46,-0.12049
2020_14_MIN_TB,2020,14,MIN,TB,66,0.22345,0.56061,0.23644,36,0.20785
2020_14_MIN_TB,2020,14,TB,MIN,41,0.35683,0.4878,0.59918,23,0.04716
2020_14_NE_LA,2020,14,LA,NE,42,0.07999,0.47619,-0.18718,21,0.34715
2020_14_NE_LA,2020,14,NE,LA,39,-0.46227,0.38462,-0.75767,19,-0.18165
2020_14_NO_PHI,2020,14,NO,PHI,60,0.00188,0.43333,0.02407,43,-0.05422
2020_14_NO_PHI,2020,14,PHI,NO,58,0.08668,0.44828,0.11832,30,0.05277
2020_14_NYJ_SEA,2020,14,NYJ,SEA,34,-0.25245,0.35294,0.01324,19,-0.58899
2020_14_NYJ_SEA,2020,14,SEA,NYJ,31,0.22801,0.6129,0.29482,18,0.1355
2020_14_PIT_BUF,2020,14,BUF,PIT,55,-0.0261,0.38182,0.00081,44,-0.13373
2020_14_PIT_BUF,2020,14,PIT,BUF,53,-0.33356,0.33962,-0.36949,37,-0.25048
2020_14_TEN_JAX,2020,14,JAX,TEN,32,-0.3722,0.21875,-0.31421,23,-0.52041
2020_14_TEN_JAX,2020,14,TEN,JAX,39,0.31335,0.64103,0.12755,20,0.50894
2020_14_WAS_SF,2020,14,SF,WAS,74,-0.41111,0.44595,-0.55684,46,-0.17168
2020_14_WAS_SF,2020,14,WAS,SF,59,-0.30211,0.33898,-0.49297,35,-0.02376
2020_15_BUF_DEN,2020,15,BUF,DEN,44,0.47597,0.59091,0.62039,36,-0.17396
2020_15_BUF_DEN,2020,15,DEN,BUF,37,-0.14507,0.43243,-0.26264,25,0.09987
2020_15_CAR_GB,2020,15,CAR,GB,59,-0.02504,0.49153,0.18783,35,-0.33548
2020_15_CAR_GB,2020,15,GB,CAR,46,0.3497,0.58696,0.25417,28,0.49832
2020_15_CHI_MIN,2020,15,CHI,MIN,64,0.13607,0.57812,0.27334,26,0.04214
2020_15_CHI_MIN,2020,15,MIN,CHI,67,0.05951,0.55224,0.1648,42,-0.11738
2020_15_CLE_NYG,2020,15,CLE,NYG,52,0.34645,0.61538,0.65461,32,-0.14661
2020_15_CLE_NYG,2020,15,NYG,CLE,36,-0.10306,0.36111,0.09844,19,-0.32826
2020_15_DET_TEN,2020,15,DET,TEN,54,0.17786,0.57407,0.49892,33,-0.32666
2020_15_DET_TEN,2020,15,TEN,DET,49,0.50544,0.67347,0.66877,24,0.34865
2020_15_HOU_IND,2020,15,HOU,IND,69,0.13748,0.56522,0.19497,50,-0.01381
2020_15_HOU_IND,2020,15,IND,HOU,53,0.26164,0.54717,0.26806,31,0.2526
2020_15_JAX_BAL,2020,15,BAL,JAX,25,0.35191,0.6,0.54119,11,0.20318
2020_15_JAX_BAL,2020,15,JAX,BAL,25,-0.4018,0.28,-0.26446,13,-0.55058
2020_15_KC_NO,2020,15,KC,NO,89,0.16126,0.51685,0.22589,56,0.05159
2020_15_KC_NO,2020,15,NO,KC,54,-0.17453,0.35185,-0.17234,37,-0.17928
2020_15_LAC_LV,2020,15,LAC,LV,66,0.32783,0.48485,0.73879,37,-0.19651
2020_15_LAC_LV,2020,15,LV,LAC,76,0.12685,0.47368,0.41868,38,-0.16498
2020_15_NE_MIA,2020,15,MIA,NE,71,0.18195,0.49296,0.01793,32,0.31654
2020_15_NE_MIA,2020,15,NE,MIA,51,-0.02954,0.45098,-0.06896,31,0.03158
2020_15_NYJ_LA,2020,15,LA,NYJ,59,-0.21805,0.35593,-0.20902,40,-0.23707
2020_15_NYJ_LA,2020,15,NYJ,LA,62,-0.00486,0.41935,0.11414,36,-0.16962
2020_15_PHI_ARI,2020,15,ARI,PHI,66,0.00841,0.48485,0.11727,41,-0.17011
2020_15_PHI_ARI,2020,15,PHI,ARI,82,0.05003,0.37805,0.22459,56,-0.32595
2020_15_PIT_CIN,2020,15,CIN,PIT,52,-0.11085,0.40385,-0.0535,16,-0.13634
2020_15_PIT_CIN,2020,15,PIT,CIN,59,-0.37992,0.37288,-0.39404,39,-0.3524
2020_15_SEA_WAS,2020,15,SEA,WAS,52,0.21006,0.51923,0.22252,32,0.19012
2020_15_SEA_WAS,2020,15,WAS,SEA,77,-0.01916,0.44156,-0.00158,60,-0.0812
2020_15_SF_DAL,2020,15,DAL,SF,58,0.00453,0.32759,-0.00043,38,0.01395
2020_15_SF_DAL,2020,15,SF,DAL,73,-0.03837,0.43836,-0.04511,37,-0.03143
2020_15_TB_ATL,2020,15,ATL,TB,65,0.02807,0.4,0.12929,53,-0.41898
2020_15_TB_ATL,2020,15,TB,ATL,63,0.25008,0.49206,0.32341,50,-0.03195
2020_16_ATL_KC,2020,16,ATL,KC,67,0.05528,0.49254,0.17614,43,-0.16127
2020_16_ATL_KC,2020,16,KC,ATL,66,0.0231,0.48485,0.01025,48,0.05737
2020_16_BUF_NE,2020,16,BUF,NE,43,0.55863,0.53488,0.63457,31,0.36245
2020_16_BUF_NE,2020,16,NE,BUF,30,0.03017,0.43333,-0.18685,15,0.24719
2020_16_CAR_WAS,2020,16,CAR,WAS,51,0.10103,0.45098,0.17813,28,0.00717
2020_16_CAR_WAS,2020,16,WAS,CAR,51,-0.36418,0.37255,-0.56662,35,0.07864
2020_16_CHI_JAX,2020,16,CHI,JAX,53,0.31034,0.5283,0.4345,35,0.0689
2020_16_CHI_JAX,2020,16,JAX,CHI,36,-0.06434,0.36111,-0.02986,22,-0.11852
2020_16_CIN_HOU,2020,16,CIN,HOU,72,0.32789,0.55556,0.5082,41,0.08941
2020_16_CIN_HOU,2020,16,HOU,CIN,50,0.25838,0.56,0.23141,36,0.32773
2020_16_CLE_NYJ,2020,16,CLE,NYJ,77,-0.11047,0.48052,-0.10995,58,-0.11206
2020_16_CLE_NYJ,2020,16,NYJ,CLE,59,0.06569,0.42373,0.20443,33,-0.11041
2020_16_DEN_LAC,2020,16,DEN,LAC,76,0.01998,0.44737,0.004,50,0.05073
2020_16_DEN_LAC,2020,16,LAC,DEN,57,-0.02165,0.38596,0.09436,39,-0.27302
2020_16_IND_PIT,2020,16,IND,PIT,68,0.04076,0.5,-0.12676,41,0.29513
2020_16_IND_PIT,2020,16,PIT,IND,66,0.06942,0.51515,0.14947,54,-0.29083
2020_16_LA_SEA,2020,16,LA,SEA,68,-0.08705,0.33824,0.00455,45,-0.26628
2020_16_LA_SEA,2020,16,SEA,LA,59,0.01706,0.33898,0.09004,39,-0.12524
2020_16_MIA_LV,2020,16,LV,MIA,62,0.05412,0.46774,0.09714,38,-0.01399
2020_16_MIA_LV,2020,16,MIA,LV,63,0.08746,0.44444,0.16938,40,-0.05501
2020_16_MIN_NO,2020,16,MIN,NO,50,0.20836,0.54,0.19839,33,0.22772
2020_16_MIN_NO,2020,16,NO,MIN,59,0.33244,0.62712,0.16192,23,0.44138
2020_16_NYG_BAL,2020,16,BAL,NYG,46,0.36065,0.58696,0.30304,22,0.41347
2020_16_NYG_BAL,2020,16,NYG,BAL,35,0.01472,0.48571,0.04493,26,-0.07256
2020_16_PHI_DAL,2020,16,DAL,PHI,50,0.35302,0.58,0.75223,29,-0.19826
2020_16_PHI_DAL,2020,16,PHI,DAL,59,-0.13459,0.40678,-0.28429,37,0.11719
2020_16_SF_ARI,2020,16,ARI,SF,77,-0.15282,0.37662,-0.24115,55,0.06802
2020_16_SF_ARI,2020,16,SF,ARI,49,0.17306,0.5102,0.00371,24,0.33564
2020_16_TB_DET,2020,16,DET,TB,17,-0.46483,0.29412,-0.79044,10,0.00032
2020_16_TB_DET,2020,16,TB,DET,30,0.68887,0.7,1.01154,19,0.13155
2020_16_TEN_GB,2020,16,GB,TEN,42,0.55688,0.66667,0.70203,22,0.39722
2020_16_TEN_GB,2020,16,TEN,GB,32,0.02719,0.4375,-0.07213,16,0.1265
2020_17_ARI_LA,2020,17,ARI,LA,49,-0.36831,0.36735,-0.41749,32,-0.27575
2020_17_ARI_LA,2020,17,LA,ARI,64,-0.06831,0.34375,0.0868,42,-0.36443
2020_17_ATL_TB,2020,17,ATL,TB,67,0.14232,0.46269,0.31514,42,-0.14801
2020_17_ATL_TB,2020,17,TB,ATL,57,0.40011,0.61404,0.50234,40,0.15957
2020_17_BAL_CIN,2020,17,BAL,CIN,47,0.38628,0.51064,0.40928,19,0.37068
2020_17_BAL_CIN,2020,17,CIN,BAL,23,-0.42294,0.30435,-0.58159,14,-0.17615
2020_17_DAL_NYG,2020,17,DAL,NYG,82,-0.0654,0.46341,-0.10258,59,0.02998
2020_17_DAL_NYG,2020,17,NYG,DAL,54,-0.03118,0.48148,0.12464,31,-0.2412
2020_17_GB_CHI,2020,17,CHI,GB,62,-0.04004,0.53226,-0.01079,34,-0.07555
2020_17_GB_CHI,2020,17,GB,CHI,43,0.45685,0.55814,0.76507,27,-0.06327
2020_17_JAX_IND,2020,17,IND,JAX,54,0.1286,0.51852,-0.0528,25,0.28497
2020_17_JAX_IND,2020,17,JAX,IND,58,-0.2339,0.39655,-0.22706,41,-0.25042
2020_17_LAC_KC,2020,17,KC,LAC,42,0.0927,0.5,0.27028,28,-0.26246
2020_17_LAC_KC,2020,17,LAC,KC,61,0.32242,0.5082,0.61305,37,-0.12563
2020_17_LV_DEN,2020,17,DEN,LV,80,0.06385,0.4125,0.21404,49,-0.17354
2020_17_LV_DEN,2020,17,LV,DEN,68,0.02084,0.47059,0.03314,45,-0.00321
2020_17_MIA_BUF,2020,17,BUF,MIA,40,0.21172,0.525,0.31089,31,-0.12987
2020_17_MIA_BUF,2020,17,MIA,BUF,30,-0.38467,0.33333,-0.39678,20,-0.36044
2020_17_MIN_DET,2020,17,DET,MIN,58,0.23606,0.5,0.19402,38,0.31594
2020_17_MIN_DET,2020,17,MIN,DET,77,0.31407,0.54545,0.45047,47,0.10037
2020_17_NO_CAR,2020,17,CAR,NO,43,-0.36284,0.46512,-0.47339,29,-0.13383
2020_17_NO_CAR,2020,17,NO,CAR,44,0.19132,0.52273,0.13183,27,0.28581
2020_17_NYJ_NE,2020,17,NE,NYJ,57,0.25963,0.50877,0.31231,36,0.16932
2020_17_NYJ_NE,2020,17,NYJ,NE,53,0.01292,0.5283,-0.05099,32,0.11031
2020_17_PIT_CLE,2020,17,CLE,PIT,57,0.27111,0.52632,0.37461,33,0.1288
2020_17_PIT_CLE,2020,17,PIT,CLE,58,-0.01064,0.34483,-0.01119,40,-0.0094
2020_17_SEA_SF,2020,17,SEA,SF,63,0.08486,0.47619,0.05301,41,0.14421
2020_17_SEA_SF,2020,17,SF,SEA,62,-0.04974,0.3871,0.10688,38,-0.29771
2020_17_TEN_HOU,2020,17,HOU,TEN,64,0.2561,0.51562,0.26873,50,0.21101
2020_17_TEN_HOU,2020,17,TEN,HOU,70,0.27292,0.51429,0.34693,31,0.21409
2020_17_WAS_PHI,2020,17,PHI,WAS,64,-0.24438,0.375,-0.22432,41,-0.28014
2020_17_WAS_PHI,2020,17,WAS,PHI,60,-0.20732,0.36667,-0.23565,35,-0.16767
2020_18_BAL_TEN,2020,18,BAL,TEN,58,0.14182,0.41379,0.2157,30,0.06266
2020_18_BAL_TEN,2020,18,TEN,BAL,50,-0.08582,0.38,0.01128,29,-0.21991
2020_18_CHI_NO,2020,18,CHI,NO,35,-0.44484,0.17143,-0.54822,20,-0.30698
2020_18_CHI_NO,2020,18,NO,CHI,59,0.0327,0.42373,0.19024,38,-0.25236
2020_18_CLE_PIT,2020,18,CLE,PIT,18,0.76978,0.5,1.0296,11,0.36149
2020_18_CLE_PIT,2020,18,PIT,CLE,28,-0.74534,0.28571,-0.61404,19,-1.02253
2020_18_IND_BUF,2020,18,BUF,IND,59,0.19967,0.50847,0.3078,41,-0.04663
2020_18_IND_BUF,2020,18,IND,BUF,75,0.14919,0.38667,0.28321,46,-0.06339
2020_18_LA_SEA,2020,18,LA,SEA,61,-0.07256,0.42623,-0.08471,27,-0.06291
2020_18_LA_SEA,2020,18,SEA,LA,49,-0.44814,0.32653,-0.6826,28,-0.13553
2020_18_TB_WAS,2020,18,TB,WAS,70,0.2398,0.51429,0.45469,43,-0.10244
2020_18_TB_WAS,2020,18,WAS,TB,67,0.05042,0.38806,0.11523,50,-0.14018
2020_19_BAL_BUF,2020,19,BAL,BUF,55,-0.19338,0.45455,-0.33057,30,-0.02875
2020_19_BAL_BUF,2020,19,BUF,BAL,37,-0.03068,0.40541,-0.05287,32,0.11127
2020_19_CLE_KC,2020,19,CLE,KC,64,0.05771,0.42188,-0.13993,42,0.43501
2020_19_CLE_KC,2020,19,KC,CLE,61,0.18256,0.52459,0.25836,40,0.03818
2020_19_LA_GB,2020,19,GB,LA,66,0.31582,0.57576,0.45398,36,0.15003
2020_19_LA_GB,2020,19,LA,GB,45,0.15213,0.57778,0.15316,28,0.15042
2020_19_TB_NO,2020,19,NO,TB,63,-0.23327,0.47619,-0.42107,38,0.05219
2020_19_TB_NO,2020,19,TB,NO,61,0.04552,0.47541,0.065,33,0.02256
2020_20_BUF_KC,2020,20,BUF,KC,54,-0.09328,0.46296,-0.14298,43,0.10102
2020_20_BUF_KC,2020,20,KC,BUF,45,0.50163,0.64444,0.54437,35,0.35203
2020_20_TB_GB,2020,20,GB,TB,71,0.04656,0.47887,0.05313,55,0.02398
2020_20_TB_GB,2020,20,TB,GB,59,0.16706,0.40678,0.28355,38,-0.04372
2020_21_KC_TB,2020,21,KC,TB,36,-0.07906,0.44444,-0.17391,27,0.20551
2020_21_KC_TB,2020,21,TB,KC,45,0.34512,0.62222,0.54586,28,0.01449
2021_01_ARI_TEN,2021,1,ARI,TEN,50,0.23045,0.4,0.35436,33,-0.01007
2021_01_ARI_TEN,2021,1,TEN,ARI,44,-0.32589,0.40909,-0.20846,30,-0.57751
2021_01_BAL_LV,2021,1,BAL,LV,67,-0.03298,0.41791,0.08808,40,-0.21233
2021_01_BAL_LV,2021,1,LV,BAL,83,0.04157,0.44578,0.19949,63,-0.45588
2021_01_CHI_LA,2021,1,CHI,LA,62,0.02353,0.56452,-0.03513,38,0.11642
2021_01_CHI_LA,2021,1,LA,CHI,32,0.36377,0.46875,0.62168,23,-0.29534
2021_01_CLE_KC,2021,1,CLE,KC,60,0.22346,0.56667,0.34777,33,0.07151
2021_01_CLE_KC,2021,1,KC,CLE,63,0.31914,0.49206,0.51113,45,-0.16084
2021_01_DAL_TB,2021,1,DAL,TB,84,0.13044,0.5119,0.22219,69,-0.29159
2021_01_DAL_TB,2021,1,TB,DAL,65,0.05424,0.52308,0.15555,50,-0.28347
2021_01_DEN_NYG,2021,1,DEN,NYG,59,0.22288,0.45763,0.43861,40,-0.23129
2021_01_DEN_NYG,2021,1,NYG,DEN,43,-0.05017,0.4186,0.07341,29,-0.30615
2021_01_GB_NO,2021,1,GB,NO,34,-0.28312,0.44118,-0.30789,27,-0.18755
2021_01_GB_NO,2021,1,NO,GB,44,0.24479,0.56818,0.52509,20,0.01121
2021_01_JAX_HOU,2021,1,HOU,JAX,43,0.2636,0.46512,0.41878,28,-0.02607
2021_01_JAX_HOU,2021,1,JAX,HOU,37,-0.20679,0.40541,-0.28007,26,-0.03359
2021_01_LAC_WAS,2021,1,LAC,WAS,77,0.11603,0.48052,0.18074,52,-0.01857
2021_01_LAC_WAS,2021,1,WAS,LAC,55,-0.04888,0.41818,0.06742,30,-0.18845
2021_01_MIA_NE,2021,1,MIA,NE,51,0.00676,0.45098,0.01791,30,-0.00916
2021_01_MIA_NE,2021,1,NE,MIA,75,0.00875,0.48,0.15241,44,-0.19515
2021_01_MIN_CIN,2021,1,CIN,MIN,68,0.00724,0.39706,0.2023,32,-0.16615
2021_01_MIN_CIN,2021,1,MIN,CIN,82,0.04004,0.41463,0.18165,60,-0.34619
2021_01_NYJ_CAR,2021,1,CAR,NYJ,53,0.01283,0.45283,0.15006,33,-0.21359
2021_01_NYJ_CAR,2021,1,NYJ,CAR,54,-0.34482,0.33333,-0.43066,35,-0.18669
2021_01_PHI_ATL,2021,1,ATL,PHI,52,-0.16068,0.34615,-0.24369,28,-0.06384
2021_01_PHI_ATL,2021,1,PHI,ATL,55,0.22711,0.6,0.23036,33,0.22223
2021_01_PIT_BUF,2021,1,BUF,PIT,74,-0.16206,0.37838,-0.16618,50,-0.15348
2021_01_PIT_BUF,2021,1,PIT,BUF,54,0.0304,0.42593,0.07905,38,-0.08514
2021_01_SEA_IND,2021,1,IND,SEA,57,-0.20877,0.42105,-0.11985,36,-0.36119
2021_01_SEA_IND,2021,1,SEA,IND,44,0.1491,0.43182,0.33496,25,-0.09546
2021_01_SF_DET,2021,1,DET,SF,51,-0.23714,0.35294,-0.26613,33,-0.184
2021_01_SF_DET,2021,1,SF,DET,24,0.66911,0.70833,1.24297,13,-0.00908
2021_02_ATL_TB,2021,2,ATL,TB,60,-0.03542,0.5,0.12155,45,-0.50633
2021_02_ATL_TB,2021,2,TB,ATL,56,0.16747,0.53571,0.15815,40,0.19076
2021_02_BUF_MIA,2021,2,BUF,MIA,38,0.06055,0.42105,0.06396,24,0.0547
2021_02_BUF_MIA,2021,2,MIA,BUF,50,-0.42839,0.34,-0.41185,41,-0.50371
2021_02_CIN_CHI,2021,2,CHI,CIN,52,-0.01263,0.42308,0.24558,31,-0.39379
2021_02_CIN_CHI,2021,2,CIN,CHI,46,-0.31463,0.41304,-0.40231,28,-0.17823
2021_02_DAL_LAC,2021,2,DAL,LAC,62,0.11953,0.58065,-0.01391,31,0.25296
2021_02_DAL_LAC,2021,2,LAC,DAL,71,0.02521,0.46479,0.03364,51,0.00371
2021_02_DEN_JAX,2021,2,DEN,JAX,48,0.1766,0.4375,0.27436,34,-0.06081
2021_02_DEN_JAX,2021,2,JAX,DEN,55,-0.10782,0.4,-0.09628,40,-0.13859
2021_02_DET_GB,2021,2,DET,GB,40,0.08209,0.55,0.32091,22,-0.2098
2021_02_DET_GB,2021,2,GB,DET,48,0.42945,0.5625,0.79483,28,-0.0821
2021_02_HOU_CLE,2021,2,CLE,HOU,55,0.17404,0.6,0.16821,28,0.18009
2021_02_HOU_CLE,2021,2,HOU,CLE,52,0.13129,0.40385,0.56128,25,-0.26685
2021_02_KC_BAL,2021,2,BAL,KC,74,0.15124,0.59459,0.02794,33,0.25048
2021_02_KC_BAL,2021,2,KC,BAL,51,0.26654,0.56863,0.53601,33,-0.22751
2021_02_LA_IND,2021,2,IND,LA,66,-0.08012,0.43939,-0.07326,45,-0.09481
2021_02_LA_IND,2021,2,LA,IND,60,0.07605,0.46667,0.37854,32,-0.26964
2021_02_LV_PIT,2021,2,LV,PIT,62,0.1929,0.48387,0.48641,42,-0.42347
2021_02_LV_PIT,2021,2,PIT,LV,55,0.00359,0.32727,0.06861,41,-0.18683
2021_02_MIN_ARI,2021,2,ARI,MIN,61,0.10369,0.5082,0.18709,43,-0.09555
2021_02_MIN_ARI,2021,2,MIN,ARI,61,0.17507,0.5082,0.28048,35,0.03317
2021_02_NE_NYJ,2021,2,NE,NYJ,40,0.08743,0.5,0.00953,27,0.24923
2021_02_NE_NYJ,2021,2,NYJ,NE,40,-0.36141,0.425,-0.6903,17,-0.11832
2021_02_NO_CAR,2021,2,CAR,NO,52,0.32108,0.53846,0.68218,32,-0.25668
2021_02_NO_CAR,2021,2,NO,CAR,33,-0.49763,0.24242,-0.38614,23,-0.75405
2021_02_NYG_WAS,2021,2,NYG,WAS,68,0.15879,0.45588,0.17802,43,0.12571
2021_02_NYG_WAS,2021,2,WAS,NYG,70,0.09505,0.5,0.01308,51,0.31507
2021_02_SF_PHI,2021,2,PHI,SF,53,-0.03483,0.45283,0.10588,29,-0.20486
2021_02_SF_PHI,2021,2,SF,PHI,59,0.09079,0.42373,0.25902,34,-0.13802
2021_02_TEN_SEA,2021,2,SEA,TEN,54,0.15722,0.40741,0.22544,38,-0.0048
2021_02_TEN_SEA,2021,2,TEN,SEA,87,0.16603,0.51724,0.2508,48,0.06169
2021_03_ARI_JAX,2021,3,ARI,JAX,61,0.19876,0.54098,0.21363,37,0.17585
2021_03_ARI_JAX,2021,3,JAX,ARI,56,-0.2378,0.51786,-0.57215,29,0.12131
2021_03_ATL_NYG,2021,3,ATL,NYG,62,0.06914,0.3871,0.2065,41,-0.19902
2021_03_ATL_NYG,2021,3,NYG,ATL,69,0.04255,0.47826,0.13116,46,-0.13467
2021_03_BAL_DET,2021,3,BAL,DET,57,0.03255,0.42105,0.18035,40,-0.3152
2021_03_BAL_DET,2021,3,DET,BAL,63,-0.00316,0.39683,0.10254,36,-0.14409
2021_03_CAR_HOU,2021,3,CAR,HOU,62,0.17095,0.46774,0.35415,39,-0.13969
2021_03_CAR_HOU,2021,3,HOU,CAR,49,-0.11121,0.42857,-0.00021,31,-0.30238
2021_03_CHI_CLE,2021,3,CHI,CLE,37,-0.34051,0.2973,-0.34735,26,-0.32435
2021_03_CHI_CLE,2021,3,CLE,CHI,61,0.01848,0.42623,0.0617,38,-0.05292
2021_03_CIN_PIT,2021,3,CIN,PIT,35,0.22055,0.48571,0.47319,19,-0.07946
2021_03_CIN_PIT,2021,3,PIT,CIN,54,-0.24069,0.33333,-0.18222,40,-0.40775
2021_03_GB_SF,2021,3,GB,SF,61,0.21832,0.4918,0.37869,36,-0.0126
2021_03_GB_SF,2021,3,SF,GB,70,0.13992,0.5,0.15695,49,0.10017
2021_03_IND_TEN,2021,3,IND,TEN,52,0.00644,0.42308,-0.16597,34,0.3321
2021_03_IND_TEN,2021,3,TEN,IND,66,0.06587,0.45455,0.15333,32,-0.01645
2021_03_LAC_KC,2021,3,KC,LAC,79,0.06003,0.5443,0.11192,53,-0.04575
2021_03_LAC_KC,2021,3,LAC,KC,65,0.27173,0.53846,0.42426,46,-0.09755
2021_03_MIA_LV,2021,3,LV,MIA,80,-0.00014,0.45,0.11589,47,-0.16539
2021_03_MIA_LV,2021,3,MIA,LV,81,-0.04208,0.38272,0.04295,60,-0.28501
2021_03_NO_NE,2021,3,NE,NO,53,-0.33401,0.39623,-0.35162,39,-0.28494
2021_03_NO_NE,2021,3,NO,NE,47,0.12264,0.53191,0.3012,23,-0.04849
2021_03_NYJ_DEN,2021,3,DEN,NYJ,37,0.35384,0.56757,0.50555,21,0.15474
2021_03_NYJ_DEN,2021,3,NYJ,DEN,29,-0.37473,0.27586,-0.43765,21,-0.20958
2021_03_PHI_DAL,2021,3,DAL,PHI,50,0.07671,0.66,0.1761,23,-0.00795
2021_03_PHI_DAL,2021,3,PHI,DAL,29,-0.40155,0.41379,-0.45227,25,-0.08453
2021_03_SEA_MIN,2021,3,MIN,SEA,62,0.29815,0.53226,0.51642,37,-0.02489
2021_03_SEA_MIN,2021,3,SEA,MIN,43,0.21265,0.53488,0.12867,28,0.3694
2021_03_TB_LA,2021,3,LA,TB,44,0.41081,0.47727,0.63237,33,-0.25386
2021_03_TB_LA,2021,3,TB,LA,52,0.11893,0.48077,0.15533,41,-0.01672
2021_03_WAS_BUF,2021,3,BUF,WAS,54,0.31219,0.51852,0.58698,36,-0.23739
2021_03_WAS_BUF,2021,3,WAS,BUF,29,-0.20936,0.34483,-0.19395,19,-0.23864
2021_04_ARI_LA,2021,4,ARI,LA,60,0.23925,0.53333,0.41167,38,-0.05857
2021_04_ARI_LA,2021,4,LA,ARI,43,-0.06656,0.53488,0.00132,27,-0.1811
2021_04_BAL_DEN,2021,4,BAL,DEN,53,0.07323,0.43396,0.16892,34,-0.098
2021_04_BAL_DEN,2021,4,DEN,BAL,52,-0.23662,0.30769,-0.37344,36,0.07122
2021_04_CAR_DAL,2021,4,CAR,DAL,48,0.0022,0.4375,-0.05906,28,0.08795
2021_04_CAR_DAL,2021,4,DAL,CAR,45,0.37433,0.6,0.43682,25,0.2962
2021_04_CLE_MIN,2021,4,CLE,MIN,75,-0.04361,0.4,-0.12409,40,0.04838
2021_04_CLE_MIN,2021,4,MIN,CLE,65,-0.27219,0.30769,-0.28056,44,-0.25465
2021_04_DET_CHI,2021,4,CHI,DET,39,0.29463,0.48718,0.36129,15,0.25297
2021_04_DET_CHI,2021,4,DET,CHI,54,-0.18155,0.46296,-0.12187,33,-0.27533
2021_04_HOU_BUF,2021,4,BUF,HOU,38,-0.06992,0.55263,-0.11685,19,-0.02299
2021_04_HOU_BUF,2021,4,HOU,BUF,27,-0.96458,0.07407,-1.50365,14,-0.38404
2021_04_IND_MIA,2021,4,IND,MIA,49,0.13366,0.42857,0.12173,28,0.14957
2021_04_IND_MIA,2021,4,MIA,IND,39,-0.4257,0.30769,-0.44994,27,-0.37116
2021_04_JAX_CIN,2021,4,CIN,JAX,58,0.28778,0.53448,0.48063,35,-0.00568
2021_04_JAX_CIN,2021,4,JAX,CIN,56,0.19907,0.55357,0.30986,28,0.08828
2021_04_KC_PHI,2021,4,KC,PHI,59,0.43659,0.66102,0.51038,35,0.32898
2021_04_KC_PHI,2021,4,PHI,KC,61,0.19766,0.5082,0.1831,47,0.24654
2021_04_LV_LAC,2021,4,LAC,LV,68,0.05849,0.47059,0.07476,41,0.03378
2021_04_LV_LAC,2021,4,LV,LAC,45,-0.0608,0.4,0.05404,30,-0.29049
2021_04_NYG_NO,2021,4,NO,NYG,65,0.10898,0.52308,0.28975,27,-0.01947
2021_04_NYG_NO,2021,4,NYG,NO,64,0.19319,0.42188,0.30231,46,-0.08568
2021_04_PIT_GB,2021,4,GB,PIT,52,0.26403,0.55769,0.29541,32,0.21382
2021_04_PIT_GB,2021,4,PIT,GB,34,-0.12858,0.35294,-0.15682,22,-0.07681
2021_04_SEA_SF,2021,4,SEA,SF,48,0.10557,0.4375,0.20099,27,-0.0171
2021_04_SEA_SF,2021,4,SF,SEA,48,0.06304,0.52083,0.09367,27,0.02366
2021_04_TB_NE,2021,4,NE,TB,58,-0.05207,0.48276,0.04892,49,-0.60191
2021_04_TB_NE,2021,4,TB,NE,74,0.09661,0.43243,0.0816,48,0.12432
2021_04_TEN_NYJ,2021,4,NYJ,TEN,60,0.07448,0.45,0.28335,37,-0.26153
2021_04_TEN_NYJ,2021,4,TEN,NYJ,100,0.0333,0.46,0.04617,63,0.01139
2021_04_WAS_ATL,2021,4,ATL,WAS,75,0.18567,0.45333,0.40307,48,-0.2008
2021_04_WAS_ATL,2021,4,WAS,ATL,66,0.23956,0.5,0.5323,42,-0.27274
2021_05_BUF_KC,2021,5,BUF,KC,38,0.37402,0.44737,0.56243,25,0.01171
2021_05_BUF_KC,2021,5,KC,BUF,67,-0.11207,0.50746,-0.08625,53,-0.20985
2021_05_CHI_LV,2021,5,CHI,LV,60,0.05111,0.48333,0.2631,25,-0.1003
2021_05_CHI_LV,2021,5,LV,CHI,61,-0.13829,0.40984,-0.15611,40,-0.10435
2021_05_CLE_LAC,2021,5,CLE,LAC,71,0.28697,0.49296,0.30667,37,0.26553
2021_05_CLE_LAC,2021,5,LAC,CLE,74,0.36107,0.45946,0.43344,53,0.17842
2021_05_DEN_PIT,2021,5,DEN,PIT,43,-0.0174,0.48837,-0.05203,29,0.05435
2021_05_DEN_PIT,2021,5,PIT,DEN,61,0.19068,0.47541,0.50039,27,-0.05528
2021_05_DET_MIN,2021,5,DET,MIN,66,-0.11848,0.39394,-0.2116,42,0.04447
2021_05_DET_MIN,2021,5,MIN,DET,62,-0.03559,0.3871,0.12597,36,-0.2593
2021_05_GB_CIN,2021,5,CIN,GB,67,-0.01418,0.47761,0.00608,44,-0.05294
2021_05_GB_CIN,2021,5,GB,CIN,63,0.15255,0.46032,0.21718,40,0.04015
2021_05_IND_BAL,2021,5,BAL,IND,65,0.1773,0.6,0.58083,46,-0.79966
2021_05_IND_BAL,2021,5,IND,BAL,52,0.36494,0.53846,0.42269,37,0.22247
2021_05_LA_SEA,2021,5,LA,SEA,63,0.23053,0.52381,0.36988,38,0.0187
2021_05_LA_SEA,2021,5,SEA,LA,62,-0.00295,0.45161,0.19402,40,-0.36107
2021_05_MIA_TB,2021,5,MIA,TB,44,0.23333,0.54545,0.28951,36,-0.01946
2021_05_MIA_TB,2021,5,TB,MIA,54,0.42792,0.57407,0.55748,38,0.12021
2021_05_NE_HOU,2021,5,HOU,NE,59,0.19834,0.40678,0.53603,35,-0.29412
2021_05_NE_HOU,2021,5,NE,HOU,63,0.04337,0.49206,0.37554,32,-0.29951
2021_05_NO_WAS,2021,5,NO,WAS,50,0.18515,0.4,0.27054,35,-0.0141
2021_05_NO_WAS,2021,5,WAS,NO,79,-0.10266,0.46835,-0.12313,49,-0.06922
2021_05_NYG_DAL,2021,5,DAL,NYG,62,0.13543,0.48387,0.29638,34,-0.06
2021_05_NYG_DAL,2021,5,NYG,DAL,48,-0.09964,0.375,0.04887,27,-0.29058
2021_05_NYJ_ATL,2021,5,ATL,NYJ,77,0.22099,0.50649,0.3704,49,-0.04048
2021_05_NYJ_ATL,2021,5,NYJ,ATL,46,0.01771,0.45652,-0.08729,29,0.19685
2021_05_PHI_CAR,2021,5,CAR,PHI,71,-0.30185,0.39437,-0.40564,43,-0.14244
2021_05_PHI_CAR,2021,5,PHI,CAR,64,-0.24616,0.35938,-0.37037,46,0.07126
2021_05_SF_ARI,2021,5,ARI,SF,57,-0.00791,0.45614,0.01343,34,-0.03947
2021_05_SF_ARI,2021,5,SF,ARI,65,-0.19819,0.36923,-0.07813,38,-0.36716
2021_05_TEN_JAX,2021,5,JAX,TEN,46,-0.1176,0.47826,-0.22631,26,0.02372
2021_05_TEN_JAX,2021,5,TEN,JAX,51,0.38639,0.52941,0.66557,24,0.13823
2021_06_ARI_CLE,2021,6,ARI,CLE,55,0.19747,0.45455,0.44287,32,-0.14397
2021_06_ARI_CLE,2021,6,CLE,ARI,53,-0.24775,0.32075,-0.2446,35,-0.25387
2021_06_BUF_TEN,2021,6,BUF,TEN,77,0.16402,0.48052,0.32812,57,-0.30368
2021_06_BUF_TEN,2021,6,TEN,BUF,52,0.22274,0.46154,0.19305,31,0.26657
2021_06_CIN_DET,2021,6,CIN,DET,45,0.07226,0.42222,0.11658,30,-0.01636
2021_06_CIN_DET,2021,6,DET,CIN,33,-0.56482,0.21212,-0.75601,20,-0.27067
2021_06_DAL_NE,2021,6,DAL,NE,89,0.10835,0.47191,0.3742,57,-0.36519
2021_06_DAL_NE,2021,6,NE,DAL,51,-0.01872,0.4902,-0.13739,26,0.10468
2021_06_GB_CHI,2021,6,CHI,GB,60,0.05836,0.45,0.02857,38,0.10982
2021_06_GB_CHI,2021,6,GB,CHI,51,0.2661,0.52941,0.32631,30,0.18008
2021_06_HOU_IND,2021,6,HOU,IND,46,-0.19009,0.3913,-0.18789,31,-0.19464
2021_06_HOU_IND,2021,6,IND,HOU,29,0.36954,0.37931,0.42782,19,0.25883
2021_06_KC_WAS,2021,6,KC,WAS,65,0.11199,0.52308,0.18292,47,-0.0732
2021_06_KC_WAS,2021,6,WAS,KC,56,-0.10025,0.39286,-0.04555,38,-0.21575
2021_06_LAC_BAL,2021,6,BAL,LAC,46,0.22633,0.6087,0.22473,23,0.22793
2021_06_LAC_BAL,2021,6,LAC,BAL,28,-0.26443,0.39286,-0.23162,22,-0.38474
2021_06_LA_NYG,2021,6,LA,NYG,32,0.23312,0.46875,0.42385,22,-0.18649
2021_06_LA_NYG,2021,6,NYG,LA,40,-0.40031,0.35,-0.33526,27,-0.53541
2021_06_LV_DEN,2021,6,DEN,LV,53,-0.11883,0.41509,-0.19299,35,0.02538
2021_06_LV_DEN,2021,6,LV,DEN,41,0.38713,0.5122,0.52517,27,0.12093
2021_06_MIA_JAX,2021,6,JAX,MIA,65,0.05602,0.44615,0.21291,46,-0.32384
2021_06_MIA_JAX,2021,6,MIA,JAX,69,0.10079,0.46377,0.2449,51,-0.30752
2021_06_MIN_CAR,2021,6,CAR,MIN,69,-0.21505,0.42029,-0.28745,50,-0.02453
2021_06_MIN_CAR,2021,6,MIN,CAR,82,0.13131,0.45122,0.2201,48,0.00597
2021_06_SEA_PIT,2021,6,PIT,SEA,74,-0.04511,0.40541,-0.09956,45,0.03938
2021_06_SEA_PIT,2021,6,SEA,PIT,63,-0.06659,0.46032,-0.23407,36,0.15673
2021_06_TB_PHI,2021,6,PHI,TB,47,0.02726,0.40426,-0.05015,35,0.25303
2021_06_TB_PHI,2021,6,TB,PHI,61,0.32101,0.55738,0.45247,38,0.1038
2021_07_ATL_MIA,2021,7,ATL,MIA,61,0.11624,0.44262,0.18542,42,-0.03668
2021_07_ATL_MIA,2021,7,MIA,ATL,73,0.072,0.52055,0.16672,46,-0.08939
2021_07_CAR_NYG,2021,7,CAR,NYG,48,-0.31371,0.375,-0.4325,32,-0.07612
2021_07_CAR_NYG,2021,7,NYG,CAR,55,-0.17489,0.38182,-0.10008,37,-0.32864
2021_07_CHI_TB,2021,7,CHI,TB,31,-0.62991,0.45161,-1.07586,20,0.18092
2021_07_CHI_TB,2021,7,TB,CHI,18,0.40805,0.61111,0.44907,11,0.34358
2021_07_CIN_BAL,2021,7,BAL,CIN,56,-0.04663,0.35714,-0.13188,39,0.14893
2021_07_CIN_BAL,2021,7,CIN,BAL,51,0.31286,0.47059,0.51827,38,-0.28756
2021_07_DEN_CLE,2021,7,CLE,DEN,68,0.16985,0.55882,0.19495,36,0.1416
2021_07_DEN_CLE,2021,7,DEN,CLE,50,0.10297,0.46,0.1686,36,-0.0658
2021_07_DET_LA,2021,7,DET,LA,66,0.05934,0.45455,0.1245,36,-0.01885
2021_07_DET_LA,2021,7,LA,DET,59,0.26449,0.47458,0.44589,45,-0.31856
2021_07_HOU_ARI,2021,7,ARI,HOU,45,0.24298,0.53333,0.57892,28,-0.31033
2021_07_HOU_ARI,2021,7,HOU,ARI,33,-0.40446,0.27273,-0.30059,20,-0.56428
2021_07_IND_SF,2021,7,IND,SF,65,0.00835,0.33846,0.17928,35,-0.19107
2021_07_IND_SF,2021,7,SF,IND,50,-0.27651,0.32,-0.46682,27,-0.05309
2021_07_KC_TEN,2021,7,KC,TEN,12,-0.58398,0.5,-0.83894,8,-0.07404
2021_07_KC_TEN,2021,7,TEN,KC,37,0.47519,0.54054,0.93269,21,-0.12528
2021_07_NO_SEA,2021,7,NO,SEA,72,-0.1136,0.38889,-0.0387,45,-0.23842
2021_07_NO_SEA,2021,7,SEA,NO,55,-0.12435,0.34545,-0.12099,29,-0.1281
2021_07_NYJ_NE,2021,7,NE,NYJ,41,0.46742,0.53659,0.48777,28,0.42358
2021_07_NYJ_NE,2021,7,NYJ,NE,31,0.01357,0.45161,0.49427,17,-0.57014
2021_07_PHI_LV,2021,7,LV,PHI,44,0.30714,0.61364,0.35602,28,0.22161
2021_07_PHI_LV,2021,7,PHI,LV,30,-0.14442,0.43333,-0.12231,14,-0.16376
2021_07_WAS_GB,2021,7,GB,WAS,40,0.23298,0.475,0.29677,32,-0.02218
2021_07_WAS_GB,2021,7,WAS,GB,43,-0.05291,0.53488,-0.0064,23,-0.10639
2021_08_CAR_ATL,2021,8,ATL,CAR,51,-0.16773,0.39216,-0.18766,32,-0.13415
2021_08_CAR_ATL,2021,8,CAR,ATL,68,0.06594,0.52941,0.22382,29,-0.05145
2021_08_CIN_NYJ,2021,8,CIN,NYJ,54,0.02733,0.48148,0.08074,39,-0.11156
2021_08_CIN_NYJ,2021,8,NYJ,CIN,81,0.08446,0.58025,0.11032,57,0.02303
2021_08_DAL_MIN,2021,8,DAL,MIN,73,0.02239,0.41096,0.08515,50,-0.11404
2021_08_DAL_MIN,2021,8,MIN,DAL,65,-0.17464,0.33846,-0.17375,43,-0.17638
2021_08_GB_ARI,2021,8,ARI,GB,59,0.06941,0.52542,0.08954,39,0.03015
2021_08_GB_ARI,2021,8,GB,ARI,72,0.08826,0.47222,0.05712,40,0.12719
2021_08_JAX_SEA,2021,8,JAX,SEA,28,-0.44071,0.28571,-0.52912,18,-0.28159
2021_08_JAX_SEA,2021,8,SEA,JAX,33,0.29242,0.60606,0.46722,18,0.08265
2021_08_LA_HOU,2021,8,HOU,LA,21,-0.46584,0.2381,-0.52318,15,-0.32252
2021_08_LA_HOU,2021,8,LA,HOU,42,0.33055,0.59524,0.46975,26,0.10435
2021_08_MIA_BUF,2021,8,BUF,MIA,67,0.03885,0.44776,0.24623,50,-0.57109
2021_08_MIA_BUF,2021,8,MIA,BUF,61,-0.1693,0.39344,-0.1042,41,-0.30275
2021_08_NE_LAC,2021,8,LAC,NE,49,-0.19058,0.32653,-0.4868,30,0.27713
2021_08_NE_LAC,2021,8,NE,LAC,73,-0.00587,0.47945,-0.00215,39,-0.01014
2021_08_NYG_KC,2021,8,KC,NYG,80,-0.00623,0.4875,-0.02766,55,0.04091
2021_08_NYG_KC,2021,8,NYG,KC,59,-0.02723,0.42373,0.00577,41,-0.10239
2021_08_PHI_DET,2021,8,DET,PHI,35,-0.29308,0.37143,-0.27837,23,-0.32126
2021_08_PHI_DET,2021,8,PHI,DET,37,0.35999,0.59459,0.50529,15,0.26092
2021_08_PIT_CLE,2021,8,CLE,PIT,59,-0.07598,0.42373,0.01313,37,-0.22585
2021_08_PIT_CLE,2021,8,PIT,CLE,70,0.08164,0.38571,0.10325,39,0.05446
2021_08_SF_CHI,2021,8,CHI,SF,69,0.12665,0.42029,0.40316,41,-0.27822
2021_08_SF_CHI,2021,8,SF,CHI,46,0.48162,0.5,0.52099,29,0.41446
2021_08_TB_NO,2021,8,NO,TB,75,0.09108,0.41333,0.1891,48,-0.0832
2021_08_TB_NO,2021,8,TB,NO,57,0.00529,0.47368,0.08446,41,-0.19756
2021_08_TEN_IND,2021,8,IND,TEN,79,-0.08533,0.48101,-0.12319,58,0.01924
2021_08_TEN_IND,2021,8,TEN,IND,72,0.04862,0.41667,0.1524,40,-0.08109
2021_08_WAS_DEN,2021,8,DEN,WAS,50,0.125,0.46,0.1217,30,0.12994
2021_08_WAS_DEN,2021,8,WAS,DEN,70,-0.00365,0.4,-0.00906,47,0.0074
2021_09_ARI_SF,2021,9,ARI,SF,47,0.4891,0.48936,0.78734,25,0.15018
2021_09_ARI_SF,2021,9,SF,ARI,31,-0.19335,0.51613,-0.22246,22,-0.12219
2021_09_ATL_NO,2021,9,ATL,NO,53,0.10465,0.39623,0.52905,34,-0.65482
2021_09_ATL_NO,2021,9,NO,ATL,68,-0.14736,0.38235,-0.14768,40,-0.14691
2021_09_BUF_JAX,2021,9,BUF,JAX,67,-0.19607,0.38806,-0.0986,56,-0.6923
2021_09_BUF_JAX,2021,9,JAX,BUF,57,-0.12419,0.40351,0.02352,32,-0.31325
2021_09_CHI_PIT,2021,9,CHI,PIT,62,0.05396,0.41935,0.03419,41,0.09256
2021_09_CHI_PIT,2021,9,PIT,CHI,69,0.11404,0.43478,0.28803,38,-0.09924
2021_09_CLE_CIN,2021,9,CIN,CLE,51,-0.18011,0.52941,-0.28234,34,0.02436
2021_09_CLE_CIN,2021,9,CLE,CIN,24,0.64356,0.54167,0.62201,15,0.67949
2021_09_DEN_DAL,2021,9,DAL,DEN,32,-0.53903,0.25,-0.62234,20,-0.40018
2021_09_DEN_DAL,2021,9,DEN,DAL,51,0.18423,0.43137,0.21462,29,0.14417
2021_09_GB_KC,2021,9,GB,KC,57,-0.12993,0.38596,-0.20289,37,0.00504
2021_09_GB_KC,2021,9,KC,GB,57,-0.12593,0.38596,-0.24481,36,0.07785
2021_09_HOU_MIA,2021,9,HOU,MIA,64,-0.36692,0.3125,-0.41829,48,-0.21282
2021_09_HOU_MIA,2021,9,MIA,HOU,69,-0.14237,0.43478,0.0077,49,-0.51003
2021_09_LAC_PHI,2021,9,LAC,PHI,68,0.26335,0.51471,0.58396,42,-0.25456
2021_09_LAC_PHI,2021,9,PHI,LAC,57,0.2231,0.50877,0.44676,24,0.06044
2021_09_LV_NYG,2021,9,LV,NYG,69,-0.05472,0.55072,-0.14876,49,0.17569
2021_09_LV_NYG,2021,9,NYG,LV,55,-0.02773,0.49091,0.01684,28,-0.07395
2021_09_MIN_BAL,2021,9,BAL,MIN,98,0.13418,0.5102,0.01734,57,0.29662
2021_09_MIN_BAL,2021,9,MIN,BAL,55,0.18612,0.38182,0.32519,30,0.01924
2021_09_NE_CAR,2021,9,CAR,NE,40,-0.61006,0.275,-1.09149,20,-0.12862
2021_09_NE_CAR,2021,9,NE,CAR,39,-0.07291,0.4359,-0.24827,17,0.06259
2021_09_NYJ_IND,2021,9,IND,NYJ,40,0.62381,0.65,0.78942,21,0.44076
2021_09_NYJ_IND,2021,9,NYJ,IND,26,0.12695,0.46154,0.50552,18,-0.72483
2021_09_TEN_LA,2021,9,LA,TEN,62,-0.45423,0.33871,-0.53715,45,-0.23473
2021_09_TEN_LA,2021,9,TEN,LA,47,-0.1165,0.40426,-0.18619,29,-0.00422
2021_10_ATL_DAL,2021,10,ATL,DAL,20,-0.36909,0.3,-0.5348,12,-0.12053
2021_10_ATL_DAL,2021,10,DAL,ATL,39,0.39923,0.51282,0.7099,23,-0.04736
2021_10_BAL_MIA,2021,10,BAL,MIA,58,-0.32485,0.37931,-0.41365,39,-0.14258
2021_10_BAL_MIA,2021,10,MIA,BAL,61,-0.09879,0.32787,-0.04948,44,-0.22642
2021_10_BUF_NYJ,2021,10,BUF,NYJ,36,0.38867,0.55556,0.456,25,0.23566
2021_10_BUF_NYJ,2021,10,NYJ,BUF,35,-0.33547,0.25714,-0.33412,25,-0.33882
2021_10_CAR_ARI,2021,10,ARI,CAR,25,-0.94105,0.16,-0.85774,18,-1.15525
2021_10_CAR_ARI,2021,10,CAR,ARI,37,0.16091,0.51351,0.05171,21,0.30423
2021_10_CLE_NE,2021,10,CLE,NE,29,-0.17675,0.41379,-0.29587,18,0.01818
2021_10_CLE_NE,2021,10,NE,CLE,45,0.32773,0.53333,0.61024,22,0.0575
2021_10_DET_PIT,2021,10,DET,PIT,70,-0.0984,0.3,-0.38279,31,0.12765
2021_10_DET_PIT,2021,10,PIT,DET,85,-0.12487,0.4,-0.13604,56,-0.10329
2021_10_JAX_IND,2021,10,IND,JAX,61,-0.07633,0.37705,-0.10356,36,-0.03711
2021_10_JAX_IND,2021,10,JAX,IND,66,-0.0232,0.40909,-0.11557,45,0.17473
2021_10_KC_LV,2021,10,KC,LV,62,0.33058,0.56452,0.45341,44,0.03031
2021_10_KC_LV,2021,10,LV,KC,33,-0.10193,0.30303,-0.02446,22,-0.25687
2021_10_LA_SF,2021,10,LA,SF,27,-0.18168,0.44444,-0.29994,20,0.1562
2021_10_LA_SF,2021,10,SF,LA,43,0.29578,0.51163,0.62748,15,0.11809
2021_10_MIN_LAC,2021,10,LAC,MIN,59,-0.04151,0.47458,-0.05355,41,-0.01409
2021_10_MIN_LAC,2021,10,MIN,LAC,76,0.07468,0.47368,0.12492,43,0.00922
2021_10_NO_TEN,2021,10,NO,TEN,67,0.10509,0.41791,0.13598,46,0.03742
2021_10_NO_TEN,2021,10,TEN,NO,57,0.00271,0.42105,0.13785,32,-0.17027
2021_10_PHI_DEN,2021,10,DEN,PHI,46,-0.1951,0.41304,0.02629,26,-0.48291
2021_10_PHI_DEN,2021,10,PHI,DEN,48,0.16824,0.5,0.27307,26,0.04436
2021_10_SEA_GB,2021,10,GB,SEA,64,-0.03403,0.42188,-0.05305,40,-0.00232
2021_10_SEA_GB,2021,10,SEA,GB,48,-0.34142,0.4375,-0.4745,37,0.1062
2021_10_TB_WAS,2021,10,TB,WAS,46,-0.0389,0.45652,-0.11393,35,0.19982
2021_10_TB_WAS,2021,10,WAS,TB,69,0.04195,0.44928,0.18054,41,-0.16098
2021_11_ARI_SEA,2021,11,ARI,SEA,80,0.21874,0.55,0.40862,50,-0.09772
2021_11_ARI_SEA,2021,11,SEA,ARI,43,-0.04117,0.39535,-0.03891,25,-0.04431
2021_11_BAL_CHI,2021,11,BAL,CHI,81,-0.059,0.41975,-0.06059,49,-0.05656
2021_11_BAL_CHI,2021,11,CHI,BAL,59,-0.02065,0.35593,0.03035,40,-0.12802
2021_11_CIN_LV,2021,11,CIN,LV,69,0.06268,0.50725,0.22707,39,-0.15103
2021_11_CIN_LV,2021,11,LV,CIN,36,-0.19395,0.47222,-0.18505,20,-0.20507
2021_11_DAL_KC,2021,11,DAL,KC,57,-0.26526,0.33333,-0.33837,41,-0.07793
2021_11_DAL_KC,2021,11,KC,DAL,56,-0.11441,0.46429,-0.25984,40,0.24917
2021_11_DET_CLE,2021,11,CLE,DET,69,-0.00406,0.4058,0.02747,38,-0.04272
2021_11_DET_CLE,2021,11,DET,CLE,48,-0.24036,0.3125,-0.50383,25,0.04602
2021_11_GB_MIN,2021,11,GB,MIN,58,0.37903,0.48276,0.57554,41,-0.09491
2021_11_GB_MIN,2021,11,MIN,GB,67,0.34213,0.52239,0.64365,39,-0.07785
2021_11_HOU_TEN,2021,11,HOU,TEN,54,0.00452,0.38889,0.3756,26,-0.34005
2021_11_HOU_TEN,2021,11,TEN,HOU,72,-0.3,0.47222,-0.31518,48,-0.26964
2021_11_IND_BUF,2021,11,BUF,IND,36,0.03726,0.58333,-0.09178,26,0.37277
2021_11_IND_BUF,2021,11,IND,BUF,45,0.29724,0.55556,0.36851,23,0.22273
2021_11_MIA_NYJ,2021,11,MIA,NYJ,66,0.21067,0.4697,0.42345,39,-0.09668
2021_11_MIA_NYJ,2021,11,NYJ,MIA,53,0.01527,0.4717,-0.03109,35,0.10542
2021_11_NE_ATL,2021,11,ATL,NE,47,-0.29812,0.3617,-0.21047,31,-0.46794
2021_11_NE_ATL,2021,11,NE,ATL,43,0.08931,0.55814,0.18695,26,-0.06003
2021_11_NO_PHI,2021,11,NO,PHI,37,-0.51393,0.2973,-0.73608,24,-0.10379
2021_11_NO_PHI,2021,11,PHI,NO,44,0.05643,0.43182,0.19934,21,-0.07405
2021_11_NYG_TB,2021,11,NYG,TB,37,-0.17708,0.45946,-0.1976,27,-0.12169
2021_11_NYG_TB,2021,11,TB,NYG,57,0.2018,0.61404,0.22934,42,0.12468
2021_11_PIT_LAC,2021,11,LAC,PIT,66,0.35974,0.59091,0.53464,50,-0.18681
2021_11_PIT_LAC,2021,11,PIT,LAC,57,-0.01693,0.45614,0.02317,39,-0.10383
2021_11_SF_JAX,2021,11,JAX,SF,18,-0.40178,0.38889,-0.38723,13,-0.43962
2021_11_SF_JAX,2021,11,SF,JAX,49,0.41995,0.61224,0.6826,21,0.22297
2021_11_WAS_CAR,2021,11,CAR,WAS,50,0.11289,0.46,0.13168,29,0.08694
2021_11_WAS_CAR,2021,11,WAS,CAR,65,0.21416,0.49231,0.58725,27,-0.05093
2021_12_ATL_JAX,2021,12,ATL,JAX,55,0.15452,0.49091,0.1856,32,0.11127
2021_12_ATL_JAX,2021,12,JAX,ATL,65,-0.13411,0.43077,-0.09892,41,-0.19423
2021_12_BUF_NO,2021,12,BUF,NO,49,0.05868,0.57143,0.15681,29,-0.08362
2021_12_BUF_NO,2021,12,NO,BUF,29,-0.59443,0.2069,-0.57404,18,-0.62779
2021_12_CAR_MIA,2021,12,CAR,MIA,37,-0.26887,0.2973,-0.53824,20,0.04804
2021_12_CAR_MIA,2021,12,MIA,CAR,53,0.08183,0.49057,0.24435,30,-0.13015
2021_12_CHI_DET,2021,12,CHI,DET,67,0.02605,0.35821,0.23082,44,-0.36567
2021_12_CHI_DET,2021,12,DET,CHI,49,-0.08819,0.36735,0.01496,27,-0.21479
2021_12_CLE_BAL,2021,12,BAL,CLE,77,-0.13238,0.41558,-0.20236,40,-0.05673
2021_12_CLE_BAL,2021,12,CLE,BAL,60,-0.1439,0.35,-0.09415,43,-0.26975
2021_12_LAC_DEN,2021,12,DEN,LAC,53,0.10128,0.37736,0.17876,28,0.01451
2021_12_LAC_DEN,2021,12,LAC,DEN,57,-0.21579,0.45614,-0.23205,44,-0.16075
2021_12_LA_GB,2021,12,GB,LA,67,0.10306,0.40299,0.1968,43,-0.06489
2021_12_LA_GB,2021,12,LA,GB,44,-0.34502,0.38636,-0.32898,29,-0.37602
2021_12_LV_DAL,2021,12,DAL,LV,74,0.08388,0.44595,0.17775,53,-0.15304
2021_12_LV_DAL,2021,12,LV,DAL,86,0.15048,0.37209,0.47291,49,-0.27652
2021_12_MIN_SF,2021,12,MIN,SF,53,-0.11284,0.39623,0.04585,35,-0.42139
2021_12_MIN_SF,2021,12,SF,MIN,62,0.118,0.43548,0.11866,30,0.11738
2021_12_NYJ_HOU,2021,12,HOU,NYJ,54,-0.24614,0.31481,-0.29868,31,-0.17532
2021_12_NYJ_HOU,2021,12,NYJ,HOU,63,-0.03821,0.44444,-0.24812,30,0.15261
2021_12_PHI_NYG,2021,12,NYG,PHI,56,-0.00177,0.44643,0.17288,34,-0.27169
2021_12_PHI_NYG,2021,12,PHI,NYG,66,-0.2051,0.43939,-0.52736,34,0.1373
2021_12_PIT_CIN,2021,12,CIN,PIT,34,0.42221,0.70588,0.5403,15,0.32898
2021_12_PIT_CIN,2021,12,PIT,CIN,23,-0.6254,0.34783,-0.80109,16,-0.22383
2021_12_SEA_WAS,2021,12,SEA,WAS,42,-0.10279,0.30952,-0.04004,31,-0.27962
2021_12_SEA_WAS,2021,12,WAS,SEA,72,0.08104,0.55556,0.24323,37,-0.09042
2021_12_TB_IND,2021,12,IND,TB,69,-0.01242,0.46377,-0.07057,51,0.15233
2021_12_TB_IND,2021,12,TB,IND,66,0.17018,0.65152,0.05352,39,0.33869
2021_12_TEN_NE,2021,12,NE,TEN,48,0.21965,0.41667,0.47219,32,-0.28542
2021_12_TEN_NE,2021,12,TEN,NE,51,0.03224,0.4902,-0.11897,22,0.14696
2021_13_ARI_CHI,2021,13,ARI,CHI,42,0.31903,0.52381,0.57056,22,0.04235
2021_13_ARI_CHI,2021,13,CHI,ARI,60,-0.1762,0.41667,-0.36448,36,0.10622
2021_13_BAL_PIT,2021,13,BAL,PIT,74,0.09349,0.39189,0.20517,49,-0.12539
2021_13_BAL_PIT,2021,13,PIT,BAL,58,0.126,0.5,0.29851,34,-0.11838
2021_13_DAL_NO,2021,13,DAL,NO,60,-0.08251,0.33333,-0.17563,43,0.15303
2021_13_DAL_NO,2021,13,NO,DAL,64,-0.27385,0.375,-0.41868,42,0.00264
2021_13_DEN_KC,2021,13,DEN,KC,55,-0.13452,0.47273,-0.22983,29,-0.02821
2021_13_DEN_KC,2021,13,KC,DEN,50,-0.05545,0.42,-0.11049,34,0.06149
2021_13_IND_HOU,2021,13,HOU,IND,29,-0.63324,0.24138,-0.84639,19,-0.22823
2021_13_IND_HOU,2021,13,IND,HOU,44,0.25153,0.59091,0.31474,17,0.21173
2021_13_JAX_LA,2021,13,JAX,LA,39,-0.34855,0.33333,-0.14292,25,-0.71574
2021_13_JAX_LA,2021,13,LA,JAX,47,0.17119,0.51064,0.18975,30,0.13843
2021_13_LAC_CIN,2021,13,CIN,LAC,58,-0.36616,0.36207,-0.14516,35,-0.70247
2021_13_LAC_CIN,2021,13,LAC,CIN,54,0.00094,0.46296,0.04066,42,-0.13809
2021_13_MIN_DET,2021,13,DET,MIN,70,-0.05016,0.47143,0.11463,44,-0.32904
2021_13_MIN_DET,2021,13,MIN,DET,75,0.01567,0.46667,0.09954,46,-0.11736
2021_13_NE_BUF,2021,13,BUF,NE,58,-0.20895,0.34483,-0.09384,37,-0.41176
2021_13_NE_BUF,2021,13,NE,BUF,49,-0.01931,0.38776,0.01186,3,-0.02134
2021_13_NYG_MIA,2021,13,MIA,NYG,56,-0.00125,0.46429,0.08739,41,-0.24353
2021_13_NYG_MIA,2021,13,NYG,MIA,59,-0.18314,0.30508,-0.3108,42,0.13224
2021_13_PHI_NYJ,2021,13,NYJ,PHI,39,0.0964,0.46154,0.131,25,0.0346
2021_13_PHI_NYJ,2021,13,PHI,NYJ,61,0.35402,0.54098,0.67116,29,0.0666
2021_13_SF_SEA,2021,13,SEA,SF,67,0.03833,0.41791,-0.04165,44,0.19135
2021_13_SF_SEA,2021,13,SF,SEA,57,-0.02512,0.45614,0.04146,32,-0.11034
2021_13_TB_ATL,2021,13,ATL,TB,62,-0.05726,0.43548,-0.108,41,0.04179
2021_13_TB_ATL,2021,13,TB,ATL,60,0.1916,0.46667,0.27914,49,-0.19836
2021_13_WAS_LV,2021,13,LV,WAS,59,0.01553,0.47458,0.06316,45,-0.13755
2021_13_WAS_LV,2021,13,WAS,LV,66,0.09605,0.4697,0.29314,37,-0.15541
2021_14_ATL_CAR,2021,14,ATL,CAR,54,0.1315,0.37037,0.13292,27,0.13009
2021_14_ATL_CAR,2021,14,CAR,ATL,51,-0.21944,0.47059,-0.23104,28,-0.20532
2021_14_BAL_CLE,2021,14,BAL,CLE,52,-0.43414,0.44231,-0.4636,39,-0.34575
2021_14_BAL_CLE,2021,14,CLE,BAL,43,0.09142,0.46512,0.242,29,-0.22051
2021_14_BUF_TB,2021,14,BUF,TB,68,0.01294,0.45588,-0.08492,57,0.52
2021_14_BUF_TB,2021,14,TB,BUF,61,0.32649,0.57377,0.49028,42,-0.03557
2021_14_CHI_GB,2021,14,CHI,GB,47,-0.15014,0.34043,-0.2043,32,-0.03459
2021_14_CHI_GB,2021,14,GB,CHI,53,0.26568,0.5283,0.33681,35,0.12738
2021_14_DAL_WAS,2021,14,DAL,WAS,50,0.0804,0.48,0.10013,31,0.0482
2021_14_DAL_WAS,2021,14,WAS,DAL,34,-0.94808,0.23529,-1.29762,24,-0.10917
2021_14_DET_DEN,2021,14,DEN,DET,48,0.23,0.54167,0.2834,21,0.18847
2021_14_DET_DEN,2021,14,DET,DEN,32,-0.17772,0.40625,-0.068,19,-0.33809
2021_14_JAX_TEN,2021,14,JAX,TEN,32,-0.35028,0.28125,-0.26389,26,-0.72465
2021_14_JAX_TEN,2021,14,TEN,JAX,51,0.17786,0.41176,0.42757,30,-0.17887
2021_14_LA_ARI,2021,14,ARI,LA,67,-0.10306,0.46269,-0.0694,50,-0.20208
2021_14_LA_ARI,2021,14,LA,ARI,53,0.25,0.45283,0.40684,36,-0.08212
2021_14_LV_KC,2021,14,KC,LV,17,0.56334,0.58824,0.80996,12,-0.02854
2021_14_LV_KC,2021,14,LV,KC,21,-0.77914,0.33333,-0.47684,14,-1.38375
2021_14_NO_NYJ,2021,14,NO,NYJ,58,0.04558,0.48276,0.2133,25,-0.08148
2021_14_NO_NYJ,2021,14,NYJ,NO,48,-0.31711,0.27083,-0.35773,35,-0.20774
2021_14_NYG_LAC,2021,14,LAC,NYG,44,0.42717,0.59091,0.58786,27,0.17194
2021_14_NYG_LAC,2021,14,NYG,LAC,28,-0.11788,0.32143,-0.08913,19,-0.17859
2021_14_PIT_MIN,2021,14,MIN,PIT,39,0.43887,0.53846,0.35201,20,0.5303
2021_14_PIT_MIN,2021,14,PIT,MIN,30,-0.33119,0.3,-0.26131,22,-0.52337
2021_14_SEA_HOU,2021,14,HOU,SEA,61,-0.06528,0.45902,0.06539,39,-0.29692
2021_14_SEA_HOU,2021,14,SEA,HOU,52,0.33243,0.48077,0.52905,31,0.04217
2021_14_SF_CIN,2021,14,CIN,SF,66,0.12892,0.42424,0.28099,42,-0.13718
2021_14_SF_CIN,2021,14,SF,CIN,65,0.13336,0.43077,0.16994,46,0.04478
2021_15_ARI_DET,2021,15,ARI,DET,33,-0.47007,0.36364,-0.85583,20,0.12341
2021_15_ARI_DET,2021,15,DET,ARI,42,0.16451,0.47619,0.65898,21,-0.32997
2021_15_ATL_SF,2021,15,ATL,SF,40,-0.12814,0.35,-0.07659,25,-0.21407
2021_15_ATL_SF,2021,15,SF,ATL,41,0.46375,0.58537,0.60229,20,0.33182
2021_15_CAR_BUF,2021,15,BUF,CAR,55,0.0697,0.47273,0.17028,40,-0.19852
2021_15_CAR_BUF,2021,15,CAR,BUF,65,-0.28825,0.4,-0.50514,37,-0.00164
2021_15_CIN_DEN,2021,15,CIN,DEN,52,-0.04896,0.34615,-0.0288,31,-0.07872
2021_15_CIN_DEN,2021,15,DEN,CIN,72,-0.10395,0.43056,-0.09053,39,-0.11981
2021_15_DAL_NYG,2021,15,DAL,NYG,56,0.16953,0.51786,0.17837,34,0.15586
2021_15_DAL_NYG,2021,15,NYG,DAL,43,-0.38198,0.32558,-0.60707,20,-0.18624
2021_15_GB_BAL,2021,15,BAL,GB,67,0.15221,0.47761,0.11282,50,0.26806
2021_15_GB_BAL,2021,15,GB,BAL,57,0.45083,0.64912,0.67233,37,0.04108
2021_15_HOU_JAX,2021,15,HOU,JAX,59,-0.0464,0.33898,0.11302,31,-0.22291
2021_15_HOU_JAX,2021,15,JAX,HOU,58,-0.09442,0.39655,-0.15952,33,-0.00849
2021_15_KC_LAC,2021,15,KC,LAC,70,0.18914,0.48571,0.25728,53,-0.0233
2021_15_KC_LAC,2021,15,LAC,KC,79,-0.00296,0.48101,-0.03291,43,0.03281
2021_15_LV_CLE,2021,15,CLE,LV,55,-0.02458,0.34545,0.10496,30,-0.18002
2021_15_LV_CLE,2021,15,LV,CLE,69,-0.01553,0.49275,0.0345,42,-0.09336
2021_15_MIN_CHI,2021,15,CHI,MIN,57,-0.27631,0.40351,-0.07284,34,-0.57711
2021_15_MIN_CHI,2021,15,MIN,CHI,48,0.04628,0.41667,-0.06246,26,0.17479
2021_15_NE_IND,2021,15,IND,NE,31,0.41533,0.51613,0.05923,7,0.51919
2021_15_NE_IND,2021,15,NE,IND,44,-0.19172,0.38636,-0.13803,30,-0.30677
2021_15_NO_TB,2021,15,NO,TB,53,-0.22451,0.37736,-0.14081,30,-0.33369
2021_15_NO_TB,2021,15,TB,NO,67,-0.30918,0.37313,-0.39804,48,-0.08472
2021_15_NYJ_MIA,2021,15,MIA,NYJ,66,0.00454,0.5,0.07936,30,-0.05781
2021_15_NYJ_MIA,2021,15,NYJ,MIA,55,-0.12975,0.4,-0.28976,34,0.12931
2021_15_SEA_LA,2021,15,LA,SEA,59,-0.03371,0.38983,-0.0035,37,-0.0845
2021_15_SEA_LA,2021,15,SEA,LA,51,-0.20384,0.41176,-0.27005,30,-0.10926
2021_15_TEN_PIT,2021,15,PIT,TEN,48,-0.15936,0.41667,-0.14513,32,-0.18782
2021_15_TEN_PIT,2021,15,TEN,PIT,80,-0.22487,0.4375,-0.46081,39,-0.00044
2021_15_WAS_PHI,2021,15,PHI,WAS,64,0.15464,0.53125,0.10443,32,0.20486
2021_15_WAS_PHI,2021,15,WAS,PHI,53,-0.0402,0.39623,0.06318,33,-0.21078
2021_16_BAL_CIN,2021,16,BAL,CIN,43,0.18984,0.46512,0.42084,30,-0.34325
2021_16_BAL_CIN,2021,16,CIN,BAL,42,0.62132,0.54762,0.86591,29,0.07568
2021_16_BUF_NE,2021,16,BUF,NE,77,0.27366,0.51948,0.422,52,-0.03487
2021_16_BUF_NE,2021,16,NE,BUF,54,0.13412,0.5,-0.00983,31,0.32813
2021_16_CHI_SEA,2021,16,CHI,SEA,73,0.11148,0.45205,0.25636,43,-0.09618
2021_16_CHI_SEA,2021,16,SEA,CHI,56,0.12109,0.39286,0.05823,32,0.20491
2021_16_CLE_GB,2021,16,CLE,GB,67,0.13647,0.53731,-0.02852,44,0.45209
2021_16_CLE_GB,2021,16,GB,CLE,56,0.15084,0.46429,0.14398,35,0.16226
2021_16_DEN_LV,2021,16,DEN,LV,42,-0.2057,0.28571,-0.05755,27,-0.47238
2021_16_DEN_LV,2021,16,LV,DEN,65,-0.06864,0.49231,-0.06272,30,-0.07372
2021_16_DET_ATL,2021,16,ATL,DET,45,0.04198,0.42222,0.20964,27,-0.20952
2021_16_DET_ATL,2021,16,DET,ATL,68,0.08526,0.42647,0.14171,35,0.02539
2021_16_IND_ARI,2021,16,ARI,IND,65,0.04134,0.46154,-0.06914,44,0.27281
2021_16_IND_ARI,2021,16,IND,ARI,66,0.08537,0.37879,0.25687,37,-0.13343
2021_16_JAX_NYJ,2021,16,JAX,NYJ,73,0.14809,0.53425,0.22528,45,0.02404
2021_16_JAX_NYJ,2021,16,NYJ,JAX,58,0.14489,0.48276,0.31798,26,0.00426
2021_16_LAC_HOU,2021,16,HOU,LAC,67,0.31146,0.46269,0.60095,30,0.07674
2021_16_LAC_HOU,2021,16,LAC,HOU,50,0.14327,0.58,0.408,32,-0.32735
2021_16_LA_MIN,2021,16,LA,MIN,65,0.002,0.49231,-0.23706,38,0.33845
2021_16_LA_MIN,2021,16,MIN,LA,55,-0.11927,0.38182,-0.01069,36,-0.32499
2021_16_MIA_NO,2021,16,MIA,NO,52,-0.04993,0.44231,0.08216,30,-0.23005
2021_16_MIA_NO,2021,16,NO,MIA,36,-0.82531,0.25,-1.14711,21,-0.3748
2021_16_NYG_PHI,2021,16,NYG,PHI,44,-0.50319,0.29545,-0.67057,26,-0.26141
2021_16_NYG_PHI,2021,16,PHI,NYG,46,-0.05137,0.34783,-0.09796,27,0.01485
2021_16_PIT_KC,2021,16,KC,PIT,31,0.34555,0.51613,0.4072,20,0.23344
2021_16_PIT_KC,2021,16,PIT,KC,19,-0.30542,0.36842,-0.33492,13,-0.24151
2021_16_SF_TEN,2021,16,SF,TEN,60,0.0394,0.43333,0.03255,39,0.05213
2021_16_SF_TEN,2021,16,TEN,SF,62,0.0084,0.37097,0.21559,37,-0.29823
2021_16_TB_CAR,2021,16,CAR,TB,36,-0.28633,0.27778,-0.33468,24,-0.18965
2021_16_TB_CAR,2021,16,TB,CAR,46,0.24723,0.43478,0.31403,26,0.1604
2021_16_WAS_DAL,2021,16,DAL,WAS,31,0.44258,0.58065,0.57381,21,0.16698
2021_16_WAS_DAL,2021,16,WAS,DAL,21,-0.4279,0.38095,-0.70776,16,0.46766
2021_17_ARI_DAL,2021,17,ARI,DAL,72,0.18425,0.47222,0.29343,45,0.00228
2021_17_ARI_DAL,2021,17,DAL,ARI,64,0.04005,0.5,0.19416,49,-0.4634
2021_17_ATL_BUF,2021,17,ATL,BUF,46,-0.15295,0.45652,-0.3037,28,0.08156
2021_17_ATL_BUF,2021,17,BUF,ATL,65,0.12826,0.50769,-0.04951,35,0.33566
2021_17_CAR_NO,2021,17,CAR,NO,59,-0.22085,0.35593,-0.336,34,-0.06424
2021_17_CAR_NO,2021,17,NO,CAR,53,-0.11028,0.35849,0.08889,31,-0.39092
2021_17_CLE_PIT,2021,17,CLE,PIT,49,-0.34553,0.26531,-0.44585,31,-0.17277
2021_17_CLE_PIT,2021,17,PIT,CLE,74,-0.11978,0.35135,-0.30263,49,0.23862
2021_17_DEN_LAC,2021,17,DEN,LAC,45,-0.14572,0.44444,-0.106,24,-0.19111
2021_17_DEN_LAC,2021,17,LAC,DEN,47,0.14197,0.55319,0.43879,25,-0.19532
2021_17_DET_SEA,2021,17,DET,SEA,24,-0.16251,0.33333,0.08495,11,-0.3719
2021_17_DET_SEA,2021,17,SEA,DET,42,0.42705,0.61905,0.37102,21,0.48307
2021_17_HOU_SF,2021,17,HOU,SF,57,-0.13879,0.4386,-0.16941,31,-0.10228
2021_17_HOU_SF,2021,17,SF,HOU,50,0.0169,0.44,0.28751,25,-0.25371
2021_17_JAX_NE,2021,17,JAX,NE,21,-0.34407,0.42857,-0.46893,14,-0.09437
2021_17_JAX_NE,2021,17,NE,JAX,28,0.4828,0.67857,0.99273,10,0.19951
2021_17_KC_CIN,2021,17,CIN,KC,68,0.37966,0.5,0.5984,50,-0.22794
2021_17_KC_CIN,2021,17,KC,CIN,61,0.34173,0.57377,0.34953,40,0.32686
2021_17_LA_BAL,2021,17,BAL,LA,69,-0.03203,0.44928,-0.07443,38,0.01995
2021_17_LA_BAL,2021,17,LA,BAL,57,0.07143,0.50877,0.16311,37,-0.09817
2021_17_LV_IND,2021,17,IND,LV,58,-0.03858,0.39655,-0.19313,32,0.15163
2021_17_LV_IND,2021,17,LV,IND,62,0.05868,0.46774,0.14989,34,-0.05208
2021_17_MIA_TEN,2021,17,MIA,TEN,45,-0.19505,0.31111,-0.19768,33,-0.18779
2021_17_MIA_TEN,2021,17,TEN,MIA,40,0.01973,0.375,0.02093,17,0.01883
2021_17_MIN_GB,2021,17,GB,MIN,37,0.23423,0.54054,0.3208,25,0.05387
2021_17_MIN_GB,2021,17,MIN,GB,26,-0.60123,0.15385,-0.68956,18,-0.40246
2021_17_NYG_CHI,2021,17,CHI,NYG,29,0.07087,0.41379,-0.02192,19,0.24717
2021_17_NYG_CHI,2021,17,NYG,CHI,27,-0.66582,0.40741,-4.14205,4,-0.06126
2021_17_PHI_WAS,2021,17,PHI,WAS,60,0.16107,0.48333,0.35403,29,-0.01944
2021_17_PHI_WAS,2021,17,WAS,PHI,62,-0.00893,0.51613,-0.06894,42,0.11711
2021_17_TB_NYJ,2021,17,NYJ,TB,61,0.14281,0.44262,0.25738,35,-0.01142
2021_17_TB_NYJ,2021,17,TB,NYJ,73,0.24743,0.52055,0.43521,51,-0.18789
2021_18_CAR_TB,2021,18,CAR,TB,59,0.0589,0.47458,0.10126,41,-0.0376
2021_18_CAR_TB,2021,18,TB,CAR,50,0.3388,0.5,0.47211,37,-0.04064
2021_18_CHI_MIN,2021,18,CHI,MIN,73,-0.18918,0.45205,-0.24421,49,-0.07681
2021_18_CHI_MIN,2021,18,MIN,CHI,43,0.14287,0.4186,0.3039,25,-0.08078
2021_18_CIN_CLE,2021,18,CIN,CLE,50,-0.32633,0.24,-0.55207,31,0.042
2021_18_CIN_CLE,2021,18,CLE,CIN,64,-0.01538,0.51562,-0.11338,27,0.05612
2021_18_DAL_PHI,2021,18,DAL,PHI,51,0.56908,0.58824,0.8367,29,0.21631
2021_18_DAL_PHI,2021,18,PHI,DAL,54,0.15836,0.42593,0.1164,34,0.2297
2021_18_GB_DET,2021,18,DET,GB,55,0.19951,0.49091,0.38553,33,-0.07952
2021_18_GB_DET,2021,18,GB,DET,65,0.01621,0.53846,-0.08115,39,0.16224
2021_18_IND_JAX,2021,18,IND,JAX,31,-0.50933,0.35484,-0.74336,18,-0.18529
2021_18_IND_JAX,2021,18,JAX,IND,46,0.05436,0.43478,0.16805,36,-0.35492
2021_18_KC_DEN,2021,18,DEN,KC,54,0.03834,0.48148,0.31715,30,-0.31017
2021_18_KC_DEN,2021,18,KC,DEN,75,0.22404,0.50667,0.30669,53,0.02493
2021_18_LAC_LV,2021,18,LAC,LV,79,0.06695,0.39241,0.19401,58,-0.28397
2021_18_LAC_LV,2021,18,LV,LAC,73,0.06197,0.42466,0.11703,42,-0.01263
2021_18_NE_MIA,2021,18,MIA,NE,57,0.15361,0.50877,0.28829,27,0.03241
2021_18_NE_MIA,2021,18,NE,MIA,51,0.01546,0.58824,-0.06346,29,0.11949
2021_18_NO_ATL,2021,18,ATL,NO,32,-0.5845,0.28125,-0.96238,21,0.13692
2021_18_NO_ATL,2021,18,NO,ATL,58,0.2746,0.51724,0.60771,26,0.00395
2021_18_NYJ_BUF,2021,18,BUF,NYJ,70,-0.04007,0.4,0.03036,47,-0.18399
2021_18_NYJ_BUF,2021,18,NYJ,BUF,43,-0.49568,0.16279,-0.53831,28,-0.41612
2021_18_PIT_BAL,2021,18,BAL,PIT,72,-0.22319,0.38889,-0.32186,44,-0.06813
2021_18_PIT_BAL,2021,18,PIT,BAL,73,-0.07707,0.36986,0.03906,46,-0.27492
2021_18_SEA_ARI,2021,18,ARI,SEA,71,-0.10062,0.43662,-0.16921,46,0.0256
2021_18_SEA_ARI,2021,18,SEA,ARI,55,0.15905,0.43636,0.13414,29,0.18683
2021_18_SF_LA,2021,18,LA,SF,62,0.08942,0.40323,0.35689,38,-0.33408
2021_18_SF_LA,2021,18,SF,LA,67,0.09495,0.50746,0.15726,34,0.03075
2021_18_TEN_HOU,2021,18,HOU,TEN,56,0.18172,0.46429,0.23772,39,0.05326
2021_18_TEN_HOU,2021,18,TEN,HOU,67,0.2721,0.43284,0.64108,35,-0.13148
2021_18_WAS_NYG,2021,18,NYG,WAS,47,-0.47577,0.2766,-0.37972,25,-0.58493
2021_18_WAS_NYG,2021,18,WAS,NYG,50,0.05055,0.52,-0.3464,21,0.338
2021_19_ARI_LA,2021,19,ARI,LA,23,-0.95522,0.21739,-1.3282,16,-0.1027
2021_19_ARI_LA,2021,19,LA,ARI,26,0.20388,0.42308,0.55474,9,0.01814
2021_19_LV_CIN,2021,19,CIN,LV,60,0.10422,0.4,0.27816,36,-0.1567
2021_19_LV_CIN,2021,19,LV,CIN,75,-0.00111,0.4,0.02819,60,-0.1183
2021_19_NE_BUF,2021,19,BUF,NE,31,0.60122,0.67742,0.5946,18,0.61039
2021_19_NE_BUF,2021,19,NE,BUF,14,-0.26618,0.21429,-0.14026,8,-0.43408
2021_19_PHI_TB,2021,19,PHI,TB,38,-0.27567,0.31579,-0.27531,28,-0.27667
2021_19_PHI_TB,2021,19,TB,PHI,45,0.11892,0.53333,0.12679,30,0.10319
2021_19_PIT_KC,2021,19,KC,PIT,46,0.14185,0.52174,0.35338,35,-0.53119
2021_19_PIT_KC,2021,19,PIT,KC,27,-0.66249,0.18519,-0.98095,16,-0.19926
2021_19_SF_DAL,2021,19,DAL,SF,65,-0.21728,0.38462,-0.2699,48,-0.06871
2021_19_SF_DAL,2021,19,SF,DAL,52,0.18954,0.5,0.38233,23,0.03664
2021_20_BUF_KC,2021,20,BUF,KC,64,0.39559,0.5,0.49963,41,0.21011
2021_20_BUF_KC,2021,20,KC,BUF,76,0.37515,0.52632,0.50922,56,-0.00027
2021_20_CIN_TEN,2021,20,CIN,TEN,63,-0.0824,0.39683,-0.08363,46,-0.07906
2021_20_CIN_TEN,2021,20,TEN,CIN,53,-0.16195,0.43396,-0.22025,27,-0.1014
2021_20_LA_TB,2021,20,LA,TB,49,0.20946,0.55102,0.54655,34,-0.55461
2021_20_LA_TB,2021,20,TB,LA,49,-0.38587,0.30612,-0.60173,38,0.35985
2021_20_SF_GB,2021,20,GB,SF,55,-0.12626,0.36364,-0.19093,35,-0.0131
2021_20_SF_GB,2021,20,SF,GB,54,-0.27468,0.38889,-0.32975,24,-0.23063
2021_21_CIN_KC,2021,21,CIN,KC,69,0.0979,0.46377,0.21878,44,-0.11487
2021_21_CIN_KC,2021,21,KC,CIN,69,0.00764,0.56522,-0.06042,48,0.16321
2021_21_SF_LA,2021,21,LA,SF,74,0.08542,0.45946,0.33665,49,-0.40698
2021_21_SF_LA,2021,21,SF,LA,50,-0.04901,0.34,0.19843,31,-0.45274
2021_22_LA_CIN,2021,22,CIN,LA,60,-0.11961,0.36667,-0.09384,42,-0.17973
2021_22_LA_CIN,2021,22,LA,CIN,69,-0.03107,0.42029,0.13228,48,-0.40445
2022_01_BAL_NYJ,2022,1,BAL,NYJ,42,0.02692,0.40476,0.1565,28,-0.23224
2022_01_BAL_NYJ,2022,1,NYJ,BAL,45,-0.34511,0.33333,-0.44003,29,-0.17307
2022_01_BUF_LA,2022,1,BUF,LA,51,0.18125,0.54902,0.41262,35,-0.32487
2022_01_BUF_LA,2022,1,LA,BUF,46,-0.26465,0.3913,-0.28297,33,-0.21817
2022_01_CLE_CAR,2022,1,CAR,CLE,52,0.05189,0.36538,0.08364,35,-0.01348
2022_01_CLE_CAR,2022,1,CLE,CAR,78,0.08182,0.4359,-0.04969,41,0.22755
2022_01_DEN_SEA,2022,1,DEN,SEA,66,0.16144,0.5,0.42568,47,-0.4922
2022_01_DEN_SEA,2022,1,SEA,DEN,52,0.06127,0.44231,0.18799,36,-0.22386
2022_01_GB_MIN,2022,1,GB,MIN,42,-0.27027,0.45238,-0.36554,27,-0.09878
2022_01_GB_MIN,2022,1,MIN,GB,38,0.22987,0.47368,0.33119,24,0.05618
2022_01_IND_HOU,2022,1,HOU,IND,54,-0.00384,0.5,0.11719,33,-0.19401
2022_01_IND_HOU,2022,1,IND,HOU,78,-0.01094,0.48718,0.1134,43,-0.16371
2022_01_JAX_WAS,2022,1,JAX,WAS,70,0.06087,0.47143,0.05714,50,0.07019
2022_01_JAX_WAS,2022,1,WAS,JAX,72,0.09457,0.44444,0.23224,52,-0.26338
2022_01_KC_ARI,2022,1,ARI,KC,31,-0.19794,0.3871,-0.27816,21,-0.02947
2022_01_KC_ARI,2022,1,KC,ARI,46,0.44418,0.6087,0.68676,33,-0.1716
2022_01_LV_LAC,2022,1,LAC,LV,55,0.10216,0.43636,0.49346,34,-0.53137
2022_01_LV_LAC,2022,1,LV,LAC,58,-0.13715,0.41379,-0.16217,45,-0.05054
2022_01_NE_MIA,2022,1,MIA,NE,40,0.10601,0.475,0.24922,26,-0.15996
2022_01_NE_MIA,2022,1,NE,MIA,49,-0.11663,0.4898,-0.13223,30,-0.092
2022_01_NO_ATL,2022,1,ATL,NO,60,0.05445,0.53333,0.14282,32,-0.04656
2022_01_NO_ATL,2022,1,NO,ATL,54,0.07773,0.51852,-0.09432,36,0.42181
2022_01_NYG_TEN,2022,1,NYG,TEN,61,0.0128,0.44262,-0.21382,32,0.26286
2022_01_NYG_TEN,2022,1,TEN,NYG,64,0.06093,0.45312,0.33573,38,-0.34072
2022_01_PHI_DET,2022,1,DET,PHI,66,0.10663,0.43939,-0.01158,40,0.28848
2022_01_PHI_DET,2022,1,PHI,DET,74,0.26826,0.52703,0.29179,46,0.2296
2022_01_PIT_CIN,2022,1,CIN,PIT,100,-0.16215,0.4,-0.13547,71,-0.22747
2022_01_PIT_CIN,2022,1,PIT,CIN,58,-0.10523,0.36207,-0.08289,41,-0.15911
2022_01_SF_CHI,2022,1,CHI,SF,52,0.05209,0.34615,0.10234,24,0.00903
2022_01_SF_CHI,2022,1,SF,CHI,63,-0.09409,0.44444,-0.14944,32,-0.03695
2022_01_TB_DAL,2022,1,DAL,TB,41,-0.3847,0.39024,-0.56568,24,-0.12919
2022_01_TB_DAL,2022,1,TB,DAL,47,0.19146,0.53191,0.27998,25,0.09088
2022_02_ARI_LV,2022,2,ARI,LV,59,-0.09948,0.45763,-0.17197,39,0.04186
2022_02_ARI_LV,2022,2,LV,ARI,54,0.02319,0.51852,0.07946,35,-0.08046
2022_02_ATL_LA,2022,2,ATL,LA,44,-0.24058,0.40909,0.01763,26,-0.61354
2022_02_ATL_LA,2022,2,LA,ATL,30,0.18791,0.7,0.12215,19,0.30151
2022_02_CAR_NYG,2022,2,CAR,NYG,58,-0.05989,0.44828,-0.30205,40,0.47824
2022_02_CAR_NYG,2022,2,NYG,CAR,70,-0.1217,0.32857,-0.02933,46,-0.29875
2022_02_CHI_GB,2022,2,CHI,GB,35,-0.03661,0.4,-0.356,14,0.17631
2022_02_CHI_GB,2022,2,GB,CHI,47,0.37029,0.57447,0.47971,25,0.24595
2022_02_CIN_DAL,2022,2,CIN,DAL,68,0.0329,0.38235,0.15595,46,-0.22439
2022_02_CIN_DAL,2022,2,DAL,CIN,60,0.02726,0.41667,0.1178,34,-0.09113
2022_02_HOU_DEN,2022,2,DEN,HOU,68,0.04721,0.41176,0.11408,41,-0.05434
2022_02_HOU_DEN,2022,2,HOU,DEN,58,-0.13985,0.39655,-0.24547,40,0.09485
2022_02_IND_JAX,2022,2,IND,JAX,26,-0.40972,0.26923,-0.38628,19,-0.47334
2022_02_IND_JAX,2022,2,JAX,IND,40,0.21078,0.475,0.4995,22,-0.1421
2022_02_LAC_KC,2022,2,KC,LAC,53,0.12294,0.4717,0.17023,38,0.00311
2022_02_LAC_KC,2022,2,LAC,KC,69,-0.06034,0.49275,-0.12499,46,0.06895
2022_02_MIA_BAL,2022,2,BAL,MIA,50,0.25995,0.48,0.6537,31,-0.38248
2022_02_MIA_BAL,2022,2,MIA,BAL,58,0.29383,0.48276,0.31713,41,0.23766
2022_02_MIN_PHI,2022,2,MIN,PHI,34,-0.16944,0.5,-0.23007,26,0.02762
2022_02_MIN_PHI,2022,2,PHI,MIN,47,0.39587,0.51064,0.48683,29,0.24932
2022_02_NE_PIT,2022,2,NE,PIT,65,0.10966,0.47692,0.0906,40,0.14014
2022_02_NE_PIT,2022,2,PIT,NE,59,-0.0626,0.44068,-0.12042,38,0.04202
2022_02_NYJ_CLE,2022,2,CLE,NYJ,62,0.254,0.51613,0.49294,33,-0.0179
2022_02_NYJ_CLE,2022,2,NYJ,CLE,68,0.1269,0.41176,0.21352,48,-0.08101
2022_02_SEA_SF,2022,2,SEA,SF,29,-0.41411,0.31034,-0.50325,18,-0.26823
2022_02_SEA_SF,2022,2,SF,SEA,39,0.18482,0.46154,0.30302,18,0.08351
2022_02_TB_NO,2022,2,NO,TB,56,-0.49682,0.375,-0.60852,37,-0.27929
2022_02_TB_NO,2022,2,TB,NO,59,-0.16699,0.32203,0.18335,36,-0.71535
2022_02_TEN_BUF,2022,2,BUF,TEN,42,0.4359,0.54762,0.63429,34,-0.40724
2022_02_TEN_BUF,2022,2,TEN,BUF,32,-0.0711,0.34375,0.00867,19,-0.18769
2022_02_WAS_DET,2022,2,DET,WAS,48,0.17324,0.4375,0.1694,29,0.1791
2022_02_WAS_DET,2022,2,WAS,DET,37,-0.13346,0.40541,-0.0454,24,-0.29604
2022_03_ATL_SEA,2022,3,ATL,SEA,54,0.31611,0.53704,0.54417,28,0.07051
2022_03_ATL_SEA,2022,3,SEA,ATL,71,0.15594,0.5493,0.2253,47,0.02012
2022_03_BAL_NE,2022,3,BAL,NE,56,0.22223,0.5,0.08887,34,0.42834
2022_03_BAL_NE,2022,3,NE,BAL,62,-0.00844,0.45161,-0.05732,38,0.06896
2022_03_BUF_MIA,2022,3,BUF,MIA,90,0.10147,0.51111,0.16933,71,-0.15212
2022_03_BUF_MIA,2022,3,MIA,BUF,43,0.16873,0.44186,0.35334,25,-0.08767
2022_03_CIN_NYJ,2022,3,CIN,NYJ,42,0.2491,0.42857,0.4637,32,-0.43762
2022_03_CIN_NYJ,2022,3,NYJ,CIN,62,-0.39615,0.35484,-0.53257,43,-0.0874
2022_03_DAL_NYG,2022,3,DAL,NYG,61,0.16473,0.4918,0.128,30,0.20027
2022_03_DAL_NYG,2022,3,NYG,DAL,72,-0.01862,0.45833,-0.06623,54,0.12418
2022_03_DET_MIN,2022,3,DET,MIN,77,0.06113,0.44156,0.17865,44,-0.09555
2022_03_DET_MIN,2022,3,MIN,DET,70,0.04013,0.57143,0.06882,46,-0.01487
2022_03_GB_TB,2022,3,GB,TB,58,-0.10996,0.41379,0.00062,35,-0.27824
2022_03_GB_TB,2022,3,TB,GB,64,-0.18969,0.42188,-0.13717,50,-0.37726
2022_03_HOU_CHI,2022,3,CHI,HOU,61,-0.02801,0.40984,-0.13434,26,0.05097
2022_03_HOU_CHI,2022,3,HOU,CHI,60,-0.06354,0.41667,-0.09824,35,-0.01495
2022_03_JAX_LAC,2022,3,JAX,LAC,52,0.1637,0.48077,0.16384,32,0.16348
2022_03_JAX_LAC,2022,3,LAC,JAX,38,-0.34222,0.31579,-0.29464,30,-0.52064
2022_03_KC_IND,2022,3,IND,KC,70,-0.15523,0.42857,-0.09318,45,-0.26692
2022_03_KC_IND,2022,3,KC,IND,64,0.04986,0.42188,0.16197,45,-0.21564
2022_03_LA_ARI,2022,3,ARI,LA,75,-0.10864,0.37333,-0.17247,56,0.07948
2022_03_LA_ARI,2022,3,LA,ARI,40,0.22514,0.5,0.29284,24,0.12361
2022_03_LV_TEN,2022,3,LV,TEN,66,0.11067,0.42424,0.16782,49,-0.05407
2022_03_LV_TEN,2022,3,TEN,LV,48,0.19203,0.54167,0.37682,26,-0.02637
2022_03_NO_CAR,2022,3,CAR,NO,37,-0.13878,0.37838,-0.31303,19,0.04515
2022_03_NO_CAR,2022,3,NO,CAR,59,-0.20203,0.45763,0.01399,37,-0.56535
2022_03_PHI_WAS,2022,3,PHI,WAS,41,0.31165,0.46341,0.61775,29,-0.4281
2022_03_PHI_WAS,2022,3,WAS,PHI,28,-0.62954,0.21429,-1.10264,17,0.10161
2022_03_PIT_CLE,2022,3,CLE,PIT,64,0.19285,0.51562,0.04172,33,0.35374
2022_03_PIT_CLE,2022,3,PIT,CLE,58,0.09292,0.51724,-0.0242,36,0.28457
2022_03_SF_DEN,2022,3,DEN,SF,71,-0.2214,0.30986,-0.24122,44,-0.1891
2022_03_SF_DEN,2022,3,SF,DEN,56,-0.3067,0.39286,-0.29112,35,-0.33268
2022_04_ARI_CAR,2022,4,ARI,CAR,64,-0.11732,0.4375,-0.07573,37,-0.17432
2022_04_ARI_CAR,2022,4,CAR,ARI,43,-0.68911,0.34884,-0.61627,30,-0.85721
2022_04_BUF_BAL,2022,4,BAL,BUF,69,-0.05938,0.46377,-0.16029,43,0.10751
2022_04_BUF_BAL,2022,4,BUF,BAL,61,0.04594,0.5082,0.19105,43,-0.3007
2022_04_CHI_NYG,2022,4,CHI,NYG,59,-0.08505,0.33898,0.04506,33,-0.2502
2022_04_CHI_NYG,2022,4,NYG,CHI,61,0.0893,0.40984,0.26081,26,-0.03812
2022_04_CLE_ATL,2022,4,ATL,CLE,52,0.03669,0.46154,-0.25672,20,0.22007
2022_04_CLE_ATL,2022,4,CLE,ATL,73,0.01403,0.43836,-0.15969,40,0.2246
2022_04_DEN_LV,2022,4,DEN,LV,49,-0.15292,0.32653,0.06716,32,-0.5672
2022_04_DEN_LV,2022,4,LV,DEN,70,0.05029,0.47143,0.00468,40,0.1111
2022_04_JAX_PHI,2022,4,JAX,PHI,41,-0.34317,0.43902,-0.35209,22,-0.33285
2022_04_JAX_PHI,2022,4,PHI,JAX,69,0.0356,0.46377,-0.15051,30,0.17876
2022_04_KC_TB,2022,4,KC,TB,58,0.37733,0.55172,0.42558,35,0.3039
2022_04_KC_TB,2022,4,TB,KC,35,0.05789,0.51429,0.16114,31,-0.7423
2022_04_LAC_HOU,2022,4,HOU,LAC,41,-0.12659,0.29268,-0.31091,30,0.37609
2022_04_LAC_HOU,2022,4,LAC,HOU,53,0.37675,0.45283,0.59523,33,0.01626
2022_04_LA_SF,2022,4,LA,SF,58,-0.21763,0.41379,-0.2329,43,-0.17388
2022_04_LA_SF,2022,4,SF,LA,47,0.20164,0.3617,0.41121,28,-0.10719
2022_04_MIA_CIN,2022,4,CIN,MIA,58,0.0693,0.41379,0.35638,35,-0.36756
2022_04_MIA_CIN,2022,4,MIA,CIN,58,-0.00675,0.43103,0.11346,36,-0.20346
2022_04_MIN_NO,2022,4,MIN,NO,73,0.08367,0.45205,0.17386,47,-0.07937
2022_04_MIN_NO,2022,4,NO,MIN,60,0.14675,0.58333,0.22236,32,0.06034
2022_04_NE_GB,2022,4,GB,NE,73,0.0158,0.46575,-0.08698,38,0.12738
2022_04_NE_GB,2022,4,NE,GB,58,0.02253,0.53448,-0.27542,25,0.24825
2022_04_NYJ_PIT,2022,4,NYJ,PIT,70,0.01664,0.38571,0.01629,43,0.01721
2022_04_NYJ_PIT,2022,4,PIT,NYJ,64,-0.09035,0.42188,-0.15649,37,0.00029
2022_04_SEA_DET,2022,4,DET,SEA,68,0.06891,0.38235,0.00114,43,0.18547
2022_04_SEA_DET,2022,4,SEA,DET,64,0.50696,0.54688,0.58514,35,0.4126
2022_04_TEN_IND,2022,4,IND,TEN,65,-0.07248,0.36923,0.24055,42,-0.64409
2022_04_TEN_IND,2022,4,TEN,IND,48,0.07151,0.5,0.03509,27,0.11833
2022_04_WAS_DAL,2022,4,DAL,WAS,50,0.07827,0.42,0.38764,28,-0.31546
2022_04_WAS_DAL,2022,4,WAS,DAL,57,-0.13441,0.31579,-0.17087,30,-0.09391
2022_05_ATL_TB,2022,5,ATL,TB,46,-0.00393,0.36957,0.04903,31,-0.11338
2022_05_ATL_TB,2022,5,TB,ATL,64,0.2167,0.57812,0.37519,45,-0.15869
2022_05_CHI_MIN,2022,5,CHI,MIN,50,0.03179,0.38,0.25471,32,-0.36451
2022_05_CHI_MIN,2022,5,MIN,CHI,76,0.23679,0.57895,0.36617,47,0.0271
2022_05_CIN_BAL,2022,5,BAL,CIN,64,-0.0317,0.46875,-0.13969,37,0.11628
2022_05_CIN_BAL,2022,5,CIN,BAL,63,0.00639,0.47619,-0.0641,42,0.14736
2022_05_DAL_LA,2022,5,DAL,LA,49,-0.11629,0.38776,-0.35093,19,0.03231
2022_05_DAL_LA,2022,5,LA,DAL,60,-0.31903,0.31667,-0.28603,44,-0.40978
2022_05_DET_NE,2022,5,DET,NE,37,-0.5089,0.37838,-1.18194,14,-0.09922
2022_05_DET_NE,2022,5,NE,DET,33,0.16279,0.45455,0.37684,17,-0.06463
2022_05_HOU_JAX,2022,5,HOU,JAX,54,-0.02369,0.42593,-0.07044,26,0.01973
2022_05_HOU_JAX,2022,5,JAX,HOU,67,-0.13413,0.40299,-0.13798,44,-0.12677
2022_05_IND_DEN,2022,5,DEN,IND,71,-0.2007,0.40845,-0.21295,46,-0.17815
2022_05_IND_DEN,2022,5,IND,DEN,78,-0.22822,0.37179,-0.28042,52,-0.12383
2022_05_LAC_CLE,2022,5,CLE,LAC,67,0.18958,0.49254,0.2984,38,0.04698
2022_05_LAC_CLE,2022,5,LAC,CLE,69,0.28113,0.46377,0.19838,40,0.39528
2022_05_LV_KC,2022,5,KC,LV,71,0.19927,0.50704,0.30228,51,-0.06342
2022_05_LV_KC,2022,5,LV,KC,64,0.17804,0.42188,0.33639,37,-0.03894
2022_05_MIA_NYJ,2022,5,MIA,NYJ,54,-0.03363,0.51852,-0.36564,29,0.35149
2022_05_MIA_NYJ,2022,5,NYJ,MIA,50,0.10765,0.5,0.21834,26,-0.01226
2022_05_NYG_GB,2022,5,GB,NYG,63,0.12966,0.52381,0.16319,43,0.05758
2022_05_NYG_GB,2022,5,NYG,GB,58,0.30347,0.53448,0.48276,33,0.06682
2022_05_PHI_ARI,2022,5,ARI,PHI,68,0.08273,0.47059,0.16555,42,-0.05104
2022_05_PHI_ARI,2022,5,PHI,ARI,72,0.10915,0.58333,0.12475,41,0.08852
2022_05_PIT_BUF,2022,5,BUF,PIT,25,0.5526,0.4,0.91415,17,-0.21571
2022_05_PIT_BUF,2022,5,PIT,BUF,29,-0.10537,0.34483,0.07405,19,-0.44627
2022_05_SEA_NO,2022,5,NO,SEA,70,0.10687,0.47143,0.00585,29,0.17832
2022_05_SEA_NO,2022,5,SEA,NO,53,0.01751,0.35849,0.09968,34,-0.12953
2022_05_SF_CAR,2022,5,CAR,SF,47,-0.16482,0.3617,-0.26994,29,0.00455
2022_05_SF_CAR,2022,5,SF,CAR,55,0.28104,0.47273,0.44261,34,0.01947
2022_05_TEN_WAS,2022,5,TEN,WAS,63,-0.02096,0.39683,-0.05906,33,0.02094
2022_05_TEN_WAS,2022,5,WAS,TEN,62,-0.03814,0.40323,0.05144,47,-0.3188
2022_06_ARI_SEA,2022,6,ARI,SEA,63,-0.23528,0.33333,-0.32259,39,-0.09339
2022_06_ARI_SEA,2022,6,SEA,ARI,59,-0.10909,0.47458,-0.02351,38,-0.26396
2022_06_BAL_NYG,2022,6,BAL,NYG,59,0.10781,0.47458,0.02139,36,0.24306
2022_06_BAL_NYG,2022,6,NYG,BAL,59,0.1178,0.45763,0.31493,34,-0.15029
2022_06_BUF_KC,2022,6,BUF,KC,70,0.14519,0.5,0.30652,45,-0.14519
2022_06_BUF_KC,2022,6,KC,BUF,67,0.04852,0.40299,0.13314,53,-0.2718
2022_06_CAR_LA,2022,6,CAR,LA,33,-0.30356,0.30303,-0.6272,15,-0.03387
2022_06_CAR_LA,2022,6,LA,CAR,57,0.02771,0.47368,0.10524,34,-0.08691
2022_06_CIN_NO,2022,6,CIN,NO,56,0.28781,0.58929,0.31803,45,0.16419
2022_06_CIN_NO,2022,6,NO,CIN,72,0.09179,0.45833,0.06872,38,0.11758
2022_06_DAL_PHI,2022,6,DAL,PHI,53,-0.07911,0.45283,-0.31301,27,0.16378
2022_06_DAL_PHI,2022,6,PHI,DAL,54,0.04962,0.44444,0.14359,27,-0.04436
2022_06_DEN_LAC,2022,6,DEN,LAC,58,-0.10257,0.36207,-0.08628,36,-0.12921
2022_06_DEN_LAC,2022,6,LAC,DEN,93,-0.1034,0.37634,-0.10851,67,-0.09021
2022_06_JAX_IND,2022,6,IND,JAX,81,0.2304,0.48148,0.30731,64,-0.05913
2022_06_JAX_IND,2022,6,JAX,IND,60,0.2597,0.58333,0.17523,29,0.33872
2022_06_MIN_MIA,2022,6,MIA,MIN,69,-0.22423,0.36232,-0.12913,50,-0.47451
2022_06_MIN_MIA,2022,6,MIN,MIA,46,-0.05947,0.3913,-0.12658,34,0.13068
2022_06_NE_CLE,2022,6,CLE,NE,43,-0.37897,0.30233,-0.29297,27,-0.52408
2022_06_NE_CLE,2022,6,NE,CLE,47,0.24126,0.40426,0.43039,30,-0.09251
2022_06_NYJ_GB,2022,6,GB,NYJ,67,-0.21257,0.47761,-0.14907,47,-0.36181
2022_06_NYJ_GB,2022,6,NYJ,GB,39,-0.04373,0.30769,-0.27648,22,0.25747
2022_06_SF_ATL,2022,6,ATL,SF,47,0.2058,0.53191,0.50637,16,0.05067
2022_06_SF_ATL,2022,6,SF,ATL,39,-0.24279,0.51282,-0.0635,28,-0.69918
2022_06_TB_PIT,2022,6,PIT,TB,62,0.02898,0.41935,0.26008,36,-0.291
2022_06_TB_PIT,2022,6,TB,PIT,71,0.06045,0.49296,0.18809,44,-0.14756
2022_06_WAS_CHI,2022,6,CHI,WAS,72,-0.09391,0.43056,-0.1805,45,0.05041
2022_06_WAS_CHI,2022,6,WAS,CHI,56,-0.06948,0.39286,-0.21318,28,0.07423
2022_07_ATL_CIN,2022,7,ATL,CIN,33,0.13948,0.45455,0.15737,14,0.1263
2022_07_ATL_CIN,2022,7,CIN,ATL,46,0.56392,0.63043,0.69435,37,0.02769
2022_07_CHI_NE,2022,7,CHI,NE,61,0.17206,0.55738,0.16125,27,0.18065
2022_07_CHI_NE,2022,7,NE,CHI,35,-0.17656,0.37143,-0.02469,23,-0.46764
2022_07_CLE_BAL,2022,7,BAL,CLE,62,-0.04442,0.45161,-0.11864,22,-0.00359
2022_07_CLE_BAL,2022,7,CLE,BAL,60,0.08927,0.48333,0.03594,38,0.18138
2022_07_DET_DAL,2022,7,DAL,DET,57,0.0043,0.54386,0.17709,30,-0.18769
2022_07_DET_DAL,2022,7,DET,DAL,52,-0.20131,0.46154,-0.04139,26,-0.36122
2022_07_GB_WAS,2022,7,GB,WAS,53,-0.04005,0.41509,0.00447,40,-0.17701
2022_07_GB_WAS,2022,7,WAS,GB,74,-0.03458,0.36486,-0.00574,36,-0.06189
2022_07_HOU_LV,2022,7,HOU,LV,52,0.05586,0.44231,0.10115,30,-0.00589
2022_07_HOU_LV,2022,7,LV,HOU,54,0.32812,0.59259,0.43875,29,0.19978
2022_07_IND_TEN,2022,7,IND,TEN,64,-0.21599,0.48438,-0.29518,48,0.02157
2022_07_IND_TEN,2022,7,TEN,IND,54,-0.13001,0.38889,0.18545,23,-0.36407
2022_07_KC_SF,2022,7,KC,SF,52,0.52016,0.59615,0.61605,37,0.28363
2022_07_KC_SF,2022,7,SF,KC,55,0.12516,0.47273,0.18583,36,0.01022
2022_07_NO_ARI,2022,7,ARI,NO,46,0.23382,0.52174,0.27715,30,0.15259
2022_07_NO_ARI,2022,7,NO,ARI,42,-0.14481,0.47619,-0.15614,24,-0.12972
2022_07_NYG_JAX,2022,7,JAX,NYG,71,0.09372,0.4507,0.22595,47,-0.16522
2022_07_NYG_JAX,2022,7,NYG,JAX,75,0.17956,0.53333,0.18938,42,0.16705
2022_07_NYJ_DEN,2022,7,DEN,NYJ,78,-0.10882,0.35897,-0.19088,49,0.02984
2022_07_NYJ_DEN,2022,7,NYJ,DEN,55,-0.11776,0.34545,-0.22646,34,0.05823
2022_07_PIT_MIA,2022,7,MIA,PIT,61,-0.03248,0.42623,0.13046,38,-0.30169
2022_07_PIT_MIA,2022,7,PIT,MIA,74,-0.14712,0.39189,-0.13938,52,-0.16543
2022_07_SEA_LAC,2022,7,LAC,SEA,57,-0.37297,0.31579,-0.281,46,-0.75759
2022_07_SEA_LAC,2022,7,SEA,LAC,61,0.11247,0.4918,0.34353,35,-0.19857
2022_07_TB_CAR,2022,7,CAR,TB,39,0.16417,0.4359,-0.00993,21,0.36728
2022_07_TB_CAR,2022,7,TB,CAR,60,-0.1497,0.38333,-0.0412,47,-0.54199
2022_08_ARI_MIN,2022,8,ARI,MIN,71,-0.06622,0.4507,-0.03358,53,-0.16234
2022_08_ARI_MIN,2022,8,MIN,ARI,67,0.03028,0.53731,-0.02472,43,0.12881
2022_08_BAL_TB,2022,8,BAL,TB,69,0.12587,0.52174,0.02497,43,0.29274
2022_08_BAL_TB,2022,8,TB,BAL,54,0.03552,0.42593,0.02944,40,0.0529
2022_08_CAR_ATL,2022,8,ATL,CAR,63,0.06897,0.47619,0.20232,31,-0.06022
2022_08_CAR_ATL,2022,8,CAR,ATL,80,0.06056,0.425,0.00243,42,0.12481
2022_08_CHI_DAL,2022,8,CHI,DAL,49,-0.00039,0.44898,-0.0637,24,0.06038
2022_08_CHI_DAL,2022,8,DAL,CHI,44,0.45841,0.61364,0.56062,26,0.31077
2022_08_CIN_CLE,2022,8,CIN,CLE,32,-0.34486,0.375,-0.43227,25,-0.03269
2022_08_CIN_CLE,2022,8,CLE,CIN,44,0.09309,0.56818,0.03445,21,0.14664
2022_08_DEN_JAX,2022,8,DEN,JAX,56,0.07639,0.48214,0.12791,34,-0.00324
2022_08_DEN_JAX,2022,8,JAX,DEN,72,-0.08028,0.48611,-0.30979,39,0.19096
2022_08_GB_BUF,2022,8,BUF,GB,36,0.44613,0.58333,0.55473,22,0.27547
2022_08_GB_BUF,2022,8,GB,BUF,42,0.06971,0.52381,-0.14479,19,0.2469
2022_08_LV_NO,2022,8,LV,NO,29,-0.55493,0.27586,-0.43421,17,-0.72594
2022_08_LV_NO,2022,8,NO,LV,31,0.30142,0.58065,0.3122,19,0.28435
2022_08_MIA_DET,2022,8,DET,MIA,61,0.18871,0.54098,0.23586,42,0.08449
2022_08_MIA_DET,2022,8,MIA,DET,65,0.32161,0.49231,0.53225,42,-0.06304
2022_08_NE_NYJ,2022,8,NE,NYJ,66,-0.08898,0.39394,0.00172,42,-0.2477
2022_08_NE_NYJ,2022,8,NYJ,NE,51,-0.24556,0.33333,-0.20357,35,-0.33743
2022_08_NYG_SEA,2022,8,NYG,SEA,50,-0.06033,0.34,0.09176,26,-0.2251
2022_08_NYG_SEA,2022,8,SEA,NYG,57,-0.05863,0.38596,-0.10144,40,0.0421
2022_08_PIT_PHI,2022,8,PHI,PIT,36,0.49701,0.52778,0.46724,28,0.60124
2022_08_PIT_PHI,2022,8,PIT,PHI,60,-0.0633,0.38333,-0.22662,45,0.42666
2022_08_SF_LA,2022,8,LA,SF,50,0.00618,0.44,0.13572,35,-0.29606
2022_08_SF_LA,2022,8,SF,LA,47,0.38781,0.59574,0.56733,28,0.12326
2022_08_TEN_HOU,2022,8,HOU,TEN,34,-0.59616,0.23529,-0.68527,21,-0.4522
2022_08_TEN_HOU,2022,8,TEN,HOU,50,0.16123,0.52,-0.69919,14,0.49583
2022_08_WAS_IND,2022,8,IND,WAS,57,-0.11241,0.40351,0.01648,31,-0.26608
2022_08_WAS_IND,2022,8,WAS,IND,61,-0.06599,0.44262,0.04019,38,-0.24142
2022_09_BAL_NO,2022,9,BAL,NO,53,0.15179,0.49057,0.20533,26,0.10023
2022_09_BAL_NO,2022,9,NO,BAL,40,-0.23064,0.45,-0.19061,27,-0.31377
2022_09_BUF_NYJ,2022,9,BUF,NYJ,62,-0.03325,0.46774,-0.208,43,0.36224
2022_09_BUF_NYJ,2022,9,NYJ,BUF,60,0.06552,0.56667,0.05263,29,0.07758
2022_09_CAR_CIN,2022,9,CAR,CIN,11,-0.91664,0.09091,-1.3246,6,-0.42709
2022_09_CAR_CIN,2022,9,CIN,CAR,32,0.48334,0.75,0.4493,17,0.52191
2022_09_GB_DET,2022,9,DET,GB,61,-0.08689,0.45902,0.05042,29,-0.21133
2022_09_GB_DET,2022,9,GB,DET,73,-0.13235,0.39726,-0.13631,52,-0.12254
2022_09_IND_NE,2022,9,IND,NE,49,-0.47529,0.26531,-0.42211,32,-0.57539
2022_09_IND_NE,2022,9,NE,IND,42,-0.39352,0.35714,-0.59271,24,-0.12794
2022_09_LAC_ATL,2022,9,ATL,LAC,61,-0.01597,0.52459,-0.31243,27,0.21946
2022_09_LAC_ATL,2022,9,LAC,ATL,69,0.00597,0.43478,0.08547,45,-0.14311
2022_09_LA_TB,2022,9,LA,TB,56,-0.15584,0.23214,-0.09767,33,-0.2393
2022_09_LA_TB,2022,9,TB,LA,83,-0.15775,0.38554,-0.05382,61,-0.44594
2022_09_LV_JAX,2022,9,JAX,LV,66,0.15167,0.54545,0.52968,32,-0.20412
2022_09_LV_JAX,2022,9,LV,JAX,57,0.07514,0.36842,0.18961,38,-0.1538
2022_09_MIA_CHI,2022,9,CHI,MIA,73,0.19206,0.45205,0.27546,41,0.08519
2022_09_MIA_CHI,2022,9,MIA,CHI,53,0.39076,0.49057,0.71907,34,-0.19676
2022_09_MIN_WAS,2022,9,MIN,WAS,66,-0.05482,0.34848,0.05154,44,-0.26754
2022_09_MIN_WAS,2022,9,WAS,MIN,62,-0.10875,0.40323,-0.24231,36,0.07618
2022_09_PHI_HOU,2022,9,HOU,PHI,58,-0.06005,0.44828,-0.14318,29,0.02308
2022_09_PHI_HOU,2022,9,PHI,HOU,57,0.25681,0.61404,0.26939,33,0.2395
2022_09_SEA_ARI,2022,9,ARI,SEA,59,-0.03833,0.37288,0.02856,41,-0.19071
2022_09_SEA_ARI,2022,9,SEA,ARI,71,0.08571,0.47887,0.03955,41,0.1488
2022_09_TEN_KC,2022,9,KC,TEN,100,0.0298,0.41,0.09647,84,-0.32017
2022_09_TEN_KC,2022,9,TEN,KC,50,-0.08484,0.28,-0.27424,23,0.0765
2022_10_ARI_LA,2022,10,ARI,LA,63,0.07714,0.44444,0.14933,41,-0.0574
2022_10_ARI_LA,2022,10,LA,ARI,44,-0.43492,0.31818,-0.7054,28,0.03842
2022_10_ATL_CAR,2022,10,ATL,CAR,50,-0.28717,0.32,-0.2959,28,-0.27606
2022_10_ATL_CAR,2022,10,CAR,ATL,59,0.10791,0.44068,-0.0309,16,0.15956
2022_10_CLE_MIA,2022,10,CLE,MIA,43,-0.0482,0.46512,0.17211,26,-0.38514
2022_10_CLE_MIA,2022,10,MIA,CLE,42,0.4094,0.57143,0.51755,24,0.2652
2022_10_DAL_GB,2022,10,DAL,GB,83,-0.00156,0.45783,-0.10458,50,0.15451
2022_10_DAL_GB,2022,10,GB,DAL,63,0.22259,0.46032,0.33641,25,0.14771
2022_10_DEN_TEN,2022,10,DEN,TEN,79,-0.06549,0.37975,-0.02231,55,-0.16446
2022_10_DEN_TEN,2022,10,TEN,DEN,61,-0.09585,0.39344,0.13361,40,-0.5329
2022_10_DET_CHI,2022,10,CHI,DET,58,0.08714,0.51724,-0.00636,26,0.1631
2022_10_DET_CHI,2022,10,DET,CHI,61,0.18828,0.5082,0.59121,33,-0.28661
2022_10_HOU_NYG,2022,10,HOU,NYG,57,-0.05562,0.42105,0.03863,38,-0.24411
2022_10_HOU_NYG,2022,10,NYG,HOU,58,0.20977,0.44828,0.62534,22,-0.04419
2022_10_IND_LV,2022,10,IND,LV,62,0.14171,0.51613,0.13544,34,0.14932
2022_10_IND_LV,2022,10,LV,IND,70,-0.09116,0.37143,0.04047,44,-0.31393
2022_10_JAX_KC,2022,10,JAX,KC,48,-0.06066,0.41667,-0.01088,36,-0.20999
2022_10_JAX_KC,2022,10,KC,JAX,45,0.38047,0.6,0.64326,34,-0.43178
2022_10_LAC_SF,2022,10,LAC,SF,58,-0.1129,0.31034,-0.1038,44,-0.1415
2022_10_LAC_SF,2022,10,SF,LAC,67,0.08175,0.53731,0.12214,30,0.049
2022_10_MIN_BUF,2022,10,BUF,MIN,68,-0.04806,0.54412,0.20252,47,-0.60888
2022_10_MIN_BUF,2022,10,MIN,BUF,81,-0.02436,0.44444,0.08612,60,-0.34004
2022_10_NO_PIT,2022,10,NO,PIT,47,-0.27242,0.2766,-0.07855,33,-0.72943
2022_10_NO_PIT,2022,10,PIT,NO,71,0.13853,0.47887,0.19305,43,0.0548
2022_10_SEA_TB,2022,10,SEA,TB,44,-0.16953,0.47727,-0.06653,34,-0.51974
2022_10_SEA_TB,2022,10,TB,SEA,59,0.23398,0.50847,0.47249,27,0.03274
2022_10_WAS_PHI,2022,10,PHI,WAS,49,0.02689,0.5102,-0.0223,28,0.09249
2022_10_WAS_PHI,2022,10,WAS,PHI,77,0.08559,0.54545,0.05826,33,0.10609
2022_11_CAR_BAL,2022,11,BAL,CAR,61,-0.06734,0.5082,-0.17562,37,0.09959
2022_11_CAR_BAL,2022,11,CAR,BAL,49,-0.37691,0.28571,-0.38852,34,-0.35061
2022_11_CHI_ATL,2022,11,ATL,CHI,48,-0.02995,0.47917,0.05189,24,-0.11178
2022_11_CHI_ATL,2022,11,CHI,ATL,69,0.02581,0.43478,0.17238,33,-0.10855
2022_11_CIN_PIT,2022,11,CIN,PIT,61,0.2056,0.5082,0.29307,42,0.01226
2022_11_CIN_PIT,2022,11,PIT,CIN,60,-0.0504,0.35,0.00142,36,-0.12812
2022_11_CLE_BUF,2022,11,BUF,CLE,50,0.11238,0.52,0.14903,27,0.06936
2022_11_CLE_BUF,2022,11,CLE,BUF,50,0.01514,0.48,0.48556,31,-0.75239
2022_11_DAL_MIN,2022,11,DAL,MIN,46,0.39926,0.54348,0.61254,22,0.20375
2022_11_DAL_MIN,2022,11,MIN,DAL,28,-0.3551,0.28571,-0.51006,19,-0.02798
2022_11_DET_NYG,2022,11,DET,NYG,45,0.28242,0.55556,0.33674,26,0.2081
2022_11_DET_NYG,2022,11,NYG,DET,50,-0.29906,0.36,-0.4289,31,-0.08721
2022_11_KC_LAC,2022,11,KC,LAC,64,0.24869,0.51562,0.36504,41,0.0413
2022_11_KC_LAC,2022,11,LAC,KC,65,0.08532,0.53846,0.11108,37,0.05129
2022_11_LA_NO,2022,11,LA,NO,57,-0.00651,0.38596,0.02191,31,-0.04039
2022_11_LA_NO,2022,11,NO,LA,51,0.18059,0.54902,0.33247,31,-0.05482
2022_11_LV_DEN,2022,11,DEN,LV,64,0.03091,0.46875,0.17206,37,-0.16252
2022_11_LV_DEN,2022,11,LV,DEN,66,0.09683,0.42424,0.19952,41,-0.07158
2022_11_NYJ_NE,2022,11,NE,NYJ,63,-0.18477,0.38095,-0.08217,34,-0.30507
2022_11_NYJ_NE,2022,11,NYJ,NE,50,-0.3945,0.22,-0.30738,30,-0.52518
2022_11_PHI_IND,2022,11,IND,PHI,65,-0.18046,0.33846,-0.09681,37,-0.29099
2022_11_PHI_IND,2022,11,PHI,IND,66,-0.13401,0.4697,-0.29426,35,0.04691
2022_11_SF_ARI,2022,11,ARI,SF,50,-0.11878,0.4,-0.07645,34,-0.20874
2022_11_SF_ARI,2022,11,SF,ARI,41,0.33255,0.56098,0.25183,26,0.47246
2022_11_TEN_GB,2022,11,GB,TEN,55,-0.03165,0.32727,0.04253,36,-0.17221
2022_11_TEN_GB,2022,11,TEN,GB,59,0.24809,0.52542,0.52135,32,-0.07577
2022_11_WAS_HOU,2022,11,HOU,WAS,35,-0.66599,0.2,-0.74197,24,-0.5002
2022_11_WAS_HOU,2022,11,WAS,HOU,45,0.07966,0.46667,0.11197,23,0.04588
2022_12_ATL_WAS,2022,12,ATL,WAS,57,0.01089,0.47368,-0.18155,26,0.17228
2022_12_ATL_WAS,2022,12,WAS,ATL,58,0.08825,0.51724,0.03555,24,0.12545
2022_12_BAL_JAX,2022,12,BAL,JAX,71,0.10635,0.47887,0.28067,40,-0.11858
2022_12_BAL_JAX,2022,12,JAX,BAL,63,0.06543,0.4127,0.35396,44,-0.60272
2022_12_BUF_DET,2022,12,BUF,DET,77,0.1256,0.49351,0.09828,53,0.18591
2022_12_BUF_DET,2022,12,DET,BUF,71,0.08678,0.47887,0.17535,41,-0.03427
2022_12_CHI_NYJ,2022,12,CHI,NYJ,34,-0.0139,0.32353,0.13415,17,-0.16194
2022_12_CHI_NYJ,2022,12,NYJ,CHI,46,0.24425,0.52174,0.57849,26,-0.19026
2022_12_CIN_TEN,2022,12,CIN,TEN,66,0.07434,0.43939,0.17011,45,-0.13086
2022_12_CIN_TEN,2022,12,TEN,CIN,57,0.045,0.40351,0.18459,38,-0.23418
2022_12_DEN_CAR,2022,12,CAR,DEN,48,0.05024,0.39583,0.12142,16,0.01464
2022_12_DEN_CAR,2022,12,DEN,CAR,37,-0.34256,0.32432,-0.50524,22,-0.10397
2022_12_GB_PHI,2022,12,GB,PHI,42,0.04638,0.47619,-0.00442,23,0.10788
2022_12_GB_PHI,2022,12,PHI,GB,74,0.23377,0.52703,0.11147,34,0.33772
2022_12_HOU_MIA,2022,12,HOU,MIA,18,-0.94565,0.11111,-1.05075,14,-0.57777
2022_12_HOU_MIA,2022,12,MIA,HOU,29,0.28248,0.44828,0.47895,22,-0.33497
2022_12_LAC_ARI,2022,12,ARI,LAC,65,0.04191,0.41538,0.34258,33,-0.26815
2022_12_LAC_ARI,2022,12,LAC,ARI,65,0.05071,0.46154,0.08769,55,-0.15271
2022_12_LA_KC,2022,12,KC,LA,61,0.33134,0.55738,0.44777,46,-0.02571
2022_12_LA_KC,2022,12,LA,KC,41,-0.33054,0.29268,-0.36898,19,-0.29735
2022_12_LV_SEA,2022,12,LV,SEA,77,0.2079,0.50649,0.3636,39,0.0481
2022_12_LV_SEA,2022,12,SEA,LV,64,0.03636,0.53125,0.24561,44,-0.424
2022_12_NE_MIN,2022,12,MIN,NE,64,0.10119,0.48438,0.30547,41,-0.26295
2022_12_NE_MIN,2022,12,NE,MIN,51,0.0812,0.43137,0.16732,38,-0.17054
2022_12_NO_SF,2022,12,NO,SF,56,-0.15276,0.375,-1e-05,38,-0.47522
2022_12_NO_SF,2022,12,SF,NO,53,0.02814,0.43396,0.11872,35,-0.14799
2022_12_NYG_DAL,2022,12,DAL,NYG,66,0.17121,0.4697,0.38269,34,-0.05349
2022_12_NYG_DAL,2022,12,NYG,DAL,44,-0.1463,0.38636,-0.24909,27,0.01697
2022_12_PIT_IND,2022,12,IND,PIT,64,-0.1319,0.42188,-0.05427,41,-0.27027
2022_12_PIT_IND,2022,12,PIT,IND,68,0.10086,0.52941,0.062,35,0.14209
2022_12_TB_CLE,2022,12,CLE,TB,79,-0.00028,0.36709,-0.08296,46,0.11496
2022_12_TB_CLE,2022,12,TB,CLE,69,-0.02857,0.37681,-0.03018,49,-0.02462
2022_13_BUF_NE,2022,13,BUF,NE,65,0.2009,0.44615,0.35739,38,-0.01935
2022_13_BUF_NE,2022,13,NE,BUF,32,-0.04112,0.4375,0.03027,19,-0.14547
2022_13_CLE_HOU,2022,13,CLE,HOU,53,-0.20848,0.39623,-0.41981,24,-0.03359
2022_13_CLE_HOU,2022,13,HOU,CLE,52,-0.56547,0.38462,-0.72674,30,-0.34555
2022_13_DEN_BAL,2022,13,BAL,DEN,71,-0.1119,0.39437,-0.16606,49,0.00871
2022_13_DEN_BAL,2022,13,DEN,BAL,53,-0.12457,0.35849,0.07444,27,-0.33123
2022_13_GB_CHI,2022,13,CHI,GB,48,0.06421,0.41667,-0.16074,26,0.33006
2022_13_GB_CHI,2022,13,GB,CHI,64,0.2224,0.5,0.21392,35,0.23264
2022_13_IND_DAL,2022,13,DAL,IND,55,0.09621,0.43636,0.0513,30,0.15011
2022_13_IND_DAL,2022,13,IND,DAL,50,-0.17188,0.38,-0.18332,26,-0.15948
2022_13_JAX_DET,2022,13,DET,JAX,42,0.27722,0.59524,0.44017,27,-0.01609
2022_13_JAX_DET,2022,13,JAX,DET,32,-0.16256,0.34375,-0.06513,21,-0.34857
2022_13_KC_CIN,2022,13,CIN,KC,70,0.23317,0.55714,0.44161,42,-0.0795
2022_13_KC_CIN,2022,13,KC,CIN,55,0.22896,0.52727,0.20622,32,0.26059
2022_13_LAC_LV,2022,13,LAC,LV,65,-0.25799,0.36923,-0.36817,47,0.02972
2022_13_LAC_LV,2022,13,LV,LAC,56,0.00663,0.46429,-0.12004,31,0.16371
2022_13_MIA_SF,2022,13,MIA,SF,44,-0.10326,0.43182,-0.09471,35,-0.13651
2022_13_MIA_SF,2022,13,SF,MIA,81,0.01712,0.4321,0.08713,48,-0.08472
2022_13_NO_TB,2022,13,NO,TB,52,0.03932,0.40385,0.3035,29,-0.29377
2022_13_NO_TB,2022,13,TB,NO,65,-0.05172,0.44615,-0.02992,46,-0.10449
2022_13_NYJ_MIN,2022,13,MIN,NYJ,66,0.02242,0.42424,0.02765,41,0.01383
2022_13_NYJ_MIN,2022,13,NYJ,MIN,84,-0.0766,0.40476,-0.12469,62,0.05891
2022_13_PIT_ATL,2022,13,ATL,PIT,54,-0.03045,0.5,-0.19961,25,0.11538
2022_13_PIT_ATL,2022,13,PIT,ATL,64,0.18009,0.54688,0.32288,31,0.04595
2022_13_SEA_LA,2022,13,LA,SEA,63,0.01035,0.46032,-0.17276,35,0.23924
2022_13_SEA_LA,2022,13,SEA,LA,66,0.17661,0.54545,0.2764,46,-0.0529
2022_13_TEN_PHI,2022,13,PHI,TEN,44,0.51228,0.54545,0.67516,34,-0.04151
2022_13_TEN_PHI,2022,13,TEN,PHI,37,-0.06044,0.35135,0.05044,26,-0.32253
2022_13_WAS_NYG,2022,13,NYG,WAS,63,-0.10877,0.44444,0.02089,39,-0.31948
2022_13_WAS_NYG,2022,13,WAS,NYG,84,0.03451,0.44048,0.02876,48,0.04217
2022_14_BAL_PIT,2022,14,BAL,PIT,57,0.05031,0.4386,0.0021,23,0.08292
2022_14_BAL_PIT,2022,14,PIT,BAL,55,0.03461,0.49091,0.13041,37,-0.16231
2022_14_CAR_SEA,2022,14,CAR,SEA,63,0.16344,0.50794,0.01822,28,0.27961
2022_14_CAR_SEA,2022,14,SEA,CAR,48,-0.18397,0.35417,-0.11782,37,-0.40649
2022_14_CLE_CIN,2022,14,CIN,CLE,52,0.15103,0.44231,0.1343,39,0.2012
2022_14_CLE_CIN,2022,14,CLE,CIN,54,-0.25454,0.38889,-0.19426,35,-0.36557
2022_14_HOU_DAL,2022,14,DAL,HOU,70,-0.02442,0.47143,-0.0923,42,0.0774
2022_14_HOU_DAL,2022,14,HOU,DAL,65,-0.1784,0.4,0.27654,29,-0.54489
2022_14_JAX_TEN,2022,14,JAX,TEN,49,0.32319,0.55102,0.60373,34,-0.31269
2022_14_JAX_TEN,2022,14,TEN,JAX,38,-0.18293,0.5,-0.4652,21,0.16575
2022_14_KC_DEN,2022,14,DEN,KC,65,-0.08655,0.32308,-0.07592,50,-0.12199
2022_14_KC_DEN,2022,14,KC,DEN,60,0.17562,0.51667,0.22842,42,0.05243
2022_14_LV_LA,2022,14,LA,LV,58,-0.14585,0.37931,0.00457,39,-0.45461
2022_14_LV_LA,2022,14,LV,LA,60,0.01787,0.45,-0.08084,24,0.08367
2022_14_MIA_LAC,2022,14,LAC,MIA,77,0.09456,0.41558,0.12822,58,-0.0082
2022_14_MIA_LAC,2022,14,MIA,LAC,44,-0.05627,0.29545,-0.14827,28,0.10472
2022_14_MIN_DET,2022,14,DET,MIN,54,0.23786,0.44444,0.38642,36,-0.05926
2022_14_MIN_DET,2022,14,MIN,DET,55,-0.03944,0.43636,0.2263,38,-0.63344
2022_14_NE_ARI,2022,14,ARI,NE,56,-0.27046,0.44643,-0.41568,39,0.06269
2022_14_NE_ARI,2022,14,NE,ARI,48,0.06666,0.4375,-0.0268,34,0.29364
2022_14_NYJ_BUF,2022,14,BUF,NYJ,49,-0.05443,0.40816,0.00162,33,-0.17003
2022_14_NYJ_BUF,2022,14,NYJ,BUF,61,-0.18611,0.36066,-0.08671,38,-0.35033
2022_14_PHI_NYG,2022,14,NYG,PHI,39,-0.05643,0.46154,0.00938,22,-0.14159
2022_14_PHI_NYG,2022,14,PHI,NYG,48,0.35914,0.47917,0.32252,33,0.43971
2022_14_TB_SF,2022,14,SF,TB,28,0.41061,0.53571,0.66853,15,0.11301
2022_14_TB_SF,2022,14,TB,SF,27,-0.29265,0.33333,-0.39549,19,-0.0484
2022_15_ARI_DEN,2022,15,ARI,DEN,57,-0.34981,0.2807,-0.49656,39,-0.03184
2022_15_ARI_DEN,2022,15,DEN,ARI,59,-0.04045,0.50847,-0.21073,32,0.16137
2022_15_ATL_NO,2022,15,ATL,NO,74,0.02814,0.47297,-0.23155,39,0.3175
2022_15_ATL_NO,2022,15,NO,ATL,52,0.09834,0.53846,0.56538,21,-0.21804
2022_15_BAL_CLE,2022,15,BAL,CLE,60,-0.14373,0.51667,-0.32329,34,0.09107
2022_15_BAL_CLE,2022,15,CLE,BAL,52,0.0294,0.5,0.10336,32,-0.08894
2022_15_CIN_TB,2022,15,CIN,TB,52,-0.06036,0.48077,-0.02036,39,-0.18038
2022_15_CIN_TB,2022,15,TB,CIN,65,-0.21036,0.43077,-0.03808,39,-0.46877
2022_15_DAL_JAX,2022,15,DAL,JAX,75,0.0634,0.56,0.12464,35,0.00981
2022_15_DAL_JAX,2022,15,JAX,DAL,70,0.11629,0.57143,0.15071,45,0.05434
2022_15_DET_NYJ,2022,15,DET,NYJ,68,0.01639,0.39706,0.30839,38,-0.35349
2022_15_DET_NYJ,2022,15,NYJ,DET,63,-0.05754,0.39683,0.04415,41,-0.24704
2022_15_IND_MIN,2022,15,IND,MIN,38,0.02555,0.5,0.20758,21,-0.19931
2022_15_IND_MIN,2022,15,MIN,IND,46,-0.34014,0.43478,-0.20299,36,-0.83387
2022_15_KC_HOU,2022,15,HOU,KC,61,-0.01017,0.37705,0.09543,37,-0.17297
2022_15_KC_HOU,2022,15,KC,HOU,77,0.13572,0.61039,0.32196,47,-0.15605
2022_15_LA_GB,2022,15,GB,LA,54,0.13327,0.51852,0.1628,31,0.09346
2022_15_LA_GB,2022,15,LA,GB,36,-0.23321,0.33333,-0.27877,22,-0.16163
2022_15_MIA_BUF,2022,15,BUF,MIA,76,0.19334,0.55263,0.25693,48,0.08432
2022_15_MIA_BUF,2022,15,MIA,BUF,59,0.16212,0.45763,-0.04029,35,0.4573
2022_15_NE_LV,2022,15,LV,NE,67,-0.11441,0.38806,-0.14352,43,-0.06224
2022_15_NE_LV,2022,15,NE,LV,64,-0.0806,0.39062,-0.13818,35,-0.01111
2022_15_NYG_WAS,2022,15,NYG,WAS,60,0.05163,0.46667,0.03714,35,0.07192
2022_15_NYG_WAS,2022,15,WAS,NYG,63,-0.12375,0.4127,-0.23439,35,0.01455
2022_15_PHI_CHI,2022,15,CHI,PHI,53,-0.27586,0.39623,-0.22087,30,-0.34758
2022_15_PHI_CHI,2022,15,PHI,CHI,71,0.01564,0.43662,-0.03325,43,0.09073
2022_15_PIT_CAR,2022,15,CAR,PIT,42,0.05981,0.33333,0.39713,27,-0.54737
2022_15_PIT_CAR,2022,15,PIT,CAR,58,0.26274,0.53448,0.39209,22,0.1837
2022_15_SF_SEA,2022,15,SEA,SF,53,-0.31475,0.35849,-0.33935,41,-0.23072
2022_15_SF_SEA,2022,15,SF,SEA,37,0.26839,0.45946,0.39646,20,0.11772
2022_15_TEN_LAC,2022,15,LAC,TEN,69,-0.06969,0.52174,-0.17528,45,0.1283
2022_15_TEN_LAC,2022,15,TEN,LAC,61,-0.12054,0.39344,-0.23036,34,0.01776
2022_16_ATL_BAL,2022,16,ATL,BAL,70,-0.15682,0.35714,-0.08483,38,-0.2423
2022_16_ATL_BAL,2022,16,BAL,ATL,43,0.06358,0.48837,-0.02518,16,0.11617
2022_16_BUF_CHI,2022,16,BUF,CHI,54,0.04926,0.5,-0.2425,33,0.50774
2022_16_BUF_CHI,2022,16,CHI,BUF,53,-0.35631,0.32075,-0.0915,26,-0.61131
2022_16_CIN_NE,2022,16,CIN,NE,64,0.21807,0.51562,0.33727,48,-0.13952
2022_16_CIN_NE,2022,16,NE,CIN,45,-0.05086,0.4,0.09789,31,-0.38025
2022_16_DEN_LA,2022,16,DEN,LA,20,-0.67876,0.25,-0.93325,11,-0.36772
2022_16_DEN_LA,2022,16,LA,DEN,28,0.41044,0.60714,0.83435,14,-0.01346
2022_16_DET_CAR,2022,16,CAR,DET,39,0.71414,0.69231,0.74098,16,0.69548
2022_16_DET_CAR,2022,16,DET,CAR,31,-0.02059,0.3871,0.38715,18,-0.58517
2022_16_GB_MIA,2022,16,GB,MIA,64,-0.03114,0.40625,0.08188,43,-0.26256
2022_16_GB_MIA,2022,16,MIA,GB,50,-0.11083,0.4,-0.03403,29,-0.21688
2022_16_HOU_TEN,2022,16,HOU,TEN,63,-0.06379,0.42857,0.08898,38,-0.29601
2022_16_HOU_TEN,2022,16,TEN,HOU,61,-0.26631,0.40984,-0.58373,29,0.02135
2022_16_JAX_NYJ,2022,16,JAX,NYJ,55,0.13384,0.43636,0.24608,28,0.01744
2022_16_JAX_NYJ,2022,16,NYJ,JAX,45,-0.28243,0.31111,-0.24831,27,-0.3336
2022_16_LAC_IND,2022,16,IND,LAC,40,-0.58944,0.35,-0.75213,25,-0.31829
2022_16_LAC_IND,2022,16,LAC,IND,59,-0.07599,0.47458,-0.07513,36,-0.07734
2022_16_LV_PIT,2022,16,LV,PIT,53,-0.1961,0.35849,-0.14827,35,-0.28911
2022_16_LV_PIT,2022,16,PIT,LV,68,-0.04722,0.42647,0.01851,41,-0.14703
2022_16_NO_CLE,2022,16,CLE,NO,70,-0.25482,0.31429,-0.45211,36,-0.04592
2022_16_NO_CLE,2022,16,NO,CLE,53,-0.11474,0.37736,-0.33417,15,-0.02812
2022_16_NYG_MIN,2022,16,MIN,NYG,71,-0.01585,0.46479,-0.02032,52,-0.00361
2022_16_NYG_MIN,2022,16,NYG,MIN,69,0.02132,0.50725,-0.04595,52,0.2271
2022_16_PHI_DAL,2022,16,DAL,PHI,71,0.10566,0.47887,0.24788,45,-0.1405
2022_16_PHI_DAL,2022,16,PHI,DAL,70,0.05432,0.5,0.38987,43,-0.48007
2022_16_SEA_KC,2022,16,KC,SEA,38,0.04943,0.47368,0.09716,25,-0.04237
2022_16_SEA_KC,2022,16,SEA,KC,61,-0.34233,0.31148,-0.63446,32,-0.01998
2022_16_TB_ARI,2022,16,ARI,TB,76,-0.25594,0.28947,-0.2901,49,-0.19394
2022_16_TB_ARI,2022,16,TB,ARI,80,-0.09,0.4,-0.02919,51,-0.19693
2022_16_WAS_SF,2022,16,SF,WAS,41,0.0762,0.31707,0.15349,23,-0.02257
2022_16_WAS_SF,2022,16,WAS,SF,53,-0.18434,0.33962,0.36454,21,-0.54455
2022_17_ARI_ATL,2022,17,ARI,ATL,74,0.04196,0.44595,0.09301,48,-0.05227
2022_17_ARI_ATL,2022,17,ATL,ARI,61,-0.09191,0.40984,-0.01745,30,-0.16396
2022_17_CAR_TB,2022,17,CAR,TB,56,-0.06472,0.44643,0.21653,35,-0.53347
2022_17_CAR_TB,2022,17,TB,CAR,75,0.12793,0.49333,0.21122,54,-0.08624
2022_17_CHI_DET,2022,17,CHI,DET,28,-0.05066,0.5,-0.42948,15,0.38645
2022_17_CHI_DET,2022,17,DET,CHI,39,0.45563,0.5641,0.5221,22,0.36962
2022_17_CLE_WAS,2022,17,CLE,WAS,49,0.19903,0.42857,0.1896,27,0.2106
2022_17_CLE_WAS,2022,17,WAS,CLE,56,-0.11124,0.33929,-0.11445,21,-0.10931
2022_17_DAL_TEN,2022,17,DAL,TEN,69,0.20112,0.50725,0.54034,43,-0.35989
2022_17_DAL_TEN,2022,17,TEN,DAL,51,-0.06609,0.29412,-0.02821,32,-0.1299
2022_17_DEN_KC,2022,17,DEN,KC,70,-0.08558,0.38571,-0.13682,47,0.01913
2022_17_DEN_KC,2022,17,KC,DEN,57,0.11582,0.54386,0.21245,45,-0.24654
2022_17_IND_NYG,2022,17,IND,NYG,32,-0.39094,0.3125,-0.53329,18,-0.20792
2022_17_IND_NYG,2022,17,NYG,IND,30,0.31481,0.53333,0.62285,17,-0.08802
2022_17_JAX_HOU,2022,17,HOU,JAX,34,-0.68523,0.23529,-0.80007,20,-0.52117
2022_17_JAX_HOU,2022,17,JAX,HOU,32,0.12758,0.46875,0.04822,17,0.21752
2022_17_LA_LAC,2022,17,LA,LAC,39,0.0066,0.48718,-0.28332,20,0.31179
2022_17_LA_LAC,2022,17,LAC,LA,41,0.34156,0.60976,0.26266,22,0.43292
2022_17_MIA_NE,2022,17,MIA,NE,64,-0.06776,0.39062,-0.07779,39,-0.05211
2022_17_MIA_NE,2022,17,NE,MIA,54,0.06147,0.33333,0.13672,38,-0.11724
2022_17_MIN_GB,2022,17,GB,MIN,27,-0.03798,0.44444,-0.26265,12,0.14174
2022_17_MIN_GB,2022,17,MIN,GB,33,-0.60635,0.36364,-0.73739,23,-0.30497
2022_17_NO_PHI,2022,17,NO,PHI,60,-0.11963,0.41667,-0.18825,33,-0.03576
2022_17_NO_PHI,2022,17,PHI,NO,54,-0.29095,0.31481,-0.28218,38,-0.31179
2022_17_NYJ_SEA,2022,17,NYJ,SEA,48,-0.18133,0.35417,-0.19248,31,-0.161
2022_17_NYJ_SEA,2022,17,SEA,NYJ,42,0.16955,0.47619,0.09697,21,0.24214
2022_17_PIT_BAL,2022,17,BAL,PIT,51,-0.01583,0.41176,0.10668,26,-0.14324
2022_17_PIT_BAL,2022,17,PIT,BAL,68,0.1534,0.55882,0.14342,29,0.16083
2022_17_SF_LV,2022,17,LV,SF,69,0.0856,0.53623,0.25818,41,-0.1671
2022_17_SF_LV,2022,17,SF,LV,65,0.2966,0.56923,0.25627,38,0.35336
2022_18_ARI_SF,2022,18,ARI,SF,32,-0.1606,0.4375,-0.18365,19,-0.12691
2022_18_ARI_SF,2022,18,SF,ARI,38,0.24427,0.57895,0.22896,21,0.26317
2022_18_BAL_CIN,2022,18,BAL,CIN,62,-0.31624,0.32258,-0.39443,36,-0.20797
2022_18_BAL_CIN,2022,18,CIN,BAL,49,-0.0276,0.40816,-0.02591,38,-0.03344
2022_18_CAR_NO,2022,18,CAR,NO,59,-0.20306,0.42373,-0.50764,21,-0.03474
2022_18_CAR_NO,2022,18,NO,CAR,60,-0.17491,0.45,-0.26733,27,-0.0993
2022_18_CLE_PIT,2022,18,CLE,PIT,48,-0.02862,0.45833,-0.06047,33,0.04146
2022_18_CLE_PIT,2022,18,PIT,CLE,70,0.11479,0.41429,0.34114,36,-0.12488
2022_18_DAL_WAS,2022,18,DAL,WAS,49,-0.52524,0.22449,-0.439,32,-0.68756
2022_18_DAL_WAS,2022,18,WAS,DAL,50,-0.15081,0.36,-0.03888,24,-0.25413
2022_18_DET_GB,2022,18,DET,GB,60,0.06908,0.51667,0.07095,37,0.06607
2022_18_DET_GB,2022,18,GB,DET,60,-0.10601,0.46667,-0.09363,33,-0.12115
2022_18_HOU_IND,2022,18,HOU,IND,65,-0.06713,0.35385,0.17152,43,-0.53359
2022_18_HOU_IND,2022,18,IND,HOU,72,-0.05033,0.43056,-0.18415,42,0.13701
2022_18_KC_LV,2022,18,KC,LV,32,0.44306,0.625,0.45753,21,0.41543
2022_18_KC_LV,2022,18,LV,KC,47,-0.15463,0.40426,-0.10906,31,-0.24293
2022_18_LAC_DEN,2022,18,DEN,LAC,63,0.21158,0.47619,0.16533,32,0.25932
2022_18_LAC_DEN,2022,18,LAC,DEN,67,0.05254,0.44776,0.25206,47,-0.41634
2022_18_LA_SEA,2022,18,LA,SEA,60,-0.11103,0.35,-0.30929,34,0.14824
2022_18_LA_SEA,2022,18,SEA,LA,69,-0.10296,0.42029,-0.07664,37,-0.13338
2022_18_MIN_CHI,2022,18,CHI,MIN,42,-0.04419,0.38095,-0.14791,24,0.09411
2022_18_MIN_CHI,2022,18,MIN,CHI,56,0.35548,0.58929,0.75489,28,-0.04392
2022_18_NE_BUF,2022,18,BUF,NE,49,0.11618,0.4898,0.27885,34,-0.25256
2022_18_NE_BUF,2022,18,NE,BUF,61,0.04227,0.4918,0.059,40,0.01041
2022_18_NYG_PHI,2022,18,NYG,PHI,42,-0.34258,0.2619,-0.36476,30,-0.28711
2022_18_NYG_PHI,2022,18,PHI,NYG,44,0.30277,0.52273,0.28559,29,0.33601
2022_18_NYJ_MIA,2022,18,MIA,NYJ,65,-0.09679,0.33846,-0.23876,34,0.05893
2022_18_NYJ_MIA,2022,18,NYJ,MIA,55,-0.12027,0.30909,0.03215,35,-0.387
2022_18_TB_ATL,2022,18,ATL,TB,56,0.129,0.44643,0.25364,30,-0.01482
2022_18_TB_ATL,2022,18,TB,ATL,48,-0.14156,0.35417,-0.12557,27,-0.16212
2022_18_TEN_JAX,2022,18,JAX,TEN,46,-0.09356,0.41304,0.14206,34,-0.76114
2022_18_TEN_JAX,2022,18,TEN,JAX,75,-0.11309,0.42667,0.00151,37,-0.22467
2022_19_BAL_CIN,2022,19,BAL,CIN,69,-0.07087,0.43478,0.13177,35,-0.27947
2022_19_BAL_CIN,2022,19,CIN,BAL,57,0.01892,0.50877,0.04614,42,-0.05727
2022_19_DAL_TB,2022,19,DAL,TB,44,0.44092,0.59091,0.75861,26,-0.01796
2022_19_DAL_TB,2022,19,TB,DAL,33,-0.32223,0.30303,-0.34225,26,-0.24785
2022_19_LAC_JAX,2022,19,JAX,LAC,60,-0.00077,0.51667,-0.11582,41,0.24751
2022_19_LAC_JAX,2022,19,LAC,JAX,53,0.29344,0.4717,0.44145,37,-0.04881
2022_19_MIA_BUF,2022,19,BUF,MIA,72,-0.15218,0.43056,-0.2095,50,-0.02188
2022_19_MIA_BUF,2022,19,MIA,BUF,71,-0.19111,0.32394,-0.17309,53,-0.24418
2022_19_NYG_MIN,2022,19,MIN,NYG,57,0.18315,0.54386,0.26261,41,-0.02047
2022_19_NYG_MIN,2022,19,NYG,MIN,68,0.33034,0.51471,0.43884,46,0.10348
2022_19_SEA_SF,2022,19,SEA,SF,45,0.09999,0.46667,0.34532,23,-0.1565
2022_19_SEA_SF,2022,19,SF,SEA,51,0.40251,0.52941,0.60407,29,0.13681
2022_20_CIN_BUF,2022,20,BUF,CIN,45,0.01836,0.42222,-0.02433,31,0.1129
2022_20_CIN_BUF,2022,20,CIN,BUF,54,0.35576,0.61111,0.41245,36,0.24238
2022_20_DAL_SF,2022,20,DAL,SF,55,-0.11657,0.4,-0.11839,35,-0.11339
2022_20_DAL_SF,2022,20,SF,DAL,60,0.02976,0.46667,0.11658,32,-0.06946
2022_20_JAX_KC,2022,20,JAX,KC,56,0.02697,0.5,-0.09375,39,0.30392
2022_20_JAX_KC,2022,20,KC,JAX,60,0.2336,0.55,0.29459,39,0.12033
2022_20_NYG_PHI,2022,20,NYG,PHI,15,-0.7509,0.33333,-0.88353,10,-0.48564
2022_20_NYG_PHI,2022,20,PHI,NYG,28,0.42333,0.64286,0.79784,11,0.181
2022_21_CIN_KC,2022,21,CIN,KC,66,0.00235,0.42424,-0.03191,52,0.12962
2022_21_CIN_KC,2022,21,KC,CIN,69,0.05789,0.4058,0.1961,51,-0.3337
2022_21_SF_PHI,2022,21,PHI,SF,52,0.11921,0.44231,0.1214,29,0.11644
2022_21_SF_PHI,2022,21,SF,PHI,33,-0.35998,0.36364,-0.33125,19,-0.39898
2022_22_KC_PHI,2022,22,KC,PHI,52,0.39451,0.61538,0.55937,31,0.15113
2022_22_KC_PHI,2022,22,PHI,KC,74,0.14312,0.48649,0.2946,43,-0.06699
2023_01_ARI_WAS,2023,1,ARI,WAS,62,-0.34827,0.30645,-0.28144,37,-0.44717
2023_01_ARI_WAS,2023,1,WAS,ARI,67,-0.20585,0.41791,-0.16255,45,-0.29441
2023_01_BUF_NYJ,2023,1,BUF,NYJ,68,-0.07917,0.48529,0.02031,50,-0.3555
2023_01_BUF_NYJ,2023,1,NYJ,BUF,52,-0.02989,0.40385,-0.14056,27,0.08963
2023_01_CAR_ATL,2023,1,ATL,CAR,45,-0.14315,0.35556,-0.23331,24,-0.04011
2023_01_CAR_ATL,2023,1,CAR,ATL,60,-0.25235,0.38333,-0.18919,31,-0.31987
2023_01_CIN_CLE,2023,1,CIN,CLE,45,-0.28153,0.24444,-0.32689,29,-0.19932
2023_01_CIN_CLE,2023,1,CLE,CIN,61,-0.18064,0.40984,-0.36352,33,0.03489
2023_01_DAL_NYG,2023,1,DAL,NYG,19,0.17041,0.36842,0.45151,12,-0.31147
2023_01_DAL_NYG,2023,1,NYG,DAL,20,-0.87431,0.4,-1.26042,11,-0.4024
2023_01_DET_KC,2023,1,DET,KC,67,0.02588,0.40299,0.07045,36,-0.02588
2023_01_DET_KC,2023,1,KC,DET,65,-0.11847,0.4,-0.04571,48,-0.32392
2023_01_GB_CHI,2023,1,CHI,GB,41,-0.13201,0.43902,0.094,24,-0.45108
2023_01_GB_CHI,2023,1,GB,CHI,45,0.36819,0.44444,0.67696,26,-0.05433
2023_01_HOU_BAL,2023,1,BAL,HOU,44,0.12313,0.52273,0.07065,25,0.19218
2023_01_HOU_BAL,2023,1,HOU,BAL,57,-0.35899,0.2807,-0.34566,39,-0.38788
2023_01_JAX_IND,2023,1,IND,JAX,69,-0.35877,0.34783,-0.15985,46,-0.7566
2023_01_JAX_IND,2023,1,JAX,IND,68,-0.25028,0.48529,-0.2579,36,-0.24171
2023_01_LA_SEA,2023,1,LA,SEA,66,0.31404,0.51515,0.5654,38,-0.02709
2023_01_LA_SEA,2023,1,SEA,LA,46,-0.01016,0.5,0.00997,30,-0.04791
2023_01_LV_DEN,2023,1,DEN,LV,63,0.07133,0.47619,0.19825,41,-0.16519
2023_01_LV_DEN,2023,1,LV,DEN,55,0.17268,0.38182,0.53841,32,-0.33615
2023_01_MIA_LAC,2023,1,LAC,MIA,80,0.17005,0.5875,0.06414,44,0.29951
2023_01_MIA_LAC,2023,1,MIA,LAC,65,0.33956,0.52308,0.63963,47,-0.44395
2023_01_PHI_NE,2023,1,NE,PHI,80,-0.20127,0.4,-0.20651,59,-0.18656
2023_01_PHI_NE,2023,1,PHI,NE,65,-0.13439,0.36923,-0.09074,42,-0.21409
2023_01_SF_PIT,2023,1,PIT,SF,30,-0.38601,0.33333,-0.32898,25,-0.67115
2023_01_SF_PIT,2023,1,SF,PIT,36,0.48154,0.47222,0.66878,21,0.21939
2023_01_TB_MIN,2023,1,MIN,TB,64,-0.0989,0.40625,0.04186,48,-0.5212
2023_01_TB_MIN,2023,1,TB,MIN,65,-0.10446,0.33846,-0.0142,38,-0.23149
2023_01_TEN_NO,2023,1,NO,TEN,63,-0.06761,0.36508,0.14345,39,-0.41059
2023_01_TEN_NO,2023,1,TEN,NO,63,-0.17666,0.31746,-0.24809,43,-0.02308
2023_02_BAL_CIN,2023,2,BAL,CIN,74,0.22459,0.58108,0.28104,45,0.137
2023_02_BAL_CIN,2023,2,CIN,BAL,60,0.04563,0.48333,0.05556,45,0.01585
2023_02_CHI_TB,2023,2,CHI,TB,49,-0.09277,0.42857,-0.11481,34,-0.04282
2023_02_CHI_TB,2023,2,TB,CHI,69,0.19192,0.43478,0.33505,39,0.00584
2023_02_CLE_PIT,2023,2,CLE,PIT,87,-0.22077,0.4023,-0.32545,52,-0.06523
2023_02_CLE_PIT,2023,2,PIT,CLE,51,-0.39197,0.27451,-0.42039,32,-0.34409
2023_02_GB_ATL,2023,2,ATL,GB,81,0.0968,0.49383,0.07087,42,0.12473
2023_02_GB_ATL,2023,2,GB,ATL,49,0.19149,0.5102,0.40507,29,-0.11821
2023_02_IND_HOU,2023,2,HOU,IND,47,-0.19988,0.3617,-0.2416,29,-0.13267
2023_02_IND_HOU,2023,2,IND,HOU,40,0.44516,0.625,0.45064,26,0.43497
2023_02_KC_JAX,2023,2,JAX,KC,66,-0.2586,0.39394,-0.28584,52,-0.15746
2023_02_KC_JAX,2023,2,KC,JAX,59,0.03428,0.35593,0.03097,47,0.04725
2023_02_LAC_TEN,2023,2,LAC,TEN,68,0.0759,0.42647,0.19983,47,-0.20146
2023_02_LAC_TEN,2023,2,TEN,LAC,65,0.07918,0.44615,0.19139,31,-0.02313
2023_02_LV_BUF,2023,2,BUF,LV,53,0.28615,0.54717,0.29323,32,0.27537
2023_02_LV_BUF,2023,2,LV,BUF,26,-0.04893,0.38462,0.11906,18,-0.42691
2023_02_MIA_NE,2023,2,MIA,NE,59,0.22627,0.54237,0.37167,33,0.04173
2023_02_MIA_NE,2023,2,NE,MIA,67,-0.11614,0.52239,-0.14749,44,-0.05616
2023_02_MIN_PHI,2023,2,MIN,PHI,35,-0.33025,0.4,-0.16863,29,-1.11141
2023_02_MIN_PHI,2023,2,PHI,MIN,59,0.17375,0.52542,0.18012,24,0.16939
2023_02_NO_CAR,2023,2,CAR,NO,50,-0.22463,0.4,-0.22941,33,-0.21536
2023_02_NO_CAR,2023,2,NO,CAR,73,0.049,0.47945,0.016,43,0.0963
2023_02_NYG_ARI,2023,2,ARI,NYG,53,0.24352,0.4717,0.43386,29,0.01353
2023_02_NYG_ARI,2023,2,NYG,ARI,56,0.17995,0.51786,0.23208,36,0.08612
2023_02_NYJ_DAL,2023,2,DAL,NYJ,62,0.15663,0.45161,0.33969,36,-0.09684
2023_02_NYJ_DAL,2023,2,NYJ,DAL,31,-0.29405,0.3871,-0.0138,19,-0.73778
2023_02_SEA_DET,2023,2,DET,SEA,66,-0.03262,0.5,0.16643,39,-0.32012
2023_02_SEA_DET,2023,2,SEA,DET,70,0.21844,0.52857,0.27143,48,0.10284
2023_02_SF_LA,2023,2,LA,SF,66,-0.03054,0.48485,-0.13524,48,0.24865
2023_02_SF_LA,2023,2,SF,LA,50,0.26211,0.52,0.23756,27,0.29093
2023_02_WAS_DEN,2023,2,DEN,WAS,57,0.04256,0.4386,-0.01765,38,0.16298
2023_02_WAS_DEN,2023,2,WAS,DEN,70,0.25455,0.5,0.2324,51,0.31403
2023_03_ATL_DET,2023,3,ATL,DET,47,-0.35256,0.2766,-0.37068,31,-0.31746
2023_03_ATL_DET,2023,3,DET,ATL,60,-0.0713,0.36667,0.06004,37,-0.28258
2023_03_BUF_WAS,2023,3,BUF,WAS,44,0.12881,0.38636,0.22695,31,-0.10523
2023_03_BUF_WAS,2023,3,WAS,BUF,40,-0.4222,0.45,-0.62277,27,-0.00564
2023_03_CAR_SEA,2023,3,CAR,SEA,66,0.06337,0.36364,0.1232,53,-0.18055
2023_03_CAR_SEA,2023,3,SEA,CAR,65,0.13342,0.52308,0.07519,39,0.22077
2023_03_CHI_KC,2023,3,CHI,KC,17,-0.47216,0.29412,-0.91761,8,-0.0762
2023_03_CHI_KC,2023,3,KC,CHI,34,0.48372,0.58824,0.56539,22,0.33399
2023_03_DAL_ARI,2023,3,ARI,DAL,53,0.22256,0.50943,0.16602,30,0.29629
2023_03_DAL_ARI,2023,3,DAL,ARI,80,0.04749,0.475,-0.03469,50,0.18447
2023_03_DEN_MIA,2023,3,DEN,MIA,26,-0.13455,0.34615,-0.16399,17,-0.07894
2023_03_DEN_MIA,2023,3,MIA,DEN,34,0.53351,0.73529,0.88194,17,0.18508
2023_03_HOU_JAX,2023,3,HOU,JAX,42,0.31038,0.52381,0.53592,27,-0.0956
2023_03_HOU_JAX,2023,3,JAX,HOU,54,-0.04752,0.44444,-0.06825,32,-0.01737
2023_03_IND_BAL,2023,3,BAL,IND,72,-0.14479,0.48611,-0.20929,40,-0.06417
2023_03_IND_BAL,2023,3,IND,BAL,84,-0.15425,0.39286,-0.1718,49,-0.12968
2023_03_LAC_MIN,2023,3,LAC,MIN,65,0.15947,0.49231,0.40096,51,-0.72023
2023_03_LAC_MIN,2023,3,MIN,LAC,83,0.01468,0.48193,0.02842,58,-0.01718
2023_03_LA_CIN,2023,3,CIN,LA,71,-0.06607,0.35211,-0.10605,53,0.05166
2023_03_LA_CIN,2023,3,LA,CIN,53,-0.26609,0.35849,-0.32183,41,-0.07567
2023_03_NE_NYJ,2023,3,NE,NYJ,68,-0.00955,0.38235,0.14736,31,-0.14102
2023_03_NE_NYJ,2023,3,NYJ,NE,62,-0.3254,0.29032,-0.34978,41,-0.27781
2023_03_NO_GB,2023,3,GB,NO,67,0.01001,0.41791,0.06006,48,-0.11641
2023_03_NO_GB,2023,3,NO,GB,52,-0.0295,0.46154,-0.02635,32,-0.03453
2023_03_NYG_SF,2023,3,NYG,SF,41,-0.15864,0.39024,-0.1831,32,-0.07167
2023_03_NYG_SF,2023,3,SF,NYG,66,0.18921,0.4697,0.34022,39,-0.02892
2023_03_PHI_TB,2023,3,PHI,TB,52,0.13681,0.55769,0.09998,30,0.18704
2023_03_PHI_TB,2023,3,TB,PHI,36,-0.36937,0.30556,-0.31264,24,-0.48284
2023_03_PIT_LV,2023,3,LV,PIT,60,-0.16479,0.46667,-0.11609,44,-0.29873
2023_03_PIT_LV,2023,3,PIT,LV,57,0.07648,0.38596,0.35549,30,-0.23354
2023_03_TEN_CLE,2023,3,CLE,TEN,47,0.12732,0.51064,0.35405,30,-0.2728
2023_03_TEN_CLE,2023,3,TEN,CLE,35,-0.32185,0.25714,-0.2319,26,-0.58171
2023_04_ARI_SF,2023,4,ARI,SF,61,0.18575,0.47541,0.2658,38,0.0535
2023_04_ARI_SF,2023,4,SF,ARI,38,0.56057,0.71053,0.91459,21,0.12325
2023_04_ATL_JAX,2023,4,ATL,JAX,50,-0.2559,0.42,-0.49708,30,0.10586
2023_04_ATL_JAX,2023,4,JAX,ATL,52,0.01489,0.34615,0.16672,36,-0.32671
2023_04_BAL_CLE,2023,4,BAL,CLE,41,0.14469,0.5122,0.14124,22,0.14868
2023_04_BAL_CLE,2023,4,CLE,BAL,38,-0.55877,0.28947,-0.53936,25,-0.59608
2023_04_CIN_TEN,2023,4,CIN,TEN,31,-0.09007,0.48387,-0.14623,20,0.01202
2023_04_CIN_TEN,2023,4,TEN,CIN,32,0.39411,0.59375,0.38924,19,0.40123
2023_04_DEN_CHI,2023,4,CHI,DEN,64,0.14819,0.51562,0.29208,38,-0.0621
2023_04_DEN_CHI,2023,4,DEN,CHI,40,0.23693,0.45,0.40554,27,-0.11327
2023_04_DET_GB,2023,4,DET,GB,51,0.15286,0.4902,0.16481,25,0.14137
2023_04_DET_GB,2023,4,GB,DET,33,-0.53562,0.21212,-0.59475,24,-0.37792
2023_04_KC_NYJ,2023,4,KC,NYJ,68,0.14989,0.47059,0.20142,39,0.0806
2023_04_KC_NYJ,2023,4,NYJ,KC,59,0.00898,0.38983,0.07131,43,-0.15854
2023_04_LA_IND,2023,4,IND,LA,54,-0.14747,0.35185,0.09958,29,-0.43406
2023_04_LA_IND,2023,4,LA,IND,63,0.25811,0.49206,0.44869,37,-0.01309
2023_04_LV_LAC,2023,4,LAC,LV,51,0.07611,0.35294,0.16345,27,-0.02214
2023_04_LV_LAC,2023,4,LV,LAC,67,-0.24473,0.43284,-0.2857,44,-0.16635
2023_04_MIA_BUF,2023,4,BUF,MIA,40,0.53473,0.625,0.83503,24,0.08428
2023_04_MIA_BUF,2023,4,MIA,BUF,42,0.09629,0.47619,0.18964,30,-0.13708
2023_04_MIN_CAR,2023,4,CAR,MIN,72,-0.2319,0.38889,-0.27792,43,-0.16366
2023_04_MIN_CAR,2023,4,MIN,CAR,44,-0.12855,0.52273,-0.43263,24,0.23634
2023_04_NE_DAL,2023,4,DAL,NE,33,0.1889,0.57576,0.40828,22,-0.24987
2023_04_NE_DAL,2023,4,NE,DAL,27,-0.57531,0.37037,-0.62098,15,-0.51823
2023_04_PIT_HOU,2023,4,HOU,PIT,58,0.05941,0.41379,0.27102,30,-0.16732
2023_04_PIT_HOU,2023,4,PIT,HOU,49,-0.24694,0.32653,-0.35423,30,-0.07753
2023_04_SEA_NYG,2023,4,NYG,SEA,51,-0.48034,0.37255,-0.56544,32,-0.33701
2023_04_SEA_NYG,2023,4,SEA,NYG,43,-0.06907,0.4186,-0.03172,26,-0.12619
2023_04_TB_NO,2023,4,NO,TB,59,-0.20033,0.33898,-0.14145,42,-0.3458
2023_04_TB_NO,2023,4,TB,NO,58,0.11056,0.46552,0.26866,39,-0.21397
2023_04_WAS_PHI,2023,4,PHI,WAS,71,0.18787,0.49296,0.28076,46,0.01695
2023_04_WAS_PHI,2023,4,WAS,PHI,78,0.21833,0.42308,0.25307,54,0.14017
2023_05_BAL_PIT,2023,5,BAL,PIT,66,-0.22365,0.42424,-0.3915,43,0.09015
2023_05_BAL_PIT,2023,5,PIT,BAL,61,-0.02825,0.34426,0.07126,37,-0.18167
2023_05_CAR_DET,2023,5,CAR,DET,41,-0.2697,0.43902,-0.1575,26,-0.46417
2023_05_CAR_DET,2023,5,DET,CAR,30,0.40697,0.53333,0.43512,19,0.35834
2023_05_CHI_WAS,2023,5,CHI,WAS,53,0.28552,0.43396,0.19333,30,0.40576
2023_05_CHI_WAS,2023,5,WAS,CHI,46,-0.1554,0.3913,-0.10329,39,-0.44574
2023_05_CIN_ARI,2023,5,ARI,CIN,45,-0.22484,0.37778,-0.38587,24,-0.0408
2023_05_CIN_ARI,2023,5,CIN,ARI,69,0.09679,0.55072,0.28341,46,-0.27646
2023_05_DAL_SF,2023,5,DAL,SF,32,-0.35259,0.34375,-0.15582,22,-0.78548
2023_05_DAL_SF,2023,5,SF,DAL,47,0.28167,0.61702,0.69063,24,-0.14507
2023_05_GB_LV,2023,5,GB,LV,58,-0.20173,0.44828,-0.40887,35,0.11348
2023_05_GB_LV,2023,5,LV,GB,61,-0.07997,0.47541,-0.06639,35,-0.09826
2023_05_HOU_ATL,2023,5,ATL,HOU,74,-0.02724,0.47297,0.25765,40,-0.36241
2023_05_HOU_ATL,2023,5,HOU,ATL,59,-0.06331,0.38983,0.09479,36,-0.31076
2023_05_JAX_BUF,2023,5,BUF,JAX,55,0.01843,0.47273,0.08516,44,-0.24848
2023_05_JAX_BUF,2023,5,JAX,BUF,86,0.20609,0.48837,0.29854,52,0.06471
2023_05_KC_MIN,2023,5,KC,MIN,64,0.21451,0.45312,0.45698,42,-0.24839
2023_05_KC_MIN,2023,5,MIN,KC,69,-0.00077,0.42029,-0.06121,51,0.17049
2023_05_NO_NE,2023,5,NE,NO,31,-0.60451,0.25806,-0.54341,20,-0.71559
2023_05_NO_NE,2023,5,NO,NE,34,0.23185,0.44118,0.3491,18,0.09994
2023_05_NYG_MIA,2023,5,MIA,NYG,39,0.18434,0.64103,0.03657,27,0.51683
2023_05_NYG_MIA,2023,5,NYG,MIA,46,-0.09131,0.3913,0.05721,24,-0.25334
2023_05_NYJ_DEN,2023,5,DEN,NYJ,58,-0.22509,0.37931,-0.1587,39,-0.36135
2023_05_NYJ_DEN,2023,5,NYJ,DEN,65,-0.02442,0.44615,-0.21485,35,0.19774
2023_05_PHI_LA,2023,5,LA,PHI,50,0.05174,0.42,-0.00015,37,0.19942
2023_05_PHI_LA,2023,5,PHI,LA,72,0.23282,0.51389,0.29354,44,0.13739
2023_05_TEN_IND,2023,5,IND,TEN,62,0.24786,0.43548,0.33131,32,0.15886
2023_05_TEN_IND,2023,5,TEN,IND,56,0.10824,0.44643,0.27506,35,-0.16979
2023_06_ARI_LA,2023,6,ARI,LA,52,-0.21065,0.40385,-0.13029,26,-0.29101
2023_06_ARI_LA,2023,6,LA,ARI,49,0.19544,0.55102,0.16954,26,0.22472
2023_06_BAL_TEN,2023,6,BAL,TEN,65,0.05598,0.50769,0.19493,36,-0.11652
2023_06_BAL_TEN,2023,6,TEN,BAL,43,-0.13567,0.4186,-0.19735,25,-0.04999
2023_06_CAR_MIA,2023,6,CAR,MIA,53,-0.00467,0.39623,-0.13181,30,0.16116
2023_06_CAR_MIA,2023,6,MIA,CAR,39,0.38895,0.51282,0.67257,23,-0.01874
2023_06_DAL_LAC,2023,6,DAL,LAC,62,0.06963,0.41935,0.24015,41,-0.26328
2023_06_DAL_LAC,2023,6,LAC,DAL,72,-0.11988,0.36111,-0.01692,53,-0.4071
2023_06_DEN_KC,2023,6,DEN,KC,34,-0.41621,0.41176,-0.91951,18,0.15
2023_06_DEN_KC,2023,6,KC,DEN,49,0.03722,0.59184,0.15744,35,-0.26335
2023_06_DET_TB,2023,6,DET,TB,57,0.15008,0.4386,0.43268,40,-0.51485
2023_06_DET_TB,2023,6,TB,DET,42,-0.32883,0.35714,-0.36801,28,-0.25048
2023_06_IND_JAX,2023,6,IND,JAX,43,-0.33084,0.37209,-0.32065,33,-0.36447
2023_06_IND_JAX,2023,6,JAX,IND,37,0.10678,0.48649,0.04194,22,0.20187
2023_06_MIN_CHI,2023,6,CHI,MIN,65,-0.30032,0.49231,-0.63777,33,0.04766
2023_06_MIN_CHI,2023,6,MIN,CHI,43,-0.16921,0.39535,-0.17928,31,-0.14321
2023_06_NE_LV,2023,6,LV,NE,67,-0.01433,0.37313,0.29239,36,-0.37052
2023_06_NE_LV,2023,6,NE,LV,59,0.00509,0.50847,-0.08672,39,0.18412
2023_06_NO_HOU,2023,6,HOU,NO,61,0.04522,0.44262,0.12537,33,-0.04923
2023_06_NO_HOU,2023,6,NO,HOU,82,0.02843,0.5,0.08528,57,-0.1012
2023_06_NYG_BUF,2023,6,BUF,NYG,58,0.01845,0.51724,-0.02952,33,0.08176
2023_06_NYG_BUF,2023,6,NYG,BUF,75,-0.12147,0.44,-0.00161,46,-0.31159
2023_06_PHI_NYJ,2023,6,NYJ,PHI,63,-0.09853,0.39683,-0.17092,45,0.08245
2023_06_PHI_NYJ,2023,6,PHI,NYJ,70,-0.12887,0.41429,-0.18888,51,0.03222
2023_06_SEA_CIN,2023,6,CIN,SEA,53,-0.08789,0.4717,-0.05718,40,-0.1824
2023_06_SEA_CIN,2023,6,SEA,CIN,73,-0.07003,0.46575,-0.0667,51,-0.07774
2023_06_SF_CLE,2023,6,CLE,SF,75,-0.18222,0.34667,-0.37639,41,0.05193
2023_06_SF_CLE,2023,6,SF,CLE,60,-0.14153,0.35,-0.2533,35,0.01494
2023_06_WAS_ATL,2023,6,ATL,WAS,80,-0.09842,0.3875,-0.00177,52,-0.27792
2023_06_WAS_ATL,2023,6,WAS,ATL,46,0.02495,0.3913,0.01572,29,0.04071
2023_07_ARI_SEA,2023,7,ARI,SEA,61,-0.19707,0.32787,-0.32144,37,-0.00534
2023_07_ARI_SEA,2023,7,SEA,ARI,54,0.02453,0.46296,0.36172,28,-0.33859
2023_07_ATL_TB,2023,7,ATL,TB,65,-0.02821,0.44615,0.36238,29,-0.34284
2023_07_ATL_TB,2023,7,TB,ATL,72,-0.06659,0.38889,0.06469,52,-0.40793
2023_07_BUF_NE,2023,7,BUF,NE,71,0.16167,0.52113,0.23892,50,-0.02227
2023_07_BUF_NE,2023,7,NE,BUF,58,0.18249,0.53448,0.28494,36,0.01483
2023_07_CLE_IND,2023,7,CLE,IND,73,-0.13027,0.35616,-0.17405,41,-0.07418
2023_07_CLE_IND,2023,7,IND,CLE,70,-0.06512,0.41429,0.11842,33,-0.22881
2023_07_DET_BAL,2023,7,BAL,DET,28,0.62118,0.53571,0.62779,23,0.5908
2023_07_DET_BAL,2023,7,DET,BAL,9,-0.72515,0.11111,-0.99903,6,-0.17739
2023_07_GB_DEN,2023,7,DEN,GB,59,0.09672,0.44068,0.22552,34,-0.07846
2023_07_GB_DEN,2023,7,GB,DEN,64,0.14948,0.45312,0.33862,35,-0.07879
2023_07_JAX_NO,2023,7,JAX,NO,54,0.00774,0.42593,0.21992,36,-0.41662
2023_07_JAX_NO,2023,7,NO,JAX,90,-0.13541,0.37778,-0.27782,62,0.17993
2023_07_LAC_KC,2023,7,KC,LAC,65,0.21499,0.49231,0.44818,47,-0.3939
2023_07_LAC_KC,2023,7,LAC,KC,53,0.06417,0.39623,0.04875,29,0.08281
2023_07_LV_CHI,2023,7,CHI,LV,55,0.21426,0.56364,0.21226,31,0.21683
2023_07_LV_CHI,2023,7,LV,CHI,35,-0.12217,0.4,-0.0661,22,-0.21706
2023_07_MIA_PHI,2023,7,MIA,PHI,45,-0.09006,0.44444,-0.06066,33,-0.17089
2023_07_MIA_PHI,2023,7,PHI,MIA,65,0.09763,0.47692,0.16827,38,-0.00178
2023_07_PIT_LA,2023,7,LA,PIT,68,-0.04147,0.42647,-0.0235,38,-0.06423
2023_07_PIT_LA,2023,7,PIT,LA,54,0.02544,0.5,-0.00783,29,0.06404
2023_07_SF_MIN,2023,7,MIN,SF,68,0.16836,0.42647,0.32697,47,-0.18661
2023_07_SF_MIN,2023,7,SF,MIN,51,0.07834,0.56863,0.30287,32,-0.29982
2023_07_WAS_NYG,2023,7,NYG,WAS,65,-0.04861,0.44615,0.12303,39,-0.30607
2023_07_WAS_NYG,2023,7,WAS,NYG,69,-0.22651,0.36232,-0.25273,50,-0.1575
2023_08_ATL_TEN,2023,8,ATL,TEN,62,-0.08582,0.40323,-0.19138,40,0.1061
2023_08_ATL_TEN,2023,8,TEN,ATL,66,0.03993,0.40909,0.12655,34,-0.0521
2023_08_BAL_ARI,2023,8,ARI,BAL,49,-0.41933,0.42857,-0.62051,21,-0.26845
2023_08_BAL_ARI,2023,8,BAL,ARI,48,0.00975,0.4375,-0.08109,33,0.20958
2023_08_CHI_LAC,2023,8,CHI,LAC,30,-0.04409,0.4,-0.0087,17,-0.09036
2023_08_CHI_LAC,2023,8,LAC,CHI,42,0.47076,0.54762,0.72712,32,-0.34959
2023_08_CIN_SF,2023,8,CIN,SF,57,0.26348,0.59649,0.32539,39,0.12934
2023_08_CIN_SF,2023,8,SF,CIN,51,-0.00422,0.5098,0.16911,32,-0.29614
2023_08_CLE_SEA,2023,8,CLE,SEA,76,0.01944,0.44737,0.09162,39,-0.05664
2023_08_CLE_SEA,2023,8,SEA,CLE,56,0.06476,0.46429,0.04814,39,0.10287
2023_08_HOU_CAR,2023,8,CAR,HOU,67,-0.10476,0.35821,0.09972,44,-0.49596
2023_08_HOU_CAR,2023,8,HOU,CAR,58,-0.04584,0.39655,-0.1358,29,0.04411
2023_08_JAX_PIT,2023,8,JAX,PIT,68,-0.03232,0.5,0.11174,39,-0.22607
2023_08_JAX_PIT,2023,8,PIT,JAX,53,-0.15493,0.39623,-0.13928,39,-0.19852
2023_08_KC_DEN,2023,8,DEN,KC,62,0.02215,0.41935,-0.00619,32,0.05238
2023_08_KC_DEN,2023,8,KC,DEN,52,-0.23494,0.46154,-0.23066,39,-0.24779
2023_08_LA_DAL,2023,8,DAL,LA,26,0.28912,0.61538,0.40311,17,0.07379
2023_08_LA_DAL,2023,8,LA,DAL,14,-0.5991,0.35714,-0.77846,10,-0.15068
2023_08_LV_DET,2023,8,DET,LV,74,-0.10253,0.44595,-0.14324,37,-0.06181
2023_08_LV_DET,2023,8,LV,DET,34,-0.43264,0.5,-0.91762,17,0.05234
2023_08_MIN_GB,2023,8,GB,MIN,54,-0.25007,0.37037,-0.23568,42,-0.30042
2023_08_MIN_GB,2023,8,MIN,GB,51,0.37224,0.5098,0.63336,31,-0.03251
2023_08_NE_MIA,2023,8,MIA,NE,65,0.19372,0.47692,0.4784,45,-0.44682
2023_08_NE_MIA,2023,8,NE,MIA,43,-0.23798,0.34884,-0.28837,26,-0.16092
2023_08_NO_IND,2023,8,IND,NO,62,-0.00494,0.3871,-0.1401,38,0.20907
2023_08_NO_IND,2023,8,NO,IND,59,0.39077,0.52542,0.57717,31,0.18441
2023_08_NYJ_NYG,2023,8,NYG,NYJ,72,-0.3033,0.25,-0.71586,26,-0.07012
2023_08_NYJ_NYG,2023,8,NYJ,NYG,63,-0.36434,0.33333,-0.28066,44,-0.55813
2023_08_PHI_WAS,2023,8,PHI,WAS,58,0.22915,0.41379,0.72094,42,-1.06179
2023_08_PHI_WAS,2023,8,WAS,PHI,68,-0.03738,0.47059,-0.01879,53,-0.10303
2023_08_TB_BUF,2023,8,BUF,TB,49,0.19021,0.59184,0.18013,33,0.21101
2023_08_TB_BUF,2023,8,TB,BUF,43,-0.02532,0.39535,0.04093,30,-0.17819
2023_09_ARI_CLE,2023,9,ARI,CLE,27,-0.87434,0.11111,-1.18786,18,-0.24731
2023_09_ARI_CLE,2023,9,CLE,ARI,47,-0.12953,0.34043,-0.19841,28,-0.02803
2023_09_BUF_CIN,2023,9,BUF,CIN,55,0.04147,0.54545,0.00697,44,0.17949
2023_09_BUF_CIN,2023,9,CIN,BUF,60,0.20945,0.48333,0.32152,45,-0.12676
2023_09_CHI_NO,2023,9,CHI,NO,68,-0.16548,0.41176,-0.09768,39,-0.25666
2023_09_CHI_NO,2023,9,NO,CHI,58,-0.06084,0.46552,0.12838,37,-0.39422
2023_09_DAL_PHI,2023,9,DAL,PHI,74,0.14075,0.48649,0.24783,56,-0.19238
2023_09_DAL_PHI,2023,9,PHI,DAL,58,0.27598,0.55172,0.39008,35,0.10236
2023_09_IND_CAR,2023,9,CAR,IND,50,-0.32261,0.4,-0.55535,28,-0.0264
2023_09_IND_CAR,2023,9,IND,CAR,49,0.03058,0.44898,0.1872,28,-0.17824
2023_09_LAC_NYJ,2023,9,LAC,NYJ,51,-0.08097,0.35294,-0.09472,37,-0.04465
2023_09_LAC_NYJ,2023,9,NYJ,LAC,58,-0.312,0.32759,-0.32989,37,-0.28049
2023_09_LA_GB,2023,9,GB,LA,56,-0.21,0.42857,-0.09748,25,-0.30075
2023_09_LA_GB,2023,9,LA,GB,52,-0.38996,0.32692,-0.30509,29,-0.49697
2023_09_MIA_KC,2023,9,KC,MIA,46,0.04346,0.45652,0.10577,29,-0.06285
2023_09_MIA_KC,2023,9,MIA,KC,55,-0.25557,0.38182,-0.38331,35,-0.03201
2023_09_MIN_ATL,2023,9,ATL,MIN,68,-0.14726,0.33824,-0.03342,42,-0.33116
2023_09_MIN_ATL,2023,9,MIN,ATL,74,-0.01227,0.40541,0.15336,49,-0.33691
2023_09_NYG_LV,2023,9,LV,NYG,24,0.44734,0.58333,0.9052,9,0.17262
2023_09_NYG_LV,2023,9,NYG,LV,29,-0.55911,0.34483,-0.84594,17,-0.15278
2023_09_SEA_BAL,2023,9,BAL,SEA,42,0.06692,0.54762,-0.22292,23,0.41778
2023_09_SEA_BAL,2023,9,SEA,BAL,32,-0.46749,0.25,-0.50192,21,-0.40176
2023_09_TB_HOU,2023,9,HOU,TB,71,0.20026,0.43662,0.42266,51,-0.36685
2023_09_TB_HOU,2023,9,TB,HOU,66,0.16915,0.39394,0.37444,37,-0.09277
2023_09_TEN_PIT,2023,9,PIT,TEN,63,0.16644,0.50794,0.18714,34,0.14217
2023_09_TEN_PIT,2023,9,TEN,PIT,73,0.03561,0.42466,0.00364,48,0.09699
2023_09_WAS_NE,2023,9,NE,WAS,63,-0.04915,0.36508,-0.08396,47,0.05308
2023_09_WAS_NE,2023,9,WAS,NE,77,0.04511,0.42857,0.15528,52,-0.18403
2023_10_ATL_ARI,2023,10,ARI,ATL,64,-0.02299,0.48438,-0.13412,40,0.16222
2023_10_ATL_ARI,2023,10,ATL,ARI,70,0.02279,0.41429,0.07571,32,-0.02176
2023_10_CAR_CHI,2023,10,CAR,CHI,60,-0.14659,0.26667,-0.07229,47,-0.41523
2023_10_CAR_CHI,2023,10,CHI,CAR,69,-0.06221,0.43478,-0.10344,39,-0.00862
2023_10_CLE_BAL,2023,10,BAL,CLE,54,-0.01564,0.46296,0.02895,34,-0.09146
2023_10_CLE_BAL,2023,10,CLE,BAL,74,0.04365,0.44595,-0.04501,45,0.18122
2023_10_DEN_BUF,2023,10,BUF,DEN,54,-0.08315,0.5,-0.28002,29,0.14521
2023_10_DEN_BUF,2023,10,DEN,BUF,73,-0.00179,0.38356,0.11298,41,-0.14884
2023_10_DET_LAC,2023,10,DET,LAC,63,0.42856,0.55556,0.41737,35,0.44254
2023_10_DET_LAC,2023,10,LAC,DET,72,0.26746,0.5,0.49014,45,-0.10366
2023_10_GB_PIT,2023,10,GB,PIT,67,0.06077,0.38806,0.11902,45,-0.05837
2023_10_GB_PIT,2023,10,PIT,GB,65,0.06397,0.49231,-0.06073,30,0.17085
2023_10_HOU_CIN,2023,10,CIN,HOU,63,0.02976,0.39683,0.08759,51,-0.21603
2023_10_HOU_CIN,2023,10,HOU,CIN,69,0.27969,0.47826,0.43797,40,0.06136
2023_10_IND_NE,2023,10,IND,NE,56,-0.04252,0.42857,0.03176,31,-0.13463
2023_10_IND_NE,2023,10,NE,IND,69,-0.0064,0.52174,-0.09537,34,0.08003
2023_10_NO_MIN,2023,10,MIN,NO,50,0.24703,0.54,0.43586,35,-0.19357
2023_10_NO_MIN,2023,10,NO,MIN,44,-0.26907,0.34091,-0.40494,30,0.02209
2023_10_NYG_DAL,2023,10,DAL,NYG,35,0.14666,0.54286,0.14213,19,0.15203
2023_10_NYG_DAL,2023,10,NYG,DAL,21,-0.7574,0.14286,-0.61323,13,-0.99167
2023_10_NYJ_LV,2023,10,LV,NYJ,61,-0.20658,0.44262,-0.37272,31,-0.0349
2023_10_NYJ_LV,2023,10,NYJ,LV,66,-0.18885,0.37879,-0.06713,47,-0.48996
2023_10_SF_JAX,2023,10,JAX,SF,45,-0.27139,0.37778,-0.34414,32,-0.0923
2023_10_SF_JAX,2023,10,SF,JAX,37,0.24031,0.51351,0.33702,25,0.03883
2023_10_TEN_TB,2023,10,TB,TEN,50,0.14447,0.4,0.36165,32,-0.24162
2023_10_TEN_TB,2023,10,TEN,TB,47,-0.08005,0.42553,0.01874,31,-0.27145
2023_10_WAS_SEA,2023,10,SEA,WAS,79,0.12284,0.46835,0.16588,54,0.02989
2023_10_WAS_SEA,2023,10,WAS,SEA,61,0.10916,0.40984,0.24805,47,-0.35714
2023_11_ARI_HOU,2023,11,ARI,HOU,61,-0.07059,0.42623,-0.10174,39,-0.01537
2023_11_ARI_HOU,2023,11,HOU,ARI,66,-0.05288,0.45455,0.04919,42,-0.2315
2023_11_CHI_DET,2023,11,CHI,DET,71,0.07674,0.50704,0.25111,33,-0.07469
2023_11_CHI_DET,2023,11,DET,CHI,57,0.00918,0.54386,-0.1129,37,0.23502
2023_11_CIN_BAL,2023,11,BAL,CIN,50,0.18727,0.48,0.26055,34,0.03154
2023_11_CIN_BAL,2023,11,CIN,BAL,49,0.06611,0.46939,0.04627,34,0.11109
2023_11_DAL_CAR,2023,11,CAR,DAL,49,-0.19002,0.40816,-0.39328,28,0.08099
2023_11_DAL_CAR,2023,11,DAL,CAR,55,0.27937,0.47273,0.31604,39,0.19
2023_11_LAC_GB,2023,11,GB,LAC,71,0.12376,0.4507,0.28599,45,-0.15702
2023_11_LAC_GB,2023,11,LAC,GB,63,0.05,0.4127,0.2267,46,-0.42813
2023_11_LV_MIA,2023,11,LV,MIA,61,-0.27686,0.34426,-0.24389,44,-0.36219
2023_11_LV_MIA,2023,11,MIA,LV,66,-0.05963,0.39394,-0.01181,41,-0.13806
2023_11_MIN_DEN,2023,11,DEN,MIN,54,-0.08027,0.38889,0.00438,38,-0.28131
2023_11_MIN_DEN,2023,11,MIN,DEN,75,-0.03497,0.46667,0.09094,41,-0.1868
2023_11_NYG_WAS,2023,11,NYG,WAS,55,-0.03616,0.34545,0.07169,37,-0.25784
2023_11_NYG_WAS,2023,11,WAS,NYG,74,-0.18485,0.48649,-0.16681,50,-0.22243
2023_11_NYJ_BUF,2023,11,BUF,NYJ,57,0.1048,0.40351,0.25527,35,-0.13458
2023_11_NYJ_BUF,2023,11,NYJ,BUF,34,-0.21363,0.32353,-0.13453,25,-0.43333
2023_11_PHI_KC,2023,11,KC,PHI,78,-0.09143,0.35897,-0.15873,52,0.04319
2023_11_PHI_KC,2023,11,PHI,KC,53,-0.01741,0.39623,-0.13557,30,0.13672
2023_11_PIT_CLE,2023,11,CLE,PIT,73,-0.14715,0.36986,-0.22882,45,-0.0159
2023_11_PIT_CLE,2023,11,PIT,CLE,57,-0.12307,0.35088,-0.36074,34,0.22827
2023_11_SEA_LA,2023,11,LA,SEA,66,-0.07048,0.42424,-0.00853,41,-0.17208
2023_11_SEA_LA,2023,11,SEA,LA,63,-0.044,0.34921,-0.02687,42,-0.07825
2023_11_TB_SF,2023,11,SF,TB,39,0.47201,0.5641,0.69636,26,0.0233
2023_11_TB_SF,2023,11,TB,SF,54,-0.13531,0.46296,-0.20217,40,0.05573
2023_11_TEN_JAX,2023,11,JAX,TEN,43,0.26394,0.48837,0.58284,26,-0.2238
2023_11_TEN_JAX,2023,11,TEN,JAX,23,-0.38557,0.26087,-0.36538,13,-0.41183
2023_12_BAL_LAC,2023,12,BAL,LAC,69,-0.00162,0.47826,-0.15301,38,0.18395
2023_12_BAL_LAC,2023,12,LAC,BAL,61,-0.25955,0.37705,-0.34313,46,-0.00323
2023_12_BUF_PHI,2023,12,BUF,PHI,94,0.13654,0.43617,0.27261,59,-0.09282
2023_12_BUF_PHI,2023,12,PHI,BUF,65,0.06039,0.46154,0.12075,39,-0.03014
2023_12_CAR_TEN,2023,12,CAR,TEN,74,-0.09439,0.36486,0.04786,44,-0.30302
2023_12_CAR_TEN,2023,12,TEN,CAR,49,0.04109,0.46939,-0.01558,28,0.11666
2023_12_CHI_MIN,2023,12,CHI,MIN,65,-0.12092,0.36923,-0.23301,44,0.11394
2023_12_CHI_MIN,2023,12,MIN,CHI,55,-0.36413,0.34545,-0.44188,40,-0.1568
2023_12_CLE_DEN,2023,12,CLE,DEN,61,-0.11626,0.39344,0.0013,39,-0.32466
2023_12_CLE_DEN,2023,12,DEN,CLE,53,0.11549,0.4717,0.17218,25,0.06487
2023_12_GB_DET,2023,12,DET,GB,63,-0.22303,0.38095,-0.35476,35,-0.05837
2023_12_GB_DET,2023,12,GB,DET,44,0.19453,0.5,0.46268,29,-0.32389
2023_12_JAX_HOU,2023,12,HOU,JAX,60,0.03296,0.43333,0.08275,47,-0.14704
2023_12_JAX_HOU,2023,12,JAX,HOU,73,0.10387,0.46575,0.48265,42,-0.40931
2023_12_KC_LV,2023,12,KC,LV,48,0.34374,0.54167,0.4505,33,0.10885
2023_12_KC_LV,2023,12,LV,KC,51,0.13558,0.35294,0.28464,29,-0.06092
2023_12_LA_ARI,2023,12,ARI,LA,45,-0.16116,0.35556,-0.29527,30,0.10706
2023_12_LA_ARI,2023,12,LA,ARI,46,0.32246,0.6087,0.34112,25,0.30025
2023_12_MIA_NYJ,2023,12,MIA,NYJ,56,0.02914,0.42857,0.12542,31,-0.09024
2023_12_MIA_NYJ,2023,12,NYJ,MIA,23,-0.81528,0.17391,-1.02846,15,-0.41558
2023_12_NE_NYG,2023,12,NE,NYG,68,-0.16392,0.41176,-0.44122,37,0.16705
2023_12_NE_NYG,2023,12,NYG,NE,51,-0.27645,0.29412,-0.10012,33,-0.59971
2023_12_NO_ATL,2023,12,ATL,NO,58,0.08138,0.5,0.0435,24,0.10811
2023_12_NO_ATL,2023,12,NO,ATL,64,-0.09098,0.45312,-0.0001,36,-0.20782
2023_12_PIT_CIN,2023,12,CIN,PIT,41,-0.26482,0.31707,-0.18778,32,-0.53874
2023_12_PIT_CIN,2023,12,PIT,CIN,68,0.06223,0.45588,0.26956,40,-0.23396
2023_12_SF_SEA,2023,12,SEA,SF,45,-0.27782,0.42222,-0.43801,30,0.04256
2023_12_SF_SEA,2023,12,SF,SEA,53,0.13626,0.45283,0.08477,30,0.20343
2023_12_TB_IND,2023,12,IND,TB,70,0.0532,0.47143,0.03656,46,0.08509
2023_12_TB_IND,2023,12,TB,IND,60,-0.09427,0.46667,-0.17454,40,0.06627
2023_12_WAS_DAL,2023,12,DAL,WAS,45,0.28908,0.51111,0.39746,31,0.0491
2023_12_WAS_DAL,2023,12,WAS,DAL,57,-0.00443,0.49123,0.12739,38,-0.26807
2023_13_ARI_PIT,2023,13,ARI,PIT,46,0.08283,0.36957,0.23754,26,-0.1183
2023_13_ARI_PIT,2023,13,PIT,ARI,47,-0.18629,0.44681,0.19322,21,-0.49281
2023_13_ATL_NYJ,2023,13,ATL,NYJ,67,-0.19734,0.32836,-0.08795,33,-0.30351
2023_13_ATL_NYJ,2023,13,NYJ,ATL,68,-0.33586,0.26471,-0.25585,44,-0.48253
2023_13_CAR_TB,2023,13,CAR,TB,72,-0.09599,0.44444,-0.16192,37,-0.02629
2023_13_CAR_TB,2023,13,TB,CAR,60,-0.0275,0.31667,-0.0827,34,0.04468
2023_13_CIN_JAX,2023,13,CIN,JAX,73,0.20381,0.52055,0.3145,43,0.04515
2023_13_CIN_JAX,2023,13,JAX,CIN,69,0.16605,0.47826,0.22809,47,0.0335
2023_13_CLE_LA,2023,13,CLE,LA,66,-0.01577,0.45455,-0.05142,43,0.05087
2023_13_CLE_LA,2023,13,LA,CLE,57,0.12237,0.40351,0.19833,37,-0.01815
2023_13_DEN_HOU,2023,13,DEN,HOU,59,-0.18784,0.44068,-0.33417,36,0.0412
2023_13_DEN_HOU,2023,13,HOU,DEN,67,-0.09598,0.34328,-0.07659,38,-0.12139
2023_13_DET_NO,2023,13,DET,NO,55,0.16942,0.4,0.2834,28,0.05121
2023_13_DET_NO,2023,13,NO,DET,66,-0.03622,0.45455,0.19416,31,-0.24027
2023_13_IND_TEN,2023,13,IND,TEN,70,0.00657,0.44286,0.01616,49,-0.01582
2023_13_IND_TEN,2023,13,TEN,IND,85,0.03563,0.42353,0.07248,44,-0.00391
2023_13_KC_GB,2023,13,GB,KC,64,0.28071,0.48438,0.38274,40,0.11067
2023_13_KC_GB,2023,13,KC,GB,63,0.13236,0.47619,0.09635,40,0.19498
2023_13_LAC_NE,2023,13,LAC,NE,56,-0.16345,0.41071,-0.0392,37,-0.40542
2023_13_LAC_NE,2023,13,NE,LAC,63,-0.25852,0.39683,-0.34041,34,-0.16251
2023_13_MIA_WAS,2023,13,MIA,WAS,28,0.55911,0.46429,1.18208,16,-0.27152
2023_13_MIA_WAS,2023,13,WAS,MIA,31,-0.38331,0.25806,-0.77246,19,0.23284
2023_13_SEA_DAL,2023,13,DAL,SEA,87,0.24143,0.54023,0.37896,56,-0.00699
2023_13_SEA_DAL,2023,13,SEA,DAL,68,0.25498,0.48529,0.48601,47,-0.26209
2023_13_SF_PHI,2023,13,PHI,SF,47,0.02329,0.2766,0.15233,35,-0.35306
2023_13_SF_PHI,2023,13,SF,PHI,41,0.50963,0.65854,0.64348,26,0.27763
2023_14_BUF_KC,2023,14,BUF,KC,74,-0.00142,0.40541,-0.05793,51,0.1239
2023_14_BUF_KC,2023,14,KC,BUF,66,-0.09125,0.48485,-0.17491,47,0.1157
2023_14_CAR_NO,2023,14,CAR,NO,66,-0.30308,0.36364,-0.5774,32,-0.04489
2023_14_CAR_NO,2023,14,NO,CAR,42,-0.34428,0.42857,-0.70177,22,0.04896
2023_14_DEN_LAC,2023,14,DEN,LAC,46,-0.0843,0.43478,-0.13949,29,0.00984
2023_14_DEN_LAC,2023,14,LAC,DEN,45,-0.65165,0.31111,-0.80575,28,-0.39784
2023_14_DET_CHI,2023,14,CHI,DET,57,0.10094,0.35088,0.27423,39,-0.27453
2023_14_DET_CHI,2023,14,DET,CHI,48,-0.15543,0.41667,-0.08348,27,-0.24793
2023_14_GB_NYG,2023,14,GB,NYG,68,-0.01102,0.41176,0.03529,43,-0.09067
2023_14_GB_NYG,2023,14,NYG,GB,55,0.03426,0.54545,0.24842,28,-0.18783
2023_14_HOU_NYJ,2023,14,HOU,NYJ,42,-0.23588,0.30952,-0.36212,26,-0.03073
2023_14_HOU_NYJ,2023,14,NYJ,HOU,55,0.19444,0.45455,0.291,38,-0.02139
2023_14_IND_CIN,2023,14,CIN,IND,43,0.23675,0.48837,0.36351,24,0.07663
2023_14_IND_CIN,2023,14,IND,CIN,45,0.05449,0.46667,0.19201,31,-0.25003
2023_14_JAX_CLE,2023,14,CLE,JAX,72,-0.13541,0.41667,-0.17807,47,-0.0552
2023_14_JAX_CLE,2023,14,JAX,CLE,66,-0.26931,0.30303,-0.28641,50,-0.21587
2023_14_LA_BAL,2023,14,BAL,LA,71,0.16839,0.43662,0.2901,54,-0.21824
2023_14_LA_BAL,2023,14,LA,BAL,76,0.12934,0.43421,0.16888,47,0.06527
2023_14_MIN_LV,2023,14,LV,MIN,54,-0.47765,0.22222,-0.66012,36,-0.1127
2023_14_MIN_LV,2023,14,MIN,LV,72,-0.18714,0.40278,-0.253,47,-0.06331
2023_14_NE_PIT,2023,14,NE,PIT,57,-0.09523,0.31579,0.01694,34,-0.26104
2023_14_NE_PIT,2023,14,PIT,NE,69,-0.24123,0.42029,-0.27312,46,-0.17745
2023_14_PHI_DAL,2023,14,DAL,PHI,58,0.10422,0.5,0.10005,35,0.11056
2023_14_PHI_DAL,2023,14,PHI,DAL,45,-0.19272,0.42222,-0.15046,25,-0.24555
2023_14_SEA_SF,2023,14,SEA,SF,55,-0.06798,0.36364,0.03555,39,-0.32034
2023_14_SEA_SF,2023,14,SF,SEA,44,0.31968,0.43182,0.2588,29,0.43737
2023_14_TB_ATL,2023,14,ATL,TB,71,0.01471,0.4507,0.02612,47,-0.00761
2023_14_TB_ATL,2023,14,TB,ATL,68,-0.02297,0.38235,0.0578,32,-0.09476
2023_14_TEN_MIA,2023,14,MIA,TEN,70,-0.04909,0.48571,-0.13103,42,0.0738
2023_14_TEN_MIA,2023,14,TEN,MIA,61,-0.054,0.39344,0.14859,34,-0.30911
2023_15_ATL_CAR,2023,15,ATL,CAR,51,-0.2764,0.37255,0.15617,22,-0.60455
2023_15_ATL_CAR,2023,15,CAR,ATL,63,-0.16191,0.38095,-0.03662,31,-0.28329
2023_15_BAL_JAX,2023,15,BAL,JAX,56,0.13135,0.60714,0.09167,28,0.17103
2023_15_BAL_JAX,2023,15,JAX,BAL,47,-0.13349,0.40426,-0.11498,34,-0.18188
2023_15_CHI_CLE,2023,15,CHI,CLE,72,-0.29511,0.27778,-0.29444,46,-0.29629
2023_15_CHI_CLE,2023,15,CLE,CHI,69,-0.37495,0.33333,-0.32129,51,-0.52699
2023_15_DAL_BUF,2023,15,BUF,DAL,39,0.31759,0.61538,0.31077,16,0.32233
2023_15_DAL_BUF,2023,15,DAL,BUF,32,-0.1582,0.375,-0.14439,19,-0.17837
2023_15_DEN_DET,2023,15,DEN,DET,33,-0.39727,0.33333,-0.50989,18,-0.26212
2023_15_DEN_DET,2023,15,DET,DEN,45,0.31438,0.51111,0.34838,29,0.25275
2023_15_HOU_TEN,2023,15,HOU,TEN,77,-0.10336,0.45455,-0.02968,44,-0.20159
2023_15_HOU_TEN,2023,15,TEN,HOU,63,-0.18189,0.26984,-0.11087,36,-0.27659
2023_15_KC_NE,2023,15,KC,NE,46,0.22618,0.45652,0.32465,36,-0.12829
2023_15_KC_NE,2023,15,NE,KC,39,-0.32289,0.33333,-0.28284,28,-0.42484
2023_15_LAC_LV,2023,15,LAC,LV,18,-0.84765,0.33333,-0.64196,11,-1.17086
2023_15_LAC_LV,2023,15,LV,LAC,22,0.46337,0.54545,0.54488,15,0.28869
2023_15_MIN_CIN,2023,15,CIN,MIN,68,0.1267,0.5,0.13935,48,0.09634
2023_15_MIN_CIN,2023,15,MIN,CIN,68,0.14671,0.5,0.28519,40,-0.05113
2023_15_NYG_NO,2023,15,NO,NYG,48,0.11783,0.41667,0.42761,28,-0.31586
2023_15_NYG_NO,2023,15,NYG,NO,41,-0.36908,0.21951,-0.4576,28,-0.17843
2023_15_NYJ_MIA,2023,15,MIA,NYJ,32,0.21386,0.34375,0.39331,19,-0.04841
2023_15_NYJ_MIA,2023,15,NYJ,MIA,24,-0.76095,0.125,-0.75827,17,-0.76747
2023_15_PHI_SEA,2023,15,PHI,SEA,69,0.11433,0.50725,0.16027,37,0.0612
2023_15_PHI_SEA,2023,15,SEA,PHI,60,0.12068,0.43333,0.19358,37,0.0034
2023_15_PIT_IND,2023,15,IND,PIT,54,0.19425,0.46296,0.09854,33,0.34467
2023_15_PIT_IND,2023,15,PIT,IND,45,-0.24212,0.35556,-0.11039,24,-0.39267
2023_15_SF_ARI,2023,15,ARI,SF,48,-0.11109,0.39583,-0.26732,24,0.04514
2023_15_SF_ARI,2023,15,SF,ARI,39,0.43671,0.51282,0.62224,25,0.10541
2023_15_TB_GB,2023,15,GB,TB,51,0.12691,0.45098,0.24418,36,-0.15453
2023_15_TB_GB,2023,15,TB,GB,54,0.39593,0.51852,0.71641,35,-0.19442
2023_15_WAS_LA,2023,15,LA,WAS,47,0.15558,0.53191,0.28561,27,-0.01996
2023_15_WAS_LA,2023,15,WAS,LA,41,-0.37061,0.31707,-0.36741,27,-0.37677
2023_16_ARI_CHI,2023,16,ARI,CHI,49,-0.11282,0.30612,-0.11981,32,-0.09967
2023_16_ARI_CHI,2023,16,CHI,ARI,55,0.21022,0.43636,0.07977,31,0.37872
2023_16_BAL_SF,2023,16,BAL,SF,50,0.16782,0.5,0.22955,38,-0.02766
2023_16_BAL_SF,2023,16,SF,BAL,37,-0.34448,0.40541,-0.63703,24,0.19563
2023_16_BUF_LAC,2023,16,BUF,LAC,55,-0.00062,0.38182,0.2373,26,-0.21392
2023_16_BUF_LAC,2023,16,LAC,BUF,70,-0.11239,0.34286,-0.05798,43,-0.19903
2023_16_CIN_PIT,2023,16,CIN,PIT,31,-0.42127,0.41935,-0.4389,23,-0.37058
2023_16_CIN_PIT,2023,16,PIT,CIN,24,0.74207,0.54167,1.18476,12,0.29938
2023_16_CLE_HOU,2023,16,CLE,HOU,45,0.31667,0.46667,0.44388,31,0.03497
2023_16_CLE_HOU,2023,16,HOU,CLE,37,-0.40466,0.32432,-0.53618,24,-0.16185
2023_16_DAL_MIA,2023,16,DAL,MIA,65,0.14665,0.47692,0.35503,43,-0.26063
2023_16_DAL_MIA,2023,16,MIA,DAL,63,0.04151,0.52381,0.19705,39,-0.21125
2023_16_DET_MIN,2023,16,DET,MIN,77,0.18414,0.50649,0.34623,43,-0.02086
2023_16_DET_MIN,2023,16,MIN,DET,53,0.06467,0.41509,0.15962,43,-0.34361
2023_16_GB_CAR,2023,16,CAR,GB,62,0.14096,0.46774,0.27819,37,-0.06213
2023_16_GB_CAR,2023,16,GB,CAR,63,0.33553,0.53968,0.53265,31,0.14457
2023_16_IND_ATL,2023,16,ATL,IND,50,0.24638,0.58,0.30707,32,0.13847
2023_16_IND_ATL,2023,16,IND,ATL,56,0.00373,0.39286,0.19709,36,-0.34433
2023_16_JAX_TB,2023,16,JAX,TB,26,-0.49628,0.34615,-0.40391,18,-0.70412
2023_16_JAX_TB,2023,16,TB,JAX,40,0.30963,0.5,0.56455,27,-0.21981
2023_16_LV_KC,2023,16,KC,LV,69,-0.33921,0.4058,-0.15097,53,-0.96273
2023_16_LV_KC,2023,16,LV,KC,45,-0.13356,0.35556,-0.42066,23,0.16658
2023_16_NE_DEN,2023,16,DEN,NE,59,-0.19182,0.44068,-0.20921,41,-0.1522
2023_16_NE_DEN,2023,16,NE,DEN,54,-0.07248,0.35185,0.0786,35,-0.35079
2023_16_NO_LA,2023,16,LA,NO,46,0.25684,0.5,0.43285,30,-0.07318
2023_16_NO_LA,2023,16,NO,LA,37,-0.29163,0.27027,-0.22647,25,-0.42738
2023_16_NYG_PHI,2023,16,NYG,PHI,53,-0.19144,0.30189,-0.35159,28,-0.01206
2023_16_NYG_PHI,2023,16,PHI,NYG,71,0.11718,0.53521,0.119,40,0.11482
2023_16_SEA_TEN,2023,16,SEA,TEN,62,0.18479,0.45161,0.33298,43,-0.1506
2023_16_SEA_TEN,2023,16,TEN,SEA,65,0.13611,0.52308,0.155,36,0.11267
2023_16_WAS_NYJ,2023,16,NYJ,WAS,63,-0.0315,0.44444,-0.02379,41,-0.04586
2023_16_WAS_NYJ,2023,16,WAS,NYJ,41,-0.12901,0.39024,-0.41081,24,0.26884
2023_17_ARI_PHI,2023,17,ARI,PHI,76,0.28234,0.59211,0.36671,37,0.20229
2023_17_ARI_PHI,2023,17,PHI,ARI,49,0.23131,0.5102,0.52248,25,-0.07199
2023_17_ATL_CHI,2023,17,ATL,CHI,37,-0.12784,0.35135,-0.06296,25,-0.26303
2023_17_ATL_CHI,2023,17,CHI,ATL,52,0.21842,0.42308,0.36588,30,0.01735
2023_17_CAR_JAX,2023,17,CAR,JAX,32,-0.45146,0.3125,-0.59117,21,-0.18474
2023_17_CAR_JAX,2023,17,JAX,CAR,42,0.13648,0.38095,0.14721,26,0.11903
2023_17_CIN_KC,2023,17,CIN,KC,70,-0.00871,0.35714,0.21469,43,-0.36451
2023_17_CIN_KC,2023,17,KC,CIN,52,0.05365,0.38462,0.03782,34,0.08357
2023_17_DET_DAL,2023,17,DAL,DET,64,-0.03002,0.46875,0.13851,43,-0.37512
2023_17_DET_DAL,2023,17,DET,DAL,67,-0.04366,0.43284,0.07134,36,-0.17721
2023_17_GB_MIN,2023,17,GB,MIN,41,0.22967,0.53659,0.35893,21,0.09395
2023_17_GB_MIN,2023,17,MIN,GB,34,-0.48793,0.35294,-0.71981,23,-0.00309
2023_17_LAC_DEN,2023,17,DEN,LAC,60,0.04533,0.43333,0.18876,36,-0.16981
2023_17_LAC_DEN,2023,17,LAC,DEN,57,-0.19781,0.36842,-0.03838,33,-0.41702
2023_17_LA_NYG,2023,17,LA,NYG,61,0.02404,0.4918,-0.06891,39,0.18881
2023_17_LA_NYG,2023,17,NYG,LA,73,-0.10971,0.36986,-0.05786,54,-0.25706
2023_17_LV_IND,2023,17,IND,LV,54,0.17984,0.40741,0.45794,27,-0.09826
2023_17_LV_IND,2023,17,LV,IND,68,0.05454,0.41176,0.14597,44,-0.11308
2023_17_MIA_BAL,2023,17,BAL,MIA,29,0.722,0.58621,1.02064,19,0.15457
2023_17_MIA_BAL,2023,17,MIA,BAL,39,0.11002,0.41026,0.09727,28,0.14248
2023_17_NE_BUF,2023,17,BUF,NE,59,-0.01457,0.50847,-0.08254,34,0.07787
2023_17_NE_BUF,2023,17,NE,BUF,52,-0.28279,0.38462,-0.41644,31,-0.08549
2023_17_NO_TB,2023,17,NO,TB,41,0.20329,0.41463,0.38707,25,-0.08386
2023_17_NO_TB,2023,17,TB,NO,32,-0.31571,0.28125,0.02221,18,-0.75017
2023_17_NYJ_CLE,2023,17,CLE,NYJ,37,0.36968,0.51351,0.57126,23,0.03851
2023_17_NYJ_CLE,2023,17,NYJ,CLE,38,-0.11362,0.42105,-0.27255,22,0.10491
2023_17_PIT_SEA,2023,17,PIT,SEA,66,0.28582,0.51515,0.42698,25,0.19976
2023_17_PIT_SEA,2023,17,SEA,PIT,49,0.12261,0.46939,0.21565,37,-0.16425
2023_17_SF_WAS,2023,17,SF,WAS,57,0.3815,0.68421,0.48316,28,0.28335
2023_17_SF_WAS,2023,17,WAS,SF,37,0.04203,0.56757,-0.02055,24,0.15756
2023_17_TEN_HOU,2023,17,HOU,TEN,30,0.2438,0.56667,0.32327,18,0.1246
2023_17_TEN_HOU,2023,17,TEN,HOU,19,-0.7981,0.10526,-1.03241,11,-0.47591
2023_18_ATL_NO,2023,18,ATL,NO,45,0.03638,0.44444,0.31779,27,-0.38572
2023_18_ATL_NO,2023,18,NO,ATL,49,0.33777,0.4898,0.72761,25,-0.06832
2023_18_BUF_MIA,2023,18,BUF,MIA,74,0.08633,0.48649,0.17348,45,-0.04892
2023_18_BUF_MIA,2023,18,MIA,BUF,52,0.02117,0.44231,-0.01191,31,0.07001
2023_18_CHI_GB,2023,18,CHI,GB,47,-0.11667,0.40426,0.01563,24,-0.25473
2023_18_CHI_GB,2023,18,GB,CHI,51,0.24771,0.54902,0.32568,32,0.11641
2023_18_CLE_CIN,2023,18,CIN,CLE,30,0.34952,0.66667,0.38453,17,0.30374
2023_18_CLE_CIN,2023,18,CLE,CIN,17,-0.97934,0.17647,-1.47819,9,-0.41813
2023_18_DAL_WAS,2023,18,DAL,WAS,47,0.3989,0.70213,0.52522,28,0.21274
2023_18_DAL_WAS,2023,18,WAS,DAL,36,-0.25782,0.38889,-0.12679,25,-0.55559
2023_18_DEN_LV,2023,18,DEN,LV,47,-0.19857,0.3617,-0.20059,33,-0.19379
2023_18_DEN_LV,2023,18,LV,DEN,52,0.14182,0.46154,0.26338,32,-0.05269
2023_18_HOU_IND,2023,18,HOU,IND,53,0.15428,0.49057,0.45389,31,-0.2679
2023_18_HOU_IND,2023,18,IND,HOU,66,0.00794,0.43939,-0.07589,29,0.07364
2023_18_JAX_TEN,2023,18,JAX,TEN,69,-0.0141,0.49275,0.13512,46,-0.31255
2023_18_JAX_TEN,2023,18,TEN,JAX,47,0.2285,0.51064,0.08917,27,0.41661
2023_18_KC_LAC,2023,18,KC,LAC,58,-0.14369,0.34483,-0.16695,35,-0.10828
2023_18_KC_LAC,2023,18,LAC,KC,83,-0.18971,0.45783,-0.10781,59,-0.39103
2023_18_LA_SF,2023,18,LA,SF,66,0.13845,0.5303,0.31326,35,-0.05892
2023_18_LA_SF,2023,18,SF,LA,60,0.14059,0.53333,0.19053,32,0.08351
2023_18_MIN_DET,2023,18,DET,MIN,47,0.33612,0.48936,0.57548,28,-0.01663
2023_18_MIN_DET,2023,18,MIN,DET,70,0.04932,0.41429,0.13748,48,-0.14302
2023_18_NYJ_NE,2023,18,NE,NYJ,52,-0.57616,0.17308,-0.81543,33,-0.16057
2023_18_NYJ_NE,2023,18,NYJ,NE,61,-0.3048,0.32787,-0.45209,22,-0.22171
2023_18_PHI_NYG,2023,18,NYG,PHI,34,0.37686,0.58824,0.68758,20,-0.06701
2023_18_PHI_NYG,2023,18,PHI,NYG,27,-0.45939,0.33333,-0.8916,17,0.27538
2023_18_PIT_BAL,2023,18,BAL,PIT,45,-0.39098,0.31111,-0.17382,28,-0.74867
2023_18_PIT_BAL,2023,18,PIT,BAL,58,-0.02545,0.51724,-0.10462,23,0.02658
2023_18_SEA_ARI,2023,18,ARI,SEA,70,0.21393,0.42857,0.52767,32,-0.05027
2023_18_SEA_ARI,2023,18,SEA,ARI,55,0.11981,0.49091,0.20959,32,-0.0051
2023_18_TB_CAR,2023,18,CAR,TB,52,-0.29851,0.26923,-0.45563,24,-0.16384
2023_18_TB_CAR,2023,18,TB,CAR,53,-0.15337,0.37736,-0.24928,37,0.06843
2023_19_CLE_HOU,2023,19,CLE,HOU,42,-0.17038,0.45238,-0.17801,31,-0.14888
2023_19_CLE_HOU,2023,19,HOU,CLE,34,0.32146,0.41176,0.69681,21,-0.28489
2023_19_GB_DAL,2023,19,DAL,GB,36,-0.37396,0.47222,-0.49915,24,-0.1236
2023_19_GB_DAL,2023,19,GB,DAL,36,0.48524,0.55556,1.04255,18,-0.07207
2023_19_LA_DET,2023,19,DET,LA,53,0.16982,0.49057,0.37395,30,-0.09642
2023_19_LA_DET,2023,19,LA,DET,58,0.2701,0.46552,0.44759,41,-0.15795
2023_19_MIA_KC,2023,19,KC,MIA,66,0.16004,0.40909,0.37585,45,-0.30241
2023_19_MIA_KC,2023,19,MIA,KC,35,-0.24292,0.34286,-0.36868,19,-0.09358
2023_19_PHI_TB,2023,19,PHI,TB,46,-0.12216,0.26087,0.01533,34,-0.51172
2023_19_PHI_TB,2023,19,TB,PHI,53,0.13155,0.4717,0.13017,36,0.13447
2023_19_PIT_BUF,2023,19,BUF,PIT,52,0.236,0.5,0.30763,31,0.13027
2023_19_PIT_BUF,2023,19,PIT,BUF,49,-0.0092,0.44898,0.03911,29,-0.07924
2023_20_GB_SF,2023,20,GB,SF,66,0.07238,0.45455,0.16247,40,-0.06621
2023_20_GB_SF,2023,20,SF,GB,62,0.16869,0.46774,0.15907,41,0.18749
2023_20_HOU_BAL,2023,20,BAL,HOU,49,0.17754,0.42857,0.31668,29,-0.02422
2023_20_HOU_BAL,2023,20,HOU,BAL,39,-0.11871,0.33333,-0.03454,30,-0.39927
2023_20_KC_BUF,2023,20,BUF,KC,78,0.14319,0.57692,0.19656,46,0.06647
2023_20_KC_BUF,2023,20,KC,BUF,46,0.25323,0.54348,0.33146,28,0.13154
2023_20_TB_DET,2023,20,DET,TB,63,0.20286,0.55556,0.18717,44,0.23919
2023_20_TB_DET,2023,20,TB,DET,54,0.01514,0.44444,0.00384,40,0.04742
2023_21_DET_SF,2023,21,DET,SF,66,0.03484,0.48485,0.00084,37,0.07823
2023_21_DET_SF,2023,21,SF,DET,61,0.26326,0.4918,0.33258,36,0.16345
2023_21_KC_BAL,2023,21,BAL,KC,57,-0.19505,0.40351,-0.27175,47,0.16543
2023_21_KC_BAL,2023,21,KC,BAL,76,0.04144,0.44737,0.21586,49,-0.27511
2023_22_SF_KC,2023,22,KC,SF,79,-0.01855,0.44304,0.13521,55,-0.37092
2023_22_SF_KC,2023,22,SF,KC,74,0.00399,0.44595,0.25391,44,-0.36256
2024_01_ARI_BUF,2024,1,ARI,BUF,60,0.06333,0.38333,0.15898,38,-0.10187
2024_01_ARI_BUF,2024,1,BUF,ARI,60,0.21149,0.58333,0.53007,32,-0.15261
2024_01_BAL_KC,2024,1,BAL,KC,80,0.0392,0.525,-0.04437,58,0.25951
2024_01_BAL_KC,2024,1,KC,BAL,53,0.18219,0.43396,0.418,33,-0.2069
2024_01_CAR_NO,2024,1,CAR,NO,15,-0.94493,0.26667,-0.95462,8,-0.93386
2024_01_CAR_NO,2024,1,NO,CAR,28,0.29745,0.42857,0.16085,13,0.41584
2024_01_DAL_CLE,2024,1,CLE,DAL,35,-0.67309,0.08571,-0.74219,26,-0.47348
2024_01_DAL_CLE,2024,1,DAL,CLE,49,-0.03487,0.38776,-0.09633,29,0.05425
2024_01_DEN_SEA,2024,1,DEN,SEA,58,-0.4166,0.2069,-0.53982,39,-0.16368
2024_01_DEN_SEA,2024,1,SEA,DEN,50,0.01877,0.5,-0.02117,28,0.0696
2024_01_GB_PHI,2024,1,GB,PHI,67,0.13103,0.40299,0.09038,42,0.19932
2024_01_GB_PHI,2024,1,PHI,GB,74,0.08644,0.47297,0.36223,40,-0.23803
2024_01_HOU_IND,2024,1,HOU,IND,77,0.17535,0.49351,0.2457,40,0.0993
2024_01_HOU_IND,2024,1,IND,HOU,45,0.05588,0.44444,0.15686,25,-0.07035
2024_01_JAX_MIA,2024,1,JAX,MIA,53,-0.09179,0.41509,0.23173,27,-0.42774
2024_01_JAX_MIA,2024,1,MIA,JAX,71,0.0199,0.40845,0.16507,45,-0.23137
2024_01_LA_DET,2024,1,DET,LA,60,0.09622,0.5,-0.10319,31,0.30939
2024_01_LA_DET,2024,1,LA,DET,78,0.07558,0.48718,0.16037,53,-0.10418
2024_01_LV_LAC,2024,1,LAC,LV,53,-0.07592,0.37736,-0.16235,29,0.02851
2024_01_LV_LAC,2024,1,LV,LAC,53,-0.32589,0.30189,-0.05997,34,-0.80176
2024_01_MIN_NYG,2024,1,MIN,NYG,36,0.40994,0.5,0.62994,22,0.06422
2024_01_MIN_NYG,2024,1,NYG,MIN,43,-0.3781,0.27907,-0.41922,31,-0.27185
2024_01_NE_CIN,2024,1,CIN,NE,51,-0.1205,0.43137,-0.22851,38,0.19521
2024_01_NE_CIN,2024,1,NE,CIN,58,-0.00484,0.44828,0.04634,29,-0.05602
2024_01_NYJ_SF,2024,1,NYJ,SF,26,-0.38134,0.30769,-0.4718,14,-0.2758
2024_01_NYJ_SF,2024,1,SF,NYJ,48,0.18405,0.5,0.25922,24,0.10889
2024_01_PIT_ATL,2024,1,ATL,PIT,53,-0.32795,0.45283,-0.33152,30,-0.32328
2024_01_PIT_ATL,2024,1,PIT,ATL,65,-0.09421,0.4,-0.0344,32,-0.15221
2024_01_TEN_CHI,2024,1,CHI,TEN,54,-0.25401,0.38889,-0.28187,35,-0.20269
2024_01_TEN_CHI,2024,1,TEN,CHI,64,-0.26079,0.375,-0.38923,39,-0.06043
2024_01_WAS_TB,2024,1,TB,WAS,47,0.33418,0.51064,0.72198,30,-0.35017
2024_01_WAS_TB,2024,1,WAS,TB,41,0.13222,0.46341,0.21843,25,-0.00248
2024_02_ATL_PHI,2024,2,ATL,PHI,59,0.15922,0.49153,0.26283,34,0.0183
2024_02_ATL_PHI,2024,2,PHI,ATL,70,0.08924,0.45714,0.151,37,0.01999
2024_02_BUF_MIA,2024,2,BUF,MIA,29,0.43804,0.48276,0.54765,17,0.28275
2024_02_BUF_MIA,2024,2,MIA,BUF,54,-0.24455,0.46296,-0.3583,27,-0.1308
2024_02_CHI_HOU,2024,2,CHI,HOU,69,-0.24278,0.34783,-0.28006,51,-0.13715
2024_02_CHI_HOU,2024,2,HOU,CHI,54,-0.06722,0.37037,0.0114,37,-0.23833
2024_02_CIN_KC,2024,2,CIN,KC,64,0.02664,0.51562,0.0592,44,-0.045
2024_02_CIN_KC,2024,2,KC,CIN,65,-0.06491,0.46154,-0.19008,37,0.10049
2024_02_CLE_JAX,2024,2,CLE,JAX,68,0.03256,0.41176,0.046,41,0.01215
2024_02_CLE_JAX,2024,2,JAX,CLE,59,-0.02502,0.42373,-0.0423,40,0.01136
2024_02_IND_GB,2024,2,GB,IND,57,-0.02543,0.35088,0.39119,15,-0.17422
2024_02_IND_GB,2024,2,IND,GB,42,-0.2721,0.38095,-0.43243,26,-0.01157
2024_02_LAC_CAR,2024,2,CAR,LAC,28,-0.58314,0.17857,-1.02353,16,0.00405
2024_02_LAC_CAR,2024,2,LAC,CAR,41,0.21163,0.58537,0.25481,15,0.18671
2024_02_LA_ARI,2024,2,ARI,LA,23,0.76798,0.6087,1.47982,12,-0.00856
2024_02_LA_ARI,2024,2,LA,ARI,28,-0.47439,0.35714,-0.49851,19,-0.42346
2024_02_LV_BAL,2024,2,BAL,LV,63,-0.01754,0.44444,0.02035,39,-0.0791
2024_02_LV_BAL,2024,2,LV,BAL,62,-0.05688,0.43548,0.08274,46,-0.45829
2024_02_NO_DAL,2024,2,DAL,NO,49,0.06459,0.42857,0.16167,30,-0.08871
2024_02_NO_DAL,2024,2,NO,DAL,30,0.95847,0.66667,1.59874,13,0.46886
2024_02_NYG_WAS,2024,2,NYG,WAS,56,0.11132,0.44643,0.22633,33,-0.05368
2024_02_NYG_WAS,2024,2,WAS,NYG,70,0.18669,0.45714,0.24962,41,0.09771
2024_02_NYJ_TEN,2024,2,NYJ,TEN,56,0.08387,0.42857,0.11949,34,0.02882
2024_02_NYJ_TEN,2024,2,TEN,NYJ,66,-0.06447,0.39394,-0.08112,38,-0.04189
2024_02_PIT_DEN,2024,2,DEN,PIT,59,-0.24737,0.35593,-0.24442,42,-0.25466
2024_02_PIT_DEN,2024,2,PIT,DEN,57,-0.04916,0.33333,0.10915,31,-0.23791
2024_02_SEA_NE,2024,2,NE,SEA,68,0.04992,0.44118,0.05655,33,0.04366
2024_02_SEA_NE,2024,2,SEA,NE,68,0.06182,0.48529,0.23785,51,-0.46629
2024_02_SF_MIN,2024,2,MIN,SF,46,0.00877,0.45652,0.01239,30,0.00196
2024_02_SF_MIN,2024,2,SF,MIN,67,-0.10993,0.47761,-0.07285,42,-0.17224
2024_02_TB_DET,2024,2,DET,TB,84,-0.07712,0.42857,-0.16427,58,0.11729
2024_02_TB_DET,2024,2,TB,DET,47,-0.03185,0.38298,0.0713,28,-0.18386
2024_03_BAL_DAL,2024,3,BAL,DAL,42,0.52767,0.52381,0.89536,13,0.36284
2024_03_BAL_DAL,2024,3,DAL,BAL,50,0.03763,0.38,0.08326,41,-0.17025
2024_03_CAR_LV,2024,3,CAR,LV,45,0.25122,0.44444,0.37032,30,0.013
2024_03_CAR_LV,2024,3,LV,CAR,38,-0.25903,0.39474,-0.09392,23,-0.51219
2024_03_CHI_IND,2024,3,CHI,IND,82,-0.2433,0.34146,-0.19127,54,-0.34364
2024_03_CHI_IND,2024,3,IND,CHI,53,-0.22913,0.33962,-0.46178,23,-0.05076
2024_03_DEN_TB,2024,3,DEN,TB,49,0.10671,0.53061,0.16706,36,-0.06042
2024_03_DEN_TB,2024,3,TB,DEN,39,-0.36186,0.38462,-0.63936,26,0.19313
2024_03_DET_ARI,2024,3,ARI,DET,59,-0.16681,0.44068,-0.00308,42,-0.57133
2024_03_DET_ARI,2024,3,DET,ARI,62,0.0835,0.58065,0.23477,25,-0.01871
2024_03_GB_TEN,2024,3,GB,TEN,45,0.18473,0.35556,0.55398,21,-0.13837
2024_03_GB_TEN,2024,3,TEN,GB,38,-0.37551,0.5,-0.42958,30,-0.17275
2024_03_HOU_MIN,2024,3,HOU,MIN,35,-0.29472,0.28571,-0.30214,26,-0.27329
2024_03_HOU_MIN,2024,3,MIN,HOU,35,0.19555,0.54286,0.35407,23,-0.10827
2024_03_JAX_BUF,2024,3,BUF,JAX,36,0.5535,0.5,0.72692,26,0.10259
2024_03_JAX_BUF,2024,3,JAX,BUF,23,-0.27115,0.3913,-0.62232,15,0.38729
2024_03_KC_ATL,2024,3,ATL,KC,60,-0.03498,0.43333,0.17142,36,-0.34458
2024_03_KC_ATL,2024,3,KC,ATL,71,0.10633,0.59155,0.119,42,0.08798
2024_03_LAC_PIT,2024,3,LAC,PIT,45,-0.16405,0.33333,-0.08077,25,-0.26816
2024_03_LAC_PIT,2024,3,PIT,LAC,58,0.04983,0.43103,0.2498,36,-0.27738
2024_03_MIA_SEA,2024,3,MIA,SEA,54,-0.42916,0.33333,-0.40218,35,-0.47887
2024_03_MIA_SEA,2024,3,SEA,MIA,41,-0.24941,0.26829,-0.20435,26,-0.32752
2024_03_NE_NYJ,2024,3,NE,NYJ,28,-0.1899,0.35714,-0.18701,22,-0.2005
2024_03_NE_NYJ,2024,3,NYJ,NE,53,0.33153,0.62264,0.52491,32,0.03687
2024_03_NYG_CLE,2024,3,CLE,NYG,66,-0.34005,0.37879,-0.29385,51,-0.49714
2024_03_NYG_CLE,2024,3,NYG,CLE,64,0.00681,0.45312,0.25261,39,-0.37664
2024_03_PHI_NO,2024,3,NO,PHI,55,-0.20247,0.29091,0.01621,28,-0.42924
2024_03_PHI_NO,2024,3,PHI,NO,68,0.01231,0.42647,-0.06667,46,0.17743
2024_03_SF_LA,2024,3,LA,SF,59,0.19496,0.45763,0.23707,33,0.14151
2024_03_SF_LA,2024,3,SF,LA,71,0.21769,0.47887,0.4209,43,-0.09437
2024_03_WAS_CIN,2024,3,CIN,WAS,55,0.36364,0.54545,0.3914,36,0.31105
2024_03_WAS_CIN,2024,3,WAS,CIN,56,0.50604,0.58929,0.77461,30,0.19616
2024_04_BUF_BAL,2024,4,BAL,BUF,36,0.47484,0.55556,0.44284,18,0.50684
2024_04_BUF_BAL,2024,4,BUF,BAL,41,-0.13568,0.36585,-0.35276,26,0.2406
2024_04_CIN_CAR,2024,4,CAR,CIN,65,0.03244,0.50769,0.04374,39,0.01549
2024_04_CIN_CAR,2024,4,CIN,CAR,62,0.22604,0.46774,0.37106,35,0.03805
2024_04_CLE_LV,2024,4,CLE,LV,59,-0.1389,0.35593,-0.19633,44,0.02956
2024_04_CLE_LV,2024,4,LV,CLE,57,-0.13563,0.40351,-0.07093,29,-0.20264
2024_04_DAL_NYG,2024,4,DAL,NYG,53,0.07898,0.49057,0.20253,32,-0.1093
2024_04_DAL_NYG,2024,4,NYG,DAL,67,-0.05686,0.35821,0.07968,44,-0.31808
2024_04_DEN_NYJ,2024,4,DEN,NYJ,59,-0.25485,0.33898,-0.54435,29,0.025
2024_04_DEN_NYJ,2024,4,NYJ,DEN,74,-0.23463,0.31081,-0.21378,54,-0.29093
2024_04_JAX_HOU,2024,4,HOU,JAX,75,0.10448,0.44,0.30855,51,-0.32915
2024_04_JAX_HOU,2024,4,JAX,HOU,55,-0.01428,0.43636,-0.03814,33,0.02151
2024_04_KC_LAC,2024,4,KC,LAC,59,-0.12226,0.45763,-0.07579,37,-0.20042
2024_04_KC_LAC,2024,4,LAC,KC,56,-0.25147,0.26786,-0.09481,30,-0.43222
2024_04_LA_CHI,2024,4,CHI,LA,57,0.11442,0.50877,0.11904,32,0.1085
2024_04_LA_CHI,2024,4,LA,CHI,60,0.03944,0.51667,-0.06083,35,0.17982
2024_04_MIN_GB,2024,4,GB,MIN,32,-0.46596,0.375,-0.61863,21,-0.17451
2024_04_MIN_GB,2024,4,MIN,GB,39,0.52588,0.61538,0.92064,24,-0.10574
2024_04_NE_SF,2024,4,NE,SF,35,-0.45534,0.37143,-0.27864,19,-0.66516
2024_04_NE_SF,2024,4,SF,NE,35,0.42411,0.48571,0.75589,20,-0.01827
2024_04_NO_ATL,2024,4,ATL,NO,56,-0.0292,0.39286,-0.07536,40,0.08619
2024_04_NO_ATL,2024,4,NO,ATL,74,0.04794,0.48649,-0.03776,41,0.15441
2024_04_PHI_TB,2024,4,PHI,TB,25,-0.18527,0.36,-0.5779,15,0.40368
2024_04_PHI_TB,2024,4,TB,PHI,49,0.39068,0.57143,0.36981,36,0.44848
2024_04_PIT_IND,2024,4,IND,PIT,65,0.14582,0.43077,0.38591,35,-0.13428
2024_04_PIT_IND,2024,4,PIT,IND,69,-0.01357,0.47826,0.10702,43,-0.213
2024_04_SEA_DET,2024,4,DET,SEA,44,0.47561,0.56818,0.86441,21,0.12063
2024_04_SEA_DET,2024,4,SEA,DET,71,0.19074,0.52113,0.15669,54,0.2989
2024_04_TEN_MIA,2024,4,MIA,TEN,44,-0.61659,0.22727,-0.59422,20,-0.63522
2024_04_TEN_MIA,2024,4,TEN,MIA,50,-0.08118,0.38,-0.13407,22,-0.03962
2024_04_WAS_ARI,2024,4,ARI,WAS,35,-0.23019,0.37143,-0.32219,19,-0.12093
2024_04_WAS_ARI,2024,4,WAS,ARI,47,0.4175,0.6383,0.35364,26,0.49658
2024_05_ARI_SF,2024,5,ARI,SF,56,0.12357,0.44643,-0.00581,33,0.30921
2024_05_ARI_SF,2024,5,SF,ARI,64,-0.07084,0.42188,0.04262,41,-0.27308
2024_05_BAL_CIN,2024,5,BAL,CIN,77,0.27538,0.54545,0.41707,48,0.04085
2024_05_BAL_CIN,2024,5,CIN,BAL,67,0.26226,0.44776,0.52575,44,-0.24183
2024_05_BUF_HOU,2024,5,BUF,HOU,61,-0.02688,0.31148,0.04167,35,-0.11917
2024_05_BUF_HOU,2024,5,HOU,BUF,68,-0.06979,0.38235,0.16701,42,-0.45232
2024_05_CAR_CHI,2024,5,CAR,CHI,26,-0.33536,0.34615,-0.86343,17,0.6621
2024_05_CAR_CHI,2024,5,CHI,CAR,41,0.35736,0.53659,0.76685,19,0.00371
2024_05_CLE_WAS,2024,5,CLE,WAS,32,-0.54095,0.15625,-0.44442,25,-0.8857
2024_05_CLE_WAS,2024,5,WAS,CLE,41,0.21518,0.34146,0.14172,26,0.34251
2024_05_DAL_PIT,2024,5,DAL,PIT,76,0.13457,0.48684,0.27557,46,-0.08164
2024_05_DAL_PIT,2024,5,PIT,DAL,58,0.06287,0.5,-0.02873,32,0.17561
2024_05_GB_LA,2024,5,GB,LA,50,0.09807,0.46,0.21033,27,-0.03371
2024_05_GB_LA,2024,5,LA,GB,78,-0.07342,0.53846,-0.14699,49,0.05089
2024_05_IND_JAX,2024,5,IND,JAX,67,0.18999,0.43284,0.21968,49,0.10919
2024_05_IND_JAX,2024,5,JAX,IND,58,0.2464,0.41379,0.33965,35,0.10449
2024_05_LV_DEN,2024,5,DEN,LV,49,-0.02056,0.44898,-0.15208,30,0.1871
2024_05_LV_DEN,2024,5,LV,DEN,48,-0.26527,0.33333,-0.33705,26,-0.18045
2024_05_MIA_NE,2024,5,MIA,NE,76,-0.02563,0.38158,0.02429,39,-0.07825
2024_05_MIA_NE,2024,5,NE,MIA,59,-0.14193,0.40678,-0.26906,40,0.12572
2024_05_NO_KC,2024,5,KC,NO,71,0.16733,0.59155,0.14154,44,0.20936
2024_05_NO_KC,2024,5,NO,KC,44,-0.06018,0.36364,-0.02746,30,-0.13029
2024_05_NYG_SEA,2024,5,NYG,SEA,67,0.05152,0.50746,0.29066,38,-0.26182
2024_05_NYG_SEA,2024,5,SEA,NYG,54,-0.05658,0.5,-0.0641,47,-0.00609
2024_05_NYJ_MIN,2024,5,MIN,NYJ,71,-0.15431,0.39437,-0.01989,43,-0.36074
2024_05_NYJ_MIN,2024,5,NYJ,MIN,72,-0.31122,0.36111,-0.25408,58,-0.54794
2024_05_TB_ATL,2024,5,ATL,TB,85,0.19906,0.45882,0.33811,65,-0.25282
2024_05_TB_ATL,2024,5,TB,ATL,52,0.13387,0.48077,0.32645,31,-0.1504
2024_06_ARI_GB,2024,6,ARI,GB,32,-0.14342,0.34375,-0.0465,22,-0.35665
2024_06_ARI_GB,2024,6,GB,ARI,48,0.3206,0.54167,0.66034,30,-0.24564
2024_06_ATL_CAR,2024,6,ATL,CAR,58,0.31362,0.51724,0.3122,30,0.31515
2024_06_ATL_CAR,2024,6,CAR,ATL,58,0.08725,0.43103,0.18234,36,-0.06833
2024_06_BUF_NYJ,2024,6,BUF,NYJ,65,0.27364,0.55385,0.33484,37,0.19278
2024_06_BUF_NYJ,2024,6,NYJ,BUF,63,0.17034,0.39683,0.29972,41,-0.07078
2024_06_CIN_NYG,2024,6,CIN,NYG,51,-0.00988,0.43137,0.2345,34,-0.49864
2024_06_CIN_NYG,2024,6,NYG,CIN,70,-0.11766,0.45714,-0.26995,42,0.11077
2024_06_CLE_PHI,2024,6,CLE,PHI,57,-0.0739,0.35088,0.00562,33,-0.18324
2024_06_CLE_PHI,2024,6,PHI,CLE,58,0.17128,0.5,0.27476,26,0.0872
2024_06_DET_DAL,2024,6,DAL,DET,29,-0.41968,0.27586,-0.4323,21,-0.38654
2024_06_DET_DAL,2024,6,DET,DAL,33,0.43427,0.45455,0.47997,16,0.39126
2024_06_HOU_NE,2024,6,HOU,NE,49,0.17929,0.46939,0.30626,31,-0.03936
2024_06_HOU_NE,2024,6,NE,HOU,35,-0.72758,0.28571,-0.82314,25,-0.4887
2024_06_IND_TEN,2024,6,IND,TEN,70,0.01454,0.37143,0.18845,43,-0.26242
2024_06_IND_TEN,2024,6,TEN,IND,57,-0.0202,0.36842,-0.14476,31,0.12831
2024_06_JAX_CHI,2024,6,CHI,JAX,51,0.31093,0.52941,0.42625,34,0.08028
2024_06_JAX_CHI,2024,6,JAX,CHI,37,0.0138,0.40541,0.18366,24,-0.29978
2024_06_LAC_DEN,2024,6,DEN,LAC,25,-0.51896,0.32,-0.45761,15,-0.61097
2024_06_LAC_DEN,2024,6,LAC,DEN,47,0.29903,0.53191,0.30396,29,0.29108
2024_06_PIT_LV,2024,6,LV,PIT,45,-0.25331,0.44444,0.00723,27,-0.64413
2024_06_PIT_LV,2024,6,PIT,LV,49,0.06114,0.36735,0.06569,28,0.05508
2024_06_SF_SEA,2024,6,SEA,SF,62,-0.11488,0.3871,-0.08717,42,-0.17307
2024_06_SF_SEA,2024,6,SF,SEA,59,0.22743,0.50847,0.40361,32,0.01862
2024_06_TB_NO,2024,6,NO,TB,56,-0.37847,0.375,-0.42963,37,-0.27885
2024_06_TB_NO,2024,6,TB,NO,65,0.15419,0.52308,0.08759,44,0.29375
2024_06_WAS_BAL,2024,6,BAL,WAS,63,0.24519,0.52381,0.46429,33,0.00419
2024_06_WAS_BAL,2024,6,WAS,BAL,57,0.07391,0.4386,0.2431,42,-0.39982
2024_07_BAL_TB,2024,7,BAL,TB,38,0.40429,0.57895,0.79314,24,-0.26231
2024_07_BAL_TB,2024,7,TB,BAL,45,-0.01563,0.48889,-0.07669,25,0.0607
2024_07_CAR_WAS,2024,7,CAR,WAS,26,-0.77755,0.42308,-1.20881,12,-0.4079
2024_07_CAR_WAS,2024,7,WAS,CAR,20,0.25264,0.65,-0.28504,7,0.54217
2024_07_CIN_CLE,2024,7,CIN,CLE,37,-0.12398,0.35135,-0.01353,25,-0.35409
2024_07_CIN_CLE,2024,7,CLE,CIN,59,-0.21319,0.37288,-0.30119,38,-0.05395
2024_07_DEN_NO,2024,7,DEN,NO,49,0.22718,0.59184,0.07368,31,0.49155
2024_07_DEN_NO,2024,7,NO,DEN,30,-0.35821,0.3,-0.33289,22,-0.42782
2024_07_DET_MIN,2024,7,DET,MIN,56,0.07573,0.41071,0.51441,29,-0.39544
2024_07_DET_MIN,2024,7,MIN,DET,59,-0.0215,0.33898,-0.0162,42,-0.0346
2024_07_HOU_GB,2024,7,GB,HOU,58,-0.0263,0.39655,0.05876,38,-0.18792
2024_07_HOU_GB,2024,7,HOU,GB,63,-0.14333,0.38095,-0.2831,32,0.00094
2024_07_KC_SF,2024,7,KC,SF,60,-0.04061,0.51667,-0.07516,31,-0.00368
2024_07_KC_SF,2024,7,SF,KC,53,-0.25936,0.37736,-0.32362,33,-0.15333
2024_07_LAC_ARI,2024,7,ARI,LAC,55,0.10232,0.50909,0.26426,31,-0.10685
2024_07_LAC_ARI,2024,7,LAC,ARI,65,0.04667,0.43077,0.12967,45,-0.14008
2024_07_LV_LA,2024,7,LA,LV,53,-0.25491,0.43396,-0.22,26,-0.28852
2024_07_LV_LA,2024,7,LV,LA,79,-0.3244,0.32911,-0.46348,48,-0.10906
2024_07_MIA_IND,2024,7,IND,MIA,61,-0.19141,0.36066,-0.156,30,-0.22567
2024_07_MIA_IND,2024,7,MIA,IND,68,-0.2344,0.44118,-0.02965,32,-0.41639
2024_07_NE_JAX,2024,7,JAX,NE,37,0.4118,0.59459,0.72265,18,0.11731
2024_07_NE_JAX,2024,7,NE,JAX,45,-0.02817,0.31111,0.06733,32,-0.26324
2024_07_NYJ_PIT,2024,7,NYJ,PIT,47,-0.0235,0.46809,0.00937,33,-0.10097
2024_07_NYJ_PIT,2024,7,PIT,NYJ,55,0.10173,0.36364,0.21307,32,-0.05318
2024_07_PHI_NYG,2024,7,NYG,PHI,43,-0.34984,0.32558,-0.4526,31,-0.08439
2024_07_PHI_NYG,2024,7,PHI,NYG,43,0.17411,0.48837,0.04322,20,0.28792
2024_07_SEA_ATL,2024,7,ATL,SEA,53,0.01536,0.58491,-0.07261,28,0.11388
2024_07_SEA_ATL,2024,7,SEA,ATL,51,0.27965,0.47059,0.40715,34,0.02465
2024_07_TEN_BUF,2024,7,BUF,TEN,41,0.10536,0.43902,0.23531,25,-0.09769
2024_07_TEN_BUF,2024,7,TEN,BUF,57,-0.18312,0.38596,0.11756,35,-0.66149
2024_08_ARI_MIA,2024,8,ARI,MIA,65,0.23896,0.50769,0.44007,39,-0.06271
2024_08_ARI_MIA,2024,8,MIA,ARI,65,0.17592,0.49231,0.23212,41,0.0799
2024_08_ATL_TB,2024,8,ATL,TB,58,0.33311,0.56897,0.51516,33,0.0928
2024_08_ATL_TB,2024,8,TB,ATL,72,0.04992,0.5,0.14848,52,-0.20634
2024_08_BAL_CLE,2024,8,BAL,CLE,66,0.1435,0.5,0.27115,46,-0.15011
2024_08_BAL_CLE,2024,8,CLE,BAL,69,0.11684,0.47826,0.27006,45,-0.17045
2024_08_BUF_SEA,2024,8,BUF,SEA,55,0.25936,0.52727,0.37977,36,0.03121
2024_08_BUF_SEA,2024,8,SEA,BUF,30,-0.42275,0.43333,-0.07243,19,-1.02783
2024_08_CAR_DEN,2024,8,CAR,DEN,34,-0.34126,0.32353,-0.46353,22,-0.11709
2024_08_CAR_DEN,2024,8,DEN,CAR,47,0.17612,0.51064,0.12481,32,0.28558
2024_08_CHI_WAS,2024,8,CHI,WAS,63,-0.08554,0.42857,-0.16309,35,0.0114
2024_08_CHI_WAS,2024,8,WAS,CHI,74,0.05088,0.43243,0.21644,48,-0.25477
2024_08_DAL_SF,2024,8,DAL,SF,44,-0.1166,0.43182,-0.18801,31,0.05367
2024_08_DAL_SF,2024,8,SF,DAL,56,0.16292,0.5,0.38632,32,-0.13494
2024_08_GB_JAX,2024,8,GB,JAX,67,0.15848,0.46269,0.33942,32,-0.00696
2024_08_GB_JAX,2024,8,JAX,GB,57,0.0392,0.47368,0.08517,35,-0.03394
2024_08_IND_HOU,2024,8,HOU,IND,71,-0.05062,0.42254,0.14153,41,-0.31324
2024_08_IND_HOU,2024,8,IND,HOU,62,-0.1037,0.29032,-0.20026,39,0.06003
2024_08_KC_LV,2024,8,KC,LV,66,0.10526,0.51515,0.2266,42,-0.10709
2024_08_KC_LV,2024,8,LV,KC,43,-0.23782,0.4186,-0.00125,24,-0.53665
2024_08_MIN_LA,2024,8,LA,MIN,64,0.28749,0.53125,0.55309,38,-0.1007
2024_08_MIN_LA,2024,8,MIN,LA,47,0.16122,0.46809,0.40313,27,-0.16537
2024_08_NO_LAC,2024,8,LAC,NO,57,-0.07516,0.2807,-0.03194,36,-0.14925
2024_08_NO_LAC,2024,8,NO,LAC,61,-0.23188,0.31148,-0.25604,40,-0.18587
2024_08_NYG_PIT,2024,8,NYG,PIT,67,-0.06525,0.35821,-0.19498,42,0.15271
2024_08_NYG_PIT,2024,8,PIT,NYG,56,0.15465,0.46429,0.21816,31,0.0759
2024_08_NYJ_NE,2024,8,NE,NYJ,67,0.03218,0.41791,0.12298,39,-0.09429
2024_08_NYJ_NE,2024,8,NYJ,NE,62,0.17629,0.5,0.2745,34,0.05702
2024_08_PHI_CIN,2024,8,CIN,PHI,53,0.09181,0.41509,0.23894,39,-0.31807
2024_08_PHI_CIN,2024,8,PHI,CIN,50,0.35058,0.5,0.64867,22,0.11636
2024_08_TEN_DET,2024,8,DET,TEN,24,0.25951,0.54167,-0.17316,12,0.69218
2024_08_TEN_DET,2024,8,TEN,DET,45,-0.14419,0.46667,-0.13664,34,-0.16752
2024_09_CHI_ARI,2024,9,ARI,CHI,42,0.12835,0.52381,-0.35296,18,0.48933
2024_09_CHI_ARI,2024,9,CHI,ARI,51,-0.17698,0.31373,-0.14452,36,-0.2549
2024_09_DAL_ATL,2024,9,ATL,DAL,48,0.20241,0.5,0.47679,23,-0.05002
2024_09_DAL_ATL,2024,9,DAL,ATL,51,-0.09328,0.43137,-0.15991,35,0.05247
2024_09_DEN_BAL,2024,9,BAL,DEN,33,0.49359,0.51515,0.85204,19,0.00712
2024_09_DEN_BAL,2024,9,DEN,BAL,45,-0.04177,0.35556,0.25358,27,-0.48479
2024_09_DET_GB,2024,9,DET,GB,37,0.29902,0.54054,0.45833,17,0.16361
2024_09_DET_GB,2024,9,GB,DET,35,-0.17157,0.42857,-0.57139,20,0.36153
2024_09_HOU_NYJ,2024,9,HOU,NYJ,65,-0.13275,0.36923,-0.27786,35,0.03655
2024_09_HOU_NYJ,2024,9,NYJ,HOU,57,0.0767,0.40351,0.2603,36,-0.23805
2024_09_IND_MIN,2024,9,IND,MIN,46,-0.37076,0.34783,-0.36328,28,-0.38239
2024_09_IND_MIN,2024,9,MIN,IND,72,-0.05161,0.5,-0.06548,42,-0.03218
2024_09_JAX_PHI,2024,9,JAX,PHI,41,-0.42556,0.29268,-0.47206,30,-0.29876
2024_09_JAX_PHI,2024,9,PHI,JAX,71,-0.02819,0.42254,0.20878,34,-0.24595
2024_09_LAC_CLE,2024,9,CLE,LAC,52,-0.37925,0.34615,-0.53433,35,-0.05999
2024_09_LAC_CLE,2024,9,LAC,CLE,38,0.07325,0.31579,0.2204,25,-0.20972
2024_09_LA_SEA,2024,9,LA,SEA,77,0.00865,0.41558,0.20881,48,-0.32265
2024_09_LA_SEA,2024,9,SEA,LA,79,-0.22146,0.39241,-0.07462,48,-0.44883
2024_09_LV_CIN,2024,9,CIN,LV,43,0.45231,0.67442,0.55177,30,0.22279
2024_09_LV_CIN,2024,9,LV,CIN,42,-0.06903,0.42857,0.12113,25,-0.34868
2024_09_MIA_BUF,2024,9,BUF,MIA,65,0.18317,0.53846,0.27523,47,-0.05722
2024_09_MIA_BUF,2024,9,MIA,BUF,60,0.32005,0.58333,0.68186,31,-0.06671
2024_09_NE_TEN,2024,9,NE,TEN,68,-0.08889,0.42647,-0.01687,54,-0.3667
2024_09_NE_TEN,2024,9,TEN,NE,77,-0.00253,0.42857,0.20877,37,-0.19799
2024_09_NO_CAR,2024,9,CAR,NO,51,0.04846,0.41176,0.11969,32,-0.07152
2024_09_NO_CAR,2024,9,NO,CAR,80,0.1164,0.45,0.07987,38,0.14945
2024_09_TB_KC,2024,9,KC,TB,85,0.14218,0.48235,0.26253,51,-0.03835
2024_09_TB_KC,2024,9,TB,KC,55,0.16516,0.41818,0.22544,37,0.04126
2024_09_WAS_NYG,2024,9,NYG,WAS,63,0.11159,0.46032,-0.02505,33,0.2619
2024_09_WAS_NYG,2024,9,WAS,NYG,50,0.34475,0.52,0.63614,26,0.02908
2024_10_ATL_NO,2024,10,ATL,NO,78,0.09448,0.53846,0.03448,44,0.17213
2024_10_ATL_NO,2024,10,NO,ATL,52,-0.02086,0.36538,0.224,27,-0.28532
2024_10_BUF_IND,2024,10,BUF,IND,65,-0.05151,0.44615,-0.17441,41,0.15845
2024_10_BUF_IND,2024,10,IND,BUF,52,-0.37712,0.36538,-0.55781,30,-0.13072
2024_10_CIN_BAL,2024,10,BAL,CIN,62,0.27371,0.48387,0.48259,39,-0.08049
2024_10_CIN_BAL,2024,10,CIN,BAL,82,0.1801,0.47561,0.3039,66,-0.33058
2024_10_DEN_KC,2024,10,DEN,KC,57,0.03015,0.40351,0.18265,34,-0.1953
2024_10_DEN_KC,2024,10,KC,DEN,68,0.01902,0.36765,0.12057,51,-0.28564
2024_10_DET_HOU,2024,10,DET,HOU,65,-0.11617,0.4,-0.04457,33,-0.19
2024_10_DET_HOU,2024,10,HOU,DET,68,-0.20214,0.32353,-0.06651,39,-0.38453
2024_10_MIA_LA,2024,10,LA,MIA,58,-0.33799,0.41379,-0.23273,39,-0.55403
2024_10_MIA_LA,2024,10,MIA,LA,48,-0.1192,0.375,-0.04959,29,-0.22544
2024_10_MIN_JAX,2024,10,JAX,MIN,44,-0.31556,0.31818,-0.25913,28,-0.4143
2024_10_MIN_JAX,2024,10,MIN,JAX,82,-0.0007,0.47561,0.00938,44,-0.01238
2024_10_NE_CHI,2024,10,CHI,NE,46,-0.39228,0.34783,-0.49581,28,-0.23124
2024_10_NE_CHI,2024,10,NE,CHI,53,-0.00414,0.45283,-0.08645,29,0.09531
2024_10_NYG_CAR,2024,10,CAR,NYG,60,-0.04475,0.41667,-0.20288,29,0.10317
2024_10_NYG_CAR,2024,10,NYG,CAR,73,-0.09069,0.50685,-0.16023,41,-0.00161
2024_10_NYJ_ARI,2024,10,ARI,NYJ,37,0.48729,0.62162,0.70806,23,0.1246
2024_10_NYJ_ARI,2024,10,NYJ,ARI,36,-0.06431,0.5,-0.14951,21,0.05496
2024_10_PHI_DAL,2024,10,DAL,PHI,42,-0.51449,0.33333,-0.40692,24,-0.6579
2024_10_PHI_DAL,2024,10,PHI,DAL,44,0.02462,0.54545,0.0582,29,-0.0403
2024_10_PIT_WAS,2024,10,PIT,WAS,76,0.01256,0.38158,0.25241,36,-0.2033
2024_10_PIT_WAS,2024,10,WAS,PIT,64,-0.07926,0.45312,-0.14805,41,0.04338
2024_10_SF_TB,2024,10,SF,TB,62,0.28514,0.54839,0.4895,44,-0.21441
2024_10_SF_TB,2024,10,TB,SF,61,-0.01526,0.42623,0.00682,34,-0.04307
2024_10_TEN_LAC,2024,10,LAC,TEN,48,0.2558,0.52083,0.38761,23,0.13453
2024_10_TEN_LAC,2024,10,TEN,LAC,40,0.06748,0.475,-0.07506,23,0.26033
2024_11_ATL_DEN,2024,11,ATL,DEN,32,-0.10588,0.34375,0.09942,20,-0.44806
2024_11_ATL_DEN,2024,11,DEN,ATL,38,0.48563,0.57895,0.76382,24,0.00872
2024_11_BAL_PIT,2024,11,BAL,PIT,60,-0.1328,0.4,-0.1854,39,-0.03511
2024_11_BAL_PIT,2024,11,PIT,BAL,75,-0.26912,0.32,-0.28446,42,-0.2496
2024_11_CIN_LAC,2024,11,CIN,LAC,78,0.03768,0.37179,0.07573,55,-0.0533
2024_11_CIN_LAC,2024,11,LAC,CIN,59,0.14009,0.45763,0.14053,40,0.13918
2024_11_CLE_NO,2024,11,CLE,NO,59,0.12619,0.42373,0.30899,42,-0.32545
2024_11_CLE_NO,2024,11,NO,CLE,54,0.13309,0.48148,0.06716,30,0.21549
2024_11_GB_CHI,2024,11,CHI,GB,72,0.16086,0.48611,0.15419,42,0.1702
2024_11_GB_CHI,2024,11,GB,CHI,45,0.24477,0.51111,0.5137,22,-0.01247
2024_11_HOU_DAL,2024,11,DAL,HOU,61,-0.28529,0.36066,-0.27719,48,-0.31518
2024_11_HOU_DAL,2024,11,HOU,DAL,53,0.16492,0.43396,0.18616,35,0.12362
2024_11_IND_NYJ,2024,11,IND,NYJ,70,-0.00024,0.38571,0.26335,33,-0.23535
2024_11_IND_NYJ,2024,11,NYJ,IND,52,-0.10101,0.34615,-0.02431,33,-0.23424
2024_11_JAX_DET,2024,11,DET,JAX,32,0.61022,0.8125,0.59099,16,0.62945
2024_11_JAX_DET,2024,11,JAX,DET,19,-0.4037,0.31579,-0.27044,12,-0.63213
2024_11_KC_BUF,2024,11,BUF,KC,71,0.1667,0.4507,0.31412,47,-0.12198
2024_11_KC_BUF,2024,11,KC,BUF,50,0.12858,0.54,0.1786,33,0.03148
2024_11_LA_NE,2024,11,LA,NE,49,0.39898,0.53061,0.57776,28,0.16062
2024_11_LA_NE,2024,11,NE,LA,76,0.09466,0.51316,0.24562,48,-0.16413
2024_11_LV_MIA,2024,11,LV,MIA,52,0.09057,0.38462,0.15168,37,-0.06016
2024_11_LV_MIA,2024,11,MIA,LV,64,0.35744,0.53125,0.65164,39,-0.10153
2024_11_MIN_TEN,2024,11,MIN,TEN,62,0.15442,0.46774,0.47831,38,-0.35841
2024_11_MIN_TEN,2024,11,TEN,MIN,56,-0.11073,0.26786,0.12928,38,-0.61743
2024_11_SEA_SF,2024,11,SEA,SF,60,0.00714,0.48333,0.11335,39,-0.19012
2024_11_SEA_SF,2024,11,SF,SEA,63,0.02165,0.44444,0.11525,38,-0.12064
2024_11_WAS_PHI,2024,11,PHI,WAS,68,0.12966,0.44118,0.08912,35,0.17265
2024_11_WAS_PHI,2024,11,WAS,PHI,49,-0.22374,0.40816,-0.1298,28,-0.34901
2024_12_ARI_SEA,2024,12,ARI,SEA,51,-0.28623,0.31373,-0.24007,37,-0.40822
2024_12_ARI_SEA,2024,12,SEA,ARI,62,-0.06685,0.3871,0.05666,39,-0.27629
2024_12_BAL_LAC,2024,12,BAL,LAC,56,0.32606,0.44643,0.29143,26,0.35606
2024_12_BAL_LAC,2024,12,LAC,BAL,52,-0.05368,0.42308,0.02413,35,-0.21387
2024_12_DAL_WAS,2024,12,DAL,WAS,63,0.0042,0.47619,0.26634,37,-0.36884
2024_12_DAL_WAS,2024,12,WAS,DAL,63,-0.19148,0.36508,-0.46794,38,0.22873
2024_12_DEN_LV,2024,12,DEN,LV,65,0.05411,0.41538,0.24169,44,-0.33892
2024_12_DEN_LV,2024,12,LV,DEN,70,-0.2788,0.37143,-0.33189,56,-0.06645
2024_12_DET_IND,2024,12,DET,IND,51,0.25461,0.54902,0.32535,31,0.14496
2024_12_DET_IND,2024,12,IND,DET,42,-0.12697,0.33333,-0.16648,25,-0.06887
2024_12_KC_CAR,2024,12,CAR,KC,62,0.22938,0.46774,0.23645,43,0.21337
2024_12_KC_CAR,2024,12,KC,CAR,74,0.25508,0.55405,0.27896,52,0.19865
2024_12_MIN_CHI,2024,12,CHI,MIN,66,-0.0518,0.39394,-0.0101,49,-0.17198
2024_12_MIN_CHI,2024,12,MIN,CHI,60,0.2254,0.5,0.50399,38,-0.25579
2024_12_NE_MIA,2024,12,MIA,NE,30,0.37766,0.56667,0.63957,20,-0.14614
2024_12_NE_MIA,2024,12,NE,MIA,22,-0.14497,0.40909,-0.24076,14,0.02267
2024_12_PHI_LA,2024,12,LA,PHI,45,-0.01929,0.48889,0.15739,30,-0.37264
2024_12_PHI_LA,2024,12,PHI,LA,52,0.30931,0.5,0.31732,25,0.30189
2024_12_PIT_CLE,2024,12,CLE,PIT,59,-0.00728,0.49153,-0.08385,33,0.0899
2024_12_PIT_CLE,2024,12,PIT,CLE,69,-0.00875,0.37681,0.26631,36,-0.30882
2024_12_SF_GB,2024,12,GB,SF,50,0.15104,0.5,0.22094,21,0.10043
2024_12_SF_GB,2024,12,SF,GB,37,-0.12206,0.37838,-0.11064,23,-0.14081
2024_12_TB_NYG,2024,12,NYG,TB,21,-0.74652,0.2381,-0.74437,10,-0.74848
2024_12_TB_NYG,2024,12,TB,NYG,40,0.46698,0.6,0.66374,25,0.13905
2024_12_TEN_HOU,2024,12,HOU,TEN,56,-0.25247,0.32143,-0.16583,42,-0.5124
2024_12_TEN_HOU,2024,12,TEN,HOU,65,-0.06725,0.38462,0.04241,36,-0.20339
2024_13_ARI_MIN,2024,13,ARI,MIN,81,0.08331,0.46914,0.14712,54,-0.04431
2024_13_ARI_MIN,2024,13,MIN,ARI,52,-0.02376,0.53846,-0.02364,41,-0.02419
2024_13_CHI_DET,2024,13,CHI,DET,66,0.00413,0.39394,0.02523,55,-0.1014
2024_13_CHI_DET,2024,13,DET,CHI,69,0.079,0.46377,0.08073,35,0.07722
2024_13_CLE_DEN,2024,13,CLE,DEN,80,-0.04381,0.4125,-0.01319,58,-0.12452
2024_13_CLE_DEN,2024,13,DEN,CLE,64,0.09224,0.45312,0.15959,40,-0.02
2024_13_HOU_JAX,2024,13,HOU,JAX,57,0.10718,0.42105,0.09584,38,0.12985
2024_13_HOU_JAX,2024,13,JAX,HOU,57,-0.00726,0.40351,0.11101,37,-0.22607
2024_13_IND_NE,2024,13,IND,NE,61,0.12538,0.54098,0.06002,28,0.18083
2024_13_IND_NE,2024,13,NE,IND,72,0.11116,0.5,0.21308,43,-0.03997
2024_13_LAC_ATL,2024,13,ATL,LAC,81,-0.16427,0.44444,-0.1741,43,-0.15314
2024_13_LAC_ATL,2024,13,LAC,ATL,44,-0.28625,0.31818,-0.26349,30,-0.335
2024_13_LA_NO,2024,13,LA,NO,53,0.16682,0.50943,0.07465,27,0.26253
2024_13_LA_NO,2024,13,NO,LA,71,-0.01654,0.39437,0.04587,42,-0.10692
2024_13_LV_KC,2024,13,KC,LV,69,-0.00717,0.34783,0.06286,55,-0.28229
2024_13_LV_KC,2024,13,LV,KC,67,0.03364,0.43284,0.19217,41,-0.21634
2024_13_MIA_GB,2024,13,GB,MIA,29,0.35043,0.55172,0.45401,14,0.25375
2024_13_MIA_GB,2024,13,MIA,GB,36,-0.05723,0.47222,0.09898,26,-0.46338
2024_13_NYG_DAL,2024,13,DAL,NYG,58,0.02312,0.41379,0.16734,37,-0.23098
2024_13_NYG_DAL,2024,13,NYG,DAL,45,-0.40822,0.33333,-0.68199,28,0.04269
2024_13_PHI_BAL,2024,13,BAL,PHI,65,-0.07604,0.38462,-0.03363,38,-0.13572
2024_13_PHI_BAL,2024,13,PHI,BAL,44,0.07758,0.47727,-0.0698,23,0.239
2024_13_PIT_CIN,2024,13,CIN,PIT,51,-0.10075,0.5098,-0.17033,38,0.10264
2024_13_PIT_CIN,2024,13,PIT,CIN,56,0.40921,0.64286,0.48249,39,0.24108
2024_13_SEA_NYJ,2024,13,NYJ,SEA,67,-0.23425,0.37313,-0.26273,45,-0.176
2024_13_SEA_NYJ,2024,13,SEA,NYJ,62,0.1033,0.37097,0.12528,38,0.06848
2024_13_SF_BUF,2024,13,BUF,SF,27,0.60783,0.62963,0.67274,11,0.56321
2024_13_SF_BUF,2024,13,SF,BUF,32,-0.12405,0.4375,-0.0225,13,-0.19353
2024_13_TB_CAR,2024,13,CAR,TB,70,0.00402,0.48571,0.13055,52,-0.36152
2024_13_TB_CAR,2024,13,TB,CAR,79,-0.00613,0.4557,-0.1213,41,0.11813
2024_13_TEN_WAS,2024,13,TEN,WAS,21,-0.55186,0.19048,-0.42507,12,-0.72091
2024_13_TEN_WAS,2024,13,WAS,TEN,18,0.71518,0.77778,0.86429,9,0.56606
2024_14_ATL_MIN,2024,14,ATL,MIN,60,0.08526,0.51667,-0.00145,30,0.17196
2024_14_ATL_MIN,2024,14,MIN,ATL,49,0.36655,0.46939,0.6239,35,-0.27685
2024_14_BUF_LA,2024,14,BUF,LA,48,0.26918,0.52083,0.35068,33,0.08987
2024_14_BUF_LA,2024,14,LA,BUF,74,0.33896,0.54054,0.78025,35,-0.05707
2024_14_CAR_PHI,2024,14,CAR,PHI,70,0.00883,0.38571,0.09315,43,-0.12545
2024_14_CAR_PHI,2024,14,PHI,CAR,57,0.12576,0.47368,0.03334,29,0.22148
2024_14_CHI_SF,2024,14,CHI,SF,14,-0.74345,0.07143,-0.84764,10,-0.48298
2024_14_CHI_SF,2024,14,SF,CHI,30,0.59107,0.53333,0.94747,17,0.12501
2024_14_CIN_DAL,2024,14,CIN,DAL,69,0.10167,0.49275,0.14855,52,-0.04173
2024_14_CIN_DAL,2024,14,DAL,CIN,59,0.02045,0.45763,-0.11537,35,0.21852
2024_14_CLE_PIT,2024,14,CLE,PIT,46,-0.40073,0.28261,-0.48366,28,-0.27172
2024_14_CLE_PIT,2024,14,PIT,CLE,46,-0.02451,0.43478,-0.04035,26,-0.00392
2024_14_GB_DET,2024,14,DET,GB,80,0.04223,0.475,0.29909,45,-0.28802
2024_14_GB_DET,2024,14,GB,DET,49,0.15768,0.46939,0.23119,27,0.06747
2024_14_JAX_TEN,2024,14,JAX,TEN,58,0.01141,0.41379,0.08134,35,-0.09502
2024_14_JAX_TEN,2024,14,TEN,JAX,64,-0.14697,0.375,-0.2537,35,-0.01817
2024_14_LAC_KC,2024,14,KC,LAC,67,0.06872,0.55224,0.13443,46,-0.07522
2024_14_LAC_KC,2024,14,LAC,KC,60,0.09424,0.4,0.21394,38,-0.1125
2024_14_LV_TB,2024,14,LV,TB,56,-0.15433,0.42857,-0.15513,33,-0.15319
2024_14_LV_TB,2024,14,TB,LV,57,0.04174,0.50877,-0.06311,36,0.2215
2024_14_NO_NYG,2024,14,NO,NYG,68,-0.06051,0.42647,0.08281,36,-0.22174
2024_14_NO_NYG,2024,14,NYG,NO,77,-0.14048,0.35065,-0.10274,59,-0.26419
2024_14_NYJ_MIA,2024,14,MIA,NYJ,71,0.21952,0.57746,0.42763,51,-0.31118
2024_14_NYJ_MIA,2024,14,NYJ,MIA,68,0.24399,0.52941,0.37972,45,-0.02158
2024_14_SEA_ARI,2024,14,ARI,SEA,59,-0.16266,0.42373,-0.20694,37,-0.08819
2024_14_SEA_ARI,2024,14,SEA,ARI,55,0.14824,0.47273,0.20228,30,0.08339
2024_15_ATL_LV,2024,15,ATL,LV,50,-0.17945,0.36,-0.27579,21,-0.10968
2024_15_ATL_LV,2024,15,LV,ATL,62,-0.27676,0.3871,-0.16428,43,-0.5313
2024_15_BAL_NYG,2024,15,BAL,NYG,37,0.41147,0.64865,0.71967,20,0.04888
2024_15_BAL_NYG,2024,15,NYG,BAL,39,-0.04638,0.35897,0.17373,24,-0.39855
2024_15_BUF_DET,2024,15,BUF,DET,49,0.53228,0.57143,0.68002,28,0.33529
2024_15_BUF_DET,2024,15,DET,BUF,42,-0.03857,0.42857,0.0968,30,-0.377
2024_15_CHI_MIN,2024,15,CHI,MIN,45,-0.39672,0.37778,-0.46635,23,-0.32393
2024_15_CHI_MIN,2024,15,MIN,CHI,57,0.01198,0.49123,0.07308,40,-0.13179
2024_15_CIN_TEN,2024,15,CIN,TEN,48,0.20125,0.52083,0.29841,33,-0.01251
2024_15_CIN_TEN,2024,15,TEN,CIN,45,-0.30235,0.48889,-0.45139,21,-0.17195
2024_15_DAL_CAR,2024,15,CAR,DAL,33,-0.40708,0.36364,-0.52178,22,-0.17768
2024_15_DAL_CAR,2024,15,DAL,CAR,48,0.1953,0.5625,0.4312,25,-0.06112
2024_15_GB_SEA,2024,15,GB,SEA,45,0.29647,0.6,0.71074,21,-0.06602
2024_15_GB_SEA,2024,15,SEA,GB,42,-0.36995,0.35714,-0.4257,32,-0.19154
2024_15_IND_DEN,2024,15,DEN,IND,50,-0.31303,0.38,-0.3776,34,-0.17581
2024_15_IND_DEN,2024,15,IND,DEN,65,-0.48739,0.27692,-0.48929,36,-0.48503
2024_15_KC_CLE,2024,15,CLE,KC,46,-0.67437,0.32609,-0.69953,30,-0.6272
2024_15_KC_CLE,2024,15,KC,CLE,45,0.0971,0.48889,0.16199,24,0.02294
2024_15_LA_SF,2024,15,LA,SF,64,-0.10027,0.39062,-0.13667,28,-0.07195
2024_15_LA_SF,2024,15,SF,LA,54,-0.2987,0.2963,-0.33127,35,-0.2387
2024_15_MIA_HOU,2024,15,HOU,MIA,42,-0.18048,0.42857,-0.20957,30,-0.10774
2024_15_MIA_HOU,2024,15,MIA,HOU,65,-0.2026,0.44615,-0.18671,46,-0.24107
2024_15_NE_ARI,2024,15,ARI,NE,45,0.13797,0.4,0.13637,30,0.14115
2024_15_NE_ARI,2024,15,NE,ARI,39,-0.25933,0.46154,-0.26396,21,-0.25392
2024_15_NYJ_JAX,2024,15,JAX,NYJ,84,0.11908,0.53571,0.13987,58,0.07271
2024_15_NYJ_JAX,2024,15,NYJ,JAX,58,0.4163,0.43103,0.52766,41,0.14771
2024_15_PIT_PHI,2024,15,PHI,PIT,58,0.12048,0.41379,0.26854,33,-0.07495
2024_15_PIT_PHI,2024,15,PIT,PHI,41,-0.28464,0.36585,-0.17159,25,-0.46129
2024_15_TB_LAC,2024,15,LAC,TB,46,-0.15677,0.41304,-0.12693,35,-0.25172
2024_15_TB_LAC,2024,15,TB,LAC,51,0.19448,0.52941,0.35873,31,-0.06012
2024_15_WAS_NO,2024,15,NO,WAS,54,-0.05892,0.37037,-0.02133,39,-0.15664
2024_15_WAS_NO,2024,15,WAS,NO,74,0.07908,0.48649,0.16923,46,-0.06902
2024_16_ARI_CAR,2024,16,ARI,CAR,70,0.15068,0.51429,0.13704,45,0.17525
2024_16_ARI_CAR,2024,16,CAR,ARI,67,0.26165,0.46269,0.2857,35,0.23534
2024_16_CLE_CIN,2024,16,CIN,CLE,44,0.11585,0.54545,0.10849,31,0.13341
2024_16_CLE_CIN,2024,16,CLE,CIN,52,-0.18536,0.38462,-0.2388,31,-0.10647
2024_16_DEN_LAC,2024,16,DEN,LAC,57,0.19393,0.42105,0.23965,38,0.10248
2024_16_DEN_LAC,2024,16,LAC,DEN,61,0.24187,0.52459,0.49118,39,-0.20008
2024_16_DET_CHI,2024,16,CHI,DET,39,-0.13538,0.33333,0.20404,25,-0.74148
2024_16_DET_CHI,2024,16,DET,CHI,44,0.53311,0.61364,0.80791,24,0.20335
2024_16_HOU_KC,2024,16,HOU,KC,59,0.07439,0.37288,0.12134,44,-0.06331
2024_16_HOU_KC,2024,16,KC,HOU,67,0.1388,0.47761,0.29647,47,-0.23173
2024_16_JAX_LV,2024,16,JAX,LV,67,-0.23457,0.28358,-0.21496,45,-0.27468
2024_16_JAX_LV,2024,16,LV,JAX,70,-0.06851,0.41429,-0.0006,47,-0.2073
2024_16_LA_NYJ,2024,16,LA,NYJ,46,0.1564,0.54348,0.20055,20,0.12244
2024_16_LA_NYJ,2024,16,NYJ,LA,69,-0.1017,0.43478,-0.02302,49,-0.29447
2024_16_MIN_SEA,2024,16,MIN,SEA,63,0.11123,0.47619,0.27377,42,-0.21387
2024_16_MIN_SEA,2024,16,SEA,MIN,64,0.04561,0.5,0.0697,48,-0.02668
2024_16_NE_BUF,2024,16,BUF,NE,50,0.1002,0.48,0.08385,32,0.12928
2024_16_NE_BUF,2024,16,NE,BUF,72,-0.0303,0.47222,0.21598,44,-0.4173
2024_16_NO_GB,2024,16,GB,NO,33,0.4573,0.60606,0.53832,15,0.38978
2024_16_NO_GB,2024,16,NO,GB,28,-0.26023,0.35714,-0.34223,16,-0.15089
2024_16_NYG_ATL,2024,16,ATL,NYG,37,0.10413,0.48649,0.17973,20,0.01519
2024_16_NYG_ATL,2024,16,NYG,ATL,35,-0.63646,0.48571,-0.90999,24,-0.03965
2024_16_PHI_WAS,2024,16,PHI,WAS,74,0.12139,0.39189,0.14568,40,0.09283
2024_16_PHI_WAS,2024,16,WAS,PHI,66,-0.04161,0.42424,0.21773,47,-0.68311
2024_16_PIT_BAL,2024,16,BAL,PIT,49,0.17513,0.53061,0.18157,24,0.16895
2024_16_PIT_BAL,2024,16,PIT,BAL,52,-0.13482,0.40385,-0.21719,33,0.00824
2024_16_SF_MIA,2024,16,MIA,SF,64,0.04213,0.48438,0.11397,35,-0.04459
2024_16_SF_MIA,2024,16,SF,MIA,55,0.09967,0.49091,0.17032,38,-0.05827
2024_16_TB_DAL,2024,16,DAL,TB,56,0.00391,0.375,0.25362,38,-0.52325
2024_16_TB_DAL,2024,16,TB,DAL,72,0.04328,0.52778,-0.01951,52,0.20653
2024_16_TEN_IND,2024,16,IND,TEN,33,0.49334,0.51515,0.10113,10,0.66387
2024_16_TEN_IND,2024,16,TEN,IND,27,-0.18535,0.2963,-0.08185,17,-0.36129
2024_17_ARI_LA,2024,17,ARI,LA,79,-0.0351,0.51899,0.03726,58,-0.23494
2024_17_ARI_LA,2024,17,LA,ARI,56,-0.06754,0.44643,-0.03044,36,-0.13432
2024_17_ATL_WAS,2024,17,ATL,WAS,64,0.11071,0.53125,0.05184,42,0.22311
2024_17_ATL_WAS,2024,17,WAS,ATL,82,0.15999,0.5,0.20604,51,0.08422
2024_17_BAL_HOU,2024,17,BAL,HOU,34,0.44907,0.61765,0.60757,14,0.33812
2024_17_BAL_HOU,2024,17,HOU,BAL,36,-0.33644,0.33333,-0.33478,27,-0.34143
2024_17_CAR_TB,2024,17,CAR,TB,28,0.11399,0.35714,0.30893,21,-0.47084
2024_17_CAR_TB,2024,17,TB,CAR,50,0.46535,0.62,0.6972,27,0.19318
2024_17_DAL_PHI,2024,17,DAL,PHI,37,-0.28311,0.43243,-0.41296,20,-0.13035
2024_17_DAL_PHI,2024,17,PHI,DAL,35,0.28067,0.45714,0.47522,16,0.11684
2024_17_DEN_CIN,2024,17,CIN,DEN,89,0.17989,0.5618,0.33805,64,-0.22502
2024_17_DEN_CIN,2024,17,DEN,CIN,60,0.17168,0.45,0.24564,39,0.03432
2024_17_DET_SF,2024,17,DET,SF,68,0.36775,0.55882,0.55489,38,0.1307
2024_17_DET_SF,2024,17,SF,DET,52,0.26542,0.57692,0.38836,36,-0.01119
2024_17_GB_MIN,2024,17,GB,MIN,44,-0.13979,0.45455,-0.00871,25,-0.31226
2024_17_GB_MIN,2024,17,MIN,GB,59,0.2269,0.55932,0.40145,42,-0.20436
2024_17_IND_NYG,2024,17,IND,NYG,74,0.16069,0.48649,0.38816,41,-0.12192
2024_17_IND_NYG,2024,17,NYG,IND,49,0.38026,0.42857,1.17591,26,-0.51918
2024_17_KC_PIT,2024,17,KC,PIT,51,0.33533,0.52941,0.47582,37,-0.03597
2024_17_KC_PIT,2024,17,PIT,KC,50,-0.18203,0.38,-0.2144,31,-0.12922
2024_17_LAC_NE,2024,17,LAC,NE,56,0.40297,0.57143,0.65805,36,-0.05617
2024_17_LAC_NE,2024,17,NE,LAC,24,-0.3249,0.33333,0.16844,16,-1.31159
2024_17_LV_NO,2024,17,LV,NO,67,0.17409,0.46269,0.33653,34,0.00672
2024_17_LV_NO,2024,17,NO,LV,42,-0.26168,0.38095,-0.26531,29,-0.25359
2024_17_MIA_CLE,2024,17,CLE,MIA,64,-0.38784,0.29688,-0.59606,37,-0.10251
2024_17_MIA_CLE,2024,17,MIA,CLE,53,-0.16672,0.35849,0.11575,35,-0.71596
2024_17_NYJ_BUF,2024,17,BUF,NYJ,51,0.10858,0.4902,0.25967,31,-0.1256
2024_17_NYJ_BUF,2024,17,NYJ,BUF,33,-0.3593,0.48485,-0.33563,18,-0.38769
2024_17_SEA_CHI,2024,17,CHI,SEA,61,-0.2169,0.34426,-0.25663,41,-0.13545
2024_17_SEA_CHI,2024,17,SEA,CHI,51,-0.17957,0.41176,-0.22785,28,-0.12079
2024_17_TEN_JAX,2024,17,JAX,TEN,54,0.17148,0.5,0.37352,26,-0.01613
2024_17_TEN_JAX,2024,17,TEN,JAX,69,0.0344,0.50725,0.05338,41,0.0066
2024_18_BUF_NE,2024,18,BUF,NE,67,-0.08855,0.40299,-0.07336,33,-0.1033
2024_18_BUF_NE,2024,18,NE,BUF,61,0.01378,0.42623,0.26477,36,-0.34764
2024_18_CAR_ATL,2024,18,ATL,CAR,79,0.25448,0.60759,0.168,41,0.34778
2024_18_CAR_ATL,2024,18,CAR,ATL,65,0.38499,0.49231,0.57242,41,0.06478
2024_18_CHI_GB,2024,18,CHI,GB,61,-0.18178,0.36066,-0.19424,35,-0.16501
2024_18_CHI_GB,2024,18,GB,CHI,65,-0.12074,0.43077,-0.21389,32,-0.03042
2024_18_CIN_PIT,2024,18,CIN,PIT,73,-0.01372,0.49315,-0.01821,52,-0.0026
2024_18_CIN_PIT,2024,18,PIT,CIN,61,-0.12227,0.36066,-0.04781,40,-0.26411
2024_18_CLE_BAL,2024,18,BAL,CLE,45,0.11082,0.46667,0.24415,30,-0.15585
2024_18_CLE_BAL,2024,18,CLE,BAL,31,-0.56385,0.22581,-0.63267,20,-0.43873
2024_18_HOU_TEN,2024,18,HOU,TEN,45,0.23681,0.51111,0.14097,30,0.42849
2024_18_HOU_TEN,2024,18,TEN,HOU,42,-0.34142,0.35714,0.09656,19,-0.70323
2024_18_JAX_IND,2024,18,IND,JAX,78,0.05089,0.48718,-0.0139,44,0.13475
2024_18_JAX_IND,2024,18,JAX,IND,67,0.0096,0.41791,0.06104,37,-0.05384
2024_18_KC_DEN,2024,18,DEN,KC,35,0.52028,0.6,0.57064,21,0.44474
2024_18_KC_DEN,2024,18,KC,DEN,17,-0.19362,0.17647,-0.04592,12,-0.5481
2024_18_LAC_LV,2024,18,LAC,LV,61,0.26797,0.54098,0.53084,38,-0.16633
2024_18_LAC_LV,2024,18,LV,LAC,38,-0.25482,0.39474,-0.28602,27,-0.17823
2024_18_MIA_NYJ,2024,18,MIA,NYJ,58,-0.17983,0.41379,-0.26934,37,-0.02212
2024_18_MIA_NYJ,2024,18,NYJ,MIA,64,0.0759,0.4375,0.05089,41,0.1205
2024_18_MIN_DET,2024,18,DET,MIN,54,-0.02391,0.5,0.10154,32,-0.20639
2024_18_MIN_DET,2024,18,MIN,DET,50,-0.21001,0.34,-0.40831,35,0.25269
2024_18_NO_TB,2024,18,NO,TB,66,0.01003,0.42424,0.03271,48,-0.05044
2024_18_NO_TB,2024,18,TB,NO,65,0.18342,0.46154,0.41462,39,-0.16337
2024_18_NYG_PHI,2024,18,NYG,PHI,52,-0.25009,0.36538,-0.56547,27,0.09053
2024_18_NYG_PHI,2024,18,PHI,NYG,64,-0.01795,0.40625,0.17481,43,-0.41265
2024_18_SEA_LA,2024,18,LA,SEA,66,0.0241,0.43939,0.04468,46,-0.02325
2024_18_SEA_LA,2024,18,SEA,LA,54,0.24629,0.53704,0.32796,30,0.14419
2024_18_SF_ARI,2024,18,ARI,SF,57,0.21377,0.54386,0.28388,36,0.09358
2024_18_SF_ARI,2024,18,SF,ARI,63,0.06835,0.50794,0.13761,39,-0.04421
2024_18_WAS_DAL,2024,18,DAL,WAS,78,0.00205,0.42308,0.05619,40,-0.05494
2024_18_WAS_DAL,2024,18,WAS,DAL,56,0.08561,0.48214,0.02431,41,0.25314
2024_19_DEN_BUF,2024,19,BUF,DEN,54,0.28491,0.57407,0.40075,25,0.18506
2024_19_DEN_BUF,2024,19,DEN,BUF,31,0.02444,0.45161,0.17454,18,-0.1834
2024_19_GB_PHI,2024,19,GB,PHI,59,-0.06502,0.44068,-0.10064,35,-0.01308
2024_19_GB_PHI,2024,19,PHI,GB,52,0.01205,0.36538,-0.05108,26,0.07518
2024_19_LAC_HOU,2024,19,HOU,LAC,52,-0.20121,0.38462,-0.02372,38,-0.68298
2024_19_LAC_HOU,2024,19,LAC,HOU,48,-0.6265,0.33333,-0.7833,31,-0.34057
2024_19_MIN_LA,2024,19,LA,MIN,26,0.17487,0.5,0.16227,21,0.22778
2024_19_MIN_LA,2024,19,MIN,LA,37,-0.62704,0.37838,-0.88149,26,-0.02561
2024_19_PIT_BAL,2024,19,BAL,PIT,44,0.37559,0.54545,0.40056,21,0.3528
2024_19_PIT_BAL,2024,19,PIT,BAL,28,-0.1439,0.32143,-0.16126,23,-0.06401
2024_19_WAS_TB,2024,19,TB,WAS,47,0.12245,0.53191,0.50685,26,-0.35347
2024_19_WAS_TB,2024,19,WAS,TB,71,0.15584,0.4507,0.35322,44,-0.16583
2024_20_BAL_BUF,2024,20,BAL,BUF,56,0.1058,0.5,0.04003,31,0.18736
2024_20_BAL_BUF,2024,20,BUF,BAL,58,0.10173,0.48276,-0.00494,25,0.18253
2024_20_HOU_KC,2024,20,HOU,KC,62,0.01714,0.46774,-0.00842,38,0.0576
2024_20_HOU_KC,2024,20,KC,HOU,43,0.15434,0.4186,0.12109,30,0.23107
2024_20_LA_PHI,2024,20,LA,PHI,65,-0.16757,0.4,-0.05685,45,-0.41669
2024_20_LA_PHI,2024,20,PHI,LA,62,0.08479,0.41935,-0.11647,32,0.29947
2024_20_WAS_DET,2024,20,DET,WAS,48,0.12465,0.60417,-0.24998,26,0.56739
2024_20_WAS_DET,2024,20,WAS,DET,64,0.3587,0.53125,0.60433,36,0.0429
2024_21_BUF_KC,2024,21,BUF,KC,73,0.15271,0.45205,0.23181,40,0.05682
2024_21_BUF_KC,2024,21,KC,BUF,61,0.26439,0.55738,0.60491,36,-0.22596
2024_21_WAS_PHI,2024,21,PHI,WAS,55,0.35793,0.56364,0.59851,31,0.04719
2024_21_WAS_PHI,2024,21,WAS,PHI,57,0.082,0.45614,0.08132,42,0.08389
2024_22_KC_PHI,2024,22,KC,PHI,17,-1.36523,0.11765,-1.52853,14,-0.60316
2024_22_KC_PHI,2024,22,PHI,KC,41,0.02942,0.36585,0.40041,20,-0.3239
2025_01_ARI_NO,2025,1,ARI,NO,60,0.09541,0.45,0.11118,40,0.06387
2025_01_ARI_NO,2025,1,NO,ARI,73,-0.05714,0.42466,-0.01403,51,-0.15707
2025_01_BAL_BUF,2025,1,BAL,BUF,46,0.5624,0.54348,0.57054,22,0.55494
2025_01_BAL_BUF,2025,1,BUF,BAL,63,0.24968,0.46032,0.37549,40,0.03087
2025_01_CAR_JAX,2025,1,CAR,JAX,45,-0.24427,0.35556,-0.35237,26,-0.09634
2025_01_CAR_JAX,2025,1,JAX,CAR,36,0.24694,0.55556,0.10087,21,0.45144
2025_01_CIN_CLE,2025,1,CIN,CLE,52,-0.07323,0.42308,-0.01864,29,-0.14205
2025_01_CIN_CLE,2025,1,CLE,CIN,76,-0.03204,0.40789,-0.01745,53,-0.06565
2025_01_DAL_PHI,2025,1,DAL,PHI,60,0.10413,0.46667,0.13386,39,0.04893
2025_01_DAL_PHI,2025,1,PHI,DAL,59,0.16045,0.50847,0.24953,33,0.04738
2025_01_DET_GB,2025,1,DET,GB,48,-0.09035,0.41667,0.04207,27,-0.2606
2025_01_DET_GB,2025,1,GB,DET,37,0.28122,0.43243,0.50131,23,-0.08037
2025_01_HOU_LA,2025,1,HOU,LA,63,-0.14471,0.36508,-0.1323,38,-0.16356
2025_01_HOU_LA,2025,1,LA,HOU,54,-0.09812,0.40741,-0.03521,33,-0.19699
2025_01_KC_LAC,2025,1,KC,LAC,59,0.08072,0.44068,0.08744,47,0.05439
2025_01_KC_LAC,2025,1,LAC,KC,62,0.28234,0.56452,0.43806,43,-0.07008
2025_01_LV_NE,2025,1,LV,NE,55,0.12177,0.45455,0.29437,37,-0.233
2025_01_LV_NE,2025,1,NE,LV,63,-0.08266,0.38095,0.00924,46,-0.33134
2025_01_MIA_IND,2025,1,IND,MIA,40,0.27748,0.5,0.40104,25,0.07155
2025_01_MIA_IND,2025,1,MIA,IND,21,-0.64891,0.38095,-0.88516,15,-0.05829
2025_01_MIN_CHI,2025,1,CHI,MIN,64,-0.09124,0.375,-0.0388,43,-0.19863
2025_01_MIN_CHI,2025,1,MIN,CHI,56,-0.08261,0.42857,-0.13171,30,-0.02595
2025_01_NYG_WAS,2025,1,NYG,WAS,54,-0.13908,0.38889,-0.12138,38,-0.18115
2025_01_NYG_WAS,2025,1,WAS,NYG,61,0.10148,0.5082,0.09842,41,0.10775
2025_01_PIT_NYJ,2025,1,NYJ,PIT,64,0.21198,0.5,0.39979,26,0.08347
2025_01_PIT_NYJ,2025,1,PIT,NYJ,55,0.2003,0.43636,0.33871,36,-0.06195
2025_01_SF_SEA,2025,1,SEA,SF,51,-0.17817,0.4902,-0.22484,26,-0.12964
2025_01_SF_SEA,2025,1,SF,SEA,74,0.1253,0.5,0.41083,42,-0.24946
2025_01_TB_ATL,2025,1,ATL,TB,75,0.07518,0.45333,0.35407,51,-0.51747
2025_01_TB_ATL,2025,1,TB,ATL,57,0.13958,0.38596,0.29894,38,-0.17914
2025_01_TEN_DEN,2025,1,DEN,TEN,64,-0.14247,0.42188,-0.20349,42,-0.02598
2025_01_TEN_DEN,2025,1,TEN,DEN,54,-0.40552,0.24074,-0.38549,33,-0.43699
2025_02_ATL_MIN,2025,2,ATL,MIN,54,-0.07364,0.48148,-0.34714,26,0.18032
2025_02_ATL_MIN,2025,2,MIN,ATL,43,-0.46134,0.39535,-0.63412,26,-0.19707
2025_02_BUF_NYJ,2025,2,BUF,NYJ,49,0.30504,0.46939,0.44219,26,0.14999
2025_02_BUF_NYJ,2025,2,NYJ,BUF,25,-0.55656,0.32,-0.83221,11,-0.33997
2025_02_CAR_ARI,2025,2,ARI,CAR,33,0.12022,0.39394,0.3127,23,-0.3225
2025_02_CAR_ARI,2025,2,CAR,ARI,41,-0.35907,0.29268,-0.34734,31,-0.39543
2025_02_CHI_DET,2025,2,CHI,DET,42,-0.25949,0.35714,-0.075,26,-0.5593
2025_02_CHI_DET,2025,2,DET,CHI,39,0.3379,0.58974,0.46275,24,0.13813
2025_02_CLE_BAL,2025,2,BAL,CLE,49,0.03116,0.38776,0.15115,34,-0.2408
2025_02_CLE_BAL,2025,2,CLE,BAL,48,-0.25871,0.27083,-0.38169,34,0.03997
2025_02_DEN_IND,2025,2,DEN,IND,59,0.22862,0.49153,0.41468,36,-0.06261
2025_02_DEN_IND,2025,2,IND,DEN,71,0.13224,0.47887,0.30829,40,-0.09492
2025_02_JAX_CIN,2025,2,CIN,JAX,69,0.01774,0.43478,0.01636,51,0.02164
2025_02_JAX_CIN,2025,2,JAX,CIN,71,0.09157,0.49296,0.08832,45,0.0972
2025_02_LAC_LV,2025,2,LAC,LV,43,0.13791,0.44186,0.5074,28,-0.5518
2025_02_LAC_LV,2025,2,LV,LAC,65,-0.25151,0.35385,-0.27015,48,-0.19889
2025_02_LA_TEN,2025,2,LA,TEN,49,0.2496,0.44898,0.25986,33,0.22843
2025_02_LA_TEN,2025,2,TEN,LA,55,-0.16132,0.34545,-0.22567,33,-0.06481
2025_02_NE_MIA,2025,2,MIA,NE,57,0.09783,0.47368,0.15892,42,-0.07322
2025_02_NE_MIA,2025,2,NE,MIA,57,0.28867,0.49123,0.60231,32,-0.11279
2025_02_NYG_DAL,2025,2,DAL,NYG,89,0.16549,0.47191,0.21054,62,0.06205
2025_02_NYG_DAL,2025,2,NYG,DAL,67,0.22455,0.46269,0.41978,46,-0.20309
2025_02_PHI_KC,2025,2,KC,PHI,54,-0.25249,0.38889,-0.1905,35,-0.36669
2025_02_PHI_KC,2025,2,PHI,KC,54,0.03707,0.44444,-0.20656,25,0.24709
2025_02_SEA_PIT,2025,2,PIT,SEA,50,-0.14994,0.36,-0.14155,31,-0.16364
2025_02_SEA_PIT,2025,2,SEA,PIT,62,0.09286,0.45161,0.05984,36,0.13858
2025_02_SF_NO,2025,2,NO,SF,71,-0.05184,0.43662,-0.03867,44,-0.07329
2025_02_SF_NO,2025,2,SF,NO,67,0.09052,0.49254,0.1968,44,-0.1128
2025_02_TB_HOU,2025,2,HOU,TB,48,-0.0822,0.39583,-0.06686,32,-0.11287
2025_02_TB_HOU,2025,2,TB,HOU,80,0.15211,0.5375,0.10634,52,0.23711
2025_02_WAS_GB,2025,2,GB,WAS,60,0.20662,0.55,0.34886,34,0.02061
2025_02_WAS_GB,2025,2,WAS,GB,47,-0.15806,0.31915,-0.18573,35,-0.07736
2025_03_ARI_SF,2025,3,ARI,SF,66,0.04519,0.39394,0.14542,41,-0.1192
2025_03_ARI_SF,2025,3,SF,ARI,63,-0.0911,0.50794,-0.01899,44,-0.25809
2025_03_ATL_CAR,2025,3,ATL,CAR,40,-0.3531,0.3,-0.50036,28,-0.00949
2025_03_ATL_CAR,2025,3,CAR,ATL,33,-0.0408,0.48485,0.10214,19,-0.23478
2025_03_CIN_MIN,2025,3,CIN,MIN,31,-1.00194,0.25806,-1.53578,19,-0.1567
2025_03_CIN_MIN,2025,3,MIN,CIN,24,-0.1311,0.45833,-0.20498,14,-0.02766
2025_03_DAL_CHI,2025,3,CHI,DAL,47,0.37955,0.48936,0.6961,25,0.01982
2025_03_DAL_CHI,2025,3,DAL,CHI,42,0.07447,0.52381,0.10979,24,0.02738
2025_03_DEN_LAC,2025,3,DEN,LAC,51,-0.12257,0.2549,-0.12851,35,-0.10959
2025_03_DEN_LAC,2025,3,LAC,DEN,86,-0.00718,0.4186,-0.00037,58,-0.02127
2025_03_DET_BAL,2025,3,BAL,DET,49,0.01266,0.4898,0.21217,33,-0.39883
2025_03_DET_BAL,2025,3,DET,BAL,64,0.2916,0.57812,0.45982,28,0.16076
2025_03_GB_CLE,2025,3,CLE,GB,65,-0.14697,0.32308,-0.17313,45,-0.0881
2025_03_GB_CLE,2025,3,GB,CLE,64,-0.03806,0.39062,0.03795,35,-0.12981
2025_03_HOU_JAX,2025,3,HOU,JAX,61,-0.19796,0.34426,-0.18252,45,-0.2414
2025_03_HOU_JAX,2025,3,JAX,HOU,69,-0.14395,0.37681,-0.11933,45,-0.19011
2025_03_IND_TEN,2025,3,IND,TEN,40,0.33562,0.55,0.5297,25,0.01216
2025_03_IND_TEN,2025,3,TEN,IND,47,-0.22401,0.42553,-0.35566,30,0.00833
2025_03_KC_NYG,2025,3,KC,NYG,65,0.19592,0.50769,0.24289,45,0.09023
2025_03_KC_NYG,2025,3,NYG,KC,55,-0.14555,0.4,-0.24418,33,0.00241
2025_03_LA_PHI,2025,3,LA,PHI,66,0.00208,0.5,-0.00222,35,0.00693
2025_03_LA_PHI,2025,3,PHI,LA,66,0.01135,0.42424,-0.01357,40,0.04968
2025_03_LV_WAS,2025,3,LV,WAS,36,-0.20206,0.27778,-0.1696,19,-0.23834
2025_03_LV_WAS,2025,3,WAS,LV,36,0.18567,0.5,0.2538,17,0.12471
2025_03_MIA_BUF,2025,3,BUF,MIA,57,0.28476,0.54386,0.36642,34,0.16404
2025_03_MIA_BUF,2025,3,MIA,BUF,58,0.04038,0.39655,0.01365,35,0.08106
2025_03_NO_SEA,2025,3,NO,SEA,29,-0.16608,0.44828,-0.08208,19,-0.32569
2025_03_NO_SEA,2025,3,SEA,NO,8,0.75055,0.625,1.59042,4,-0.08931
2025_03_NYJ_TB,2025,3,NYJ,TB,44,-0.44728,0.36364,-0.46357,30,-0.41236
2025_03_NYJ_TB,2025,3,TB,NYJ,59,0.10098,0.33898,0.49948,33,-0.40482
2025_03_PIT_NE,2025,3,NE,PIT,74,-0.10999,0.47297,0.16256,50,-0.67781
2025_03_PIT_NE,2025,3,PIT,NE,51,0.04847,0.52941,0.19126,27,-0.11217
2025_04_BAL_KC,2025,4,BAL,KC,38,-0.04061,0.47368,-0.12134,28,0.18546
2025_04_BAL_KC,2025,4,KC,BAL,46,0.36772,0.54348,0.42024,32,0.24766
2025_04_CAR_NE,2025,4,CAR,NE,32,0.01178,0.59375,0.09031,20,-0.1191
2025_04_CAR_NE,2025,4,NE,CAR,17,0.50238,0.58824,0.85608,8,0.18797
2025_04_CHI_LV,2025,4,CHI,LV,67,-0.1321,0.41791,-0.02907,44,-0.32922
2025_04_CHI_LV,2025,4,LV,CHI,51,-0.19576,0.52941,-0.34013,22,-0.08624
2025_04_CIN_DEN,2025,4,CIN,DEN,35,-0.10619,0.42857,-0.18219,22,0.02243
2025_04_CIN_DEN,2025,4,DEN,CIN,45,0.30539,0.53333,0.37609,30,0.16398
2025_04_CLE_DET,2025,4,CLE,DET,55,-0.24077,0.30909,-0.35159,33,-0.07454
2025_04_CLE_DET,2025,4,DET,CLE,43,-0.19936,0.4186,-0.19661,24,-0.20284
2025_04_GB_DAL,2025,4,DAL,GB,69,0.33557,0.55072,0.51404,42,0.05796
2025_04_GB_DAL,2025,4,GB,DAL,82,0.36027,0.56098,0.54168,50,0.07682
2025_04_IND_LA,2025,4,IND,LA,60,-0.13963,0.43333,-0.17224,40,-0.07442
2025_04_IND_LA,2025,4,LA,IND,70,0.01372,0.5,0.24346,48,-0.48754
2025_04_JAX_SF,2025,4,JAX,SF,64,0.07139,0.45312,0.22097,34,-0.09812
2025_04_JAX_SF,2025,4,SF,JAX,66,-0.054,0.45455,0.00214,43,-0.15896
2025_04_LAC_NYG,2025,4,LAC,NYG,63,-0.11309,0.42857,-0.27881,48,0.41723
2025_04_LAC_NYG,2025,4,NYG,LAC,76,-0.07293,0.44737,-0.04472,34,-0.09576
2025_04_MIN_PIT,2025,4,MIN,PIT,58,-0.19618,0.36207,-0.22788,43,-0.10531
2025_04_MIN_PIT,2025,4,PIT,MIN,35,0.31802,0.6,0.36821,19,0.25842
2025_04_NO_BUF,2025,4,BUF,NO,48,0.22728,0.5,0.40455,25,0.0346
2025_04_NO_BUF,2025,4,NO,BUF,63,-0.03729,0.46032,-0.114,31,0.03703
2025_04_NYJ_MIA,2025,4,MIA,NYJ,45,0.24873,0.44444,0.63854,24,-0.19678
2025_04_NYJ_MIA,2025,4,NYJ,MIA,51,-0.01619,0.54902,0.12823,30,-0.2225
2025_04_PHI_TB,2025,4,PHI,TB,52,-0.00584,0.46154,0.07254,31,-0.12154
2025_04_PHI_TB,2025,4,TB,PHI,67,-0.22041,0.38806,-0.18656,43,-0.28104
2025_04_SEA_ARI,2025,4,ARI,SEA,64,-0.12177,0.375,-0.10066,51,-0.20455
2025_04_SEA_ARI,2025,4,SEA,ARI,65,0.1197,0.44615,0.46522,32,-0.21536
2025_04_TEN_HOU,2025,4,HOU,TEN,58,0.05895,0.41379,0.10978,31,0.00058
2025_04_TEN_HOU,2025,4,TEN,HOU,37,-0.27111,0.32432,-0.3549,24,-0.11643
2025_04_WAS_ATL,2025,4,ATL,WAS,58,0.31487,0.53448,0.69529,29,-0.06554
2025_04_WAS_ATL,2025,4,WAS,ATL,48,-0.05075,0.45833,-0.10161,28,0.02045
2025_05_DAL_NYJ,2025,5,DAL,NYJ,32,0.59889,0.5,0.65849,19,0.51178
2025_05_DAL_NYJ,2025,5,NYJ,DAL,43,-0.1862,0.44186,-0.22338,27,-0.12347
2025_05_DEN_PHI,2025,5,DEN,PHI,74,0.04641,0.48649,0.11812,46,-0.07139
2025_05_DEN_PHI,2025,5,PHI,DEN,59,0.03006,0.40678,0.06369,49,-0.13469
2025_05_DET_CIN,2025,5,CIN,DET,37,-0.41937,0.40541,-0.53772,28,-0.05116
2025_05_DET_CIN,2025,5,DET,CIN,39,0.17764,0.48718,0.48483,21,-0.18076
2025_05_HOU_BAL,2025,5,BAL,HOU,25,-0.31297,0.36,-0.20589,16,-0.50335
2025_05_HOU_BAL,2025,5,HOU,BAL,37,0.42805,0.64865,0.70323,22,0.02445
2025_05_KC_JAX,2025,5,JAX,KC,58,0.11911,0.5,0.26934,39,-0.18928
2025_05_KC_JAX,2025,5,KC,JAX,64,0.17501,0.64062,0.1183,46,0.31995
2025_05_LV_IND,2025,5,IND,LV,42,0.30248,0.47619,0.45761,30,-0.08537
2025_05_LV_IND,2025,5,LV,IND,35,-0.06001,0.51429,-0.22102,22,0.21246
2025_05_MIA_CAR,2025,5,CAR,MIA,66,0.16632,0.48485,0.01237,37,0.36273
2025_05_MIA_CAR,2025,5,MIA,CAR,55,0.08725,0.36364,0.25078,42,-0.44106
2025_05_MIN_CLE,2025,5,CLE,MIN,69,-0.04592,0.37681,-0.07456,35,-0.01643
2025_05_MIN_CLE,2025,5,MIN,CLE,64,0.08191,0.48438,0.29768,45,-0.42912
2025_05_NE_BUF,2025,5,BUF,NE,68,0.00231,0.48529,0.21195,43,-0.35826
2025_05_NE_BUF,2025,5,NE,BUF,60,0.06533,0.46667,0.17341,40,-0.15085
2025_05_NYG_NO,2025,5,NO,NYG,53,0.16266,0.49057,0.40227,33,-0.23269
2025_05_NYG_NO,2025,5,NYG,NO,62,-0.25667,0.48387,-0.22471,38,-0.30729
2025_05_SF_LA,2025,5,LA,SF,67,0.09809,0.58209,0.34454,50,-0.62675
2025_05_SF_LA,2025,5,SF,LA,85,0.12672,0.50588,0.27934,52,-0.11378
2025_05_TB_SEA,2025,5,SEA,TB,60,0.34444,0.58333,0.5997,39,-0.12961
2025_05_TB_SEA,2025,5,TB,SEA,60,0.40083,0.51667,0.65509,41,-0.14785
2025_05_TEN_ARI,2025,5,ARI,TEN,52,0.07622,0.40385,0.15581,31,-0.04128
2025_05_TEN_ARI,2025,5,TEN,ARI,59,-0.0926,0.45763,-0.04503,40,-0.19275
2025_05_WAS_LAC,2025,5,LAC,WAS,60,-0.16037,0.36667,-0.28579,36,0.02776
2025_05_WAS_LAC,2025,5,WAS,LAC,45,0.21885,0.57778,0.39137,28,-0.0653
2025_06_ARI_IND,2025,6,ARI,IND,73,0.07717,0.46575,0.12639,50,-0.02983
2025_06_ARI_IND,2025,6,IND,ARI,57,0.16486,0.54386,0.15456,33,0.17902
2025_06_BUF_ATL,2025,6,ATL,BUF,63,0.17309,0.52381,0.12843,37,0.23665
2025_06_BUF_ATL,2025,6,BUF,ATL,52,-0.17404,0.44231,-0.24127,32,-0.06647
2025_06_CHI_WAS,2025,6,CHI,WAS,63,0.12775,0.50794,0.06788,38,0.21875
2025_06_CHI_WAS,2025,6,WAS,CHI,64,0.02891,0.46875,0.38346,40,-0.56202
2025_06_CIN_GB,2025,6,CIN,GB,49,0.02021,0.46939,0.05397,34,-0.0563
2025_06_CIN_GB,2025,6,GB,CIN,57,0.24111,0.59649,0.33,31,0.13513
2025_06_CLE_PIT,2025,6,CLE,PIT,47,-0.11914,0.40426,-0.06319,36,-0.30222
2025_06_CLE_PIT,2025,6,PIT,CLE,50,0.19045,0.44,0.34635,29,-0.02484
2025_06_DAL_CAR,2025,6,CAR,DAL,64,0.19338,0.59375,0.18387,29,0.20127
2025_06_DAL_CAR,2025,6,DAL,CAR,54,0.2546,0.42593,0.61539,36,-0.46697
2025_06_DEN_NYJ,2025,6,DEN,NYJ,58,-0.14758,0.32759,-0.08295,36,-0.25335
2025_06_DEN_NYJ,2025,6,NYJ,DEN,57,-0.42066,0.24561,-0.73126,29,-0.09897
2025_06_DET_KC,2025,6,DET,KC,50,0.15177,0.54,0.33989,28,-0.08766
2025_06_DET_KC,2025,6,KC,DET,51,0.36404,0.58824,0.46061,37,0.10882
2025_06_LAC_MIA,2025,6,LAC,MIA,64,0.10399,0.45312,0.17785,39,-0.01124
2025_06_LAC_MIA,2025,6,MIA,LAC,59,0.02918,0.42373,-0.1072,39,0.29512
2025_06_LA_BAL,2025,6,BAL,LA,63,-0.4252,0.38095,-0.49029,28,-0.37312
2025_06_LA_BAL,2025,6,LA,BAL,37,0.1009,0.48649,0.15279,27,-0.03921
2025_06_NE_NO,2025,6,NE,NO,61,0.15368,0.4918,0.5512,35,-0.38145
2025_06_NE_NO,2025,6,NO,NE,56,-0.06027,0.46429,-0.06069,35,-0.05956
2025_06_PHI_NYG,2025,6,NYG,PHI,56,0.29847,0.46429,0.40732,34,0.13025
2025_06_PHI_NYG,2025,6,PHI,NYG,50,-0.05813,0.44,-0.04149,32,-0.08773
2025_06_SEA_JAX,2025,6,JAX,SEA,73,-0.07166,0.35616,-0.04884,53,-0.13212
2025_06_SEA_JAX,2025,6,SEA,JAX,48,-0.00973,0.39583,0.25167,28,-0.37569
2025_06_SF_TB,2025,6,SF,TB,65,-0.0476,0.46154,-0.06308,44,-0.01517
2025_06_SF_TB,2025,6,TB,SF,46,0.31699,0.56522,0.53063,24,0.08393
2025_06_TEN_LV,2025,6,LV,TEN,42,-0.02217,0.45238,0.21914,21,-0.26349
2025_06_TEN_LV,2025,6,TEN,LV,37,-0.36837,0.35135,-0.47047,23,-0.20064
2025_07_ATL_SF,2025,7,ATL,SF,57,-0.07094,0.45614,-0.07381,39,-0.06474
2025_07_ATL_SF,2025,7,SF,ATL,62,0.04314,0.5,0.0904,28,0.00422
2025_07_CAR_NYJ,2025,7,CAR,NYJ,66,-0.09856,0.39394,-0.17377,36,-0.0083
2025_07_CAR_NYJ,2025,7,NYJ,CAR,61,-0.26143,0.29508,-0.33947,45,-0.04196
2025_07_GB_ARI,2025,7,ARI,GB,76,-0.00259,0.43421,0.12321,51,-0.25924
2025_07_GB_ARI,2025,7,GB,ARI,55,0.13166,0.50909,0.26057,36,-0.11258
2025_07_HOU_SEA,2025,7,HOU,SEA,49,-0.37857,0.40816,-0.24287,36,-0.75436
2025_07_HOU_SEA,2025,7,SEA,HOU,54,-0.04011,0.44444,-0.02059,30,-0.0645
2025_07_IND_LAC,2025,7,IND,LAC,46,0.49624,0.54348,0.45353,31,0.58452
2025_07_IND_LAC,2025,7,LAC,IND,48,0.10558,0.47917,0.16626,36,-0.07647
2025_07_LA_JAX,2025,7,JAX,LA,50,-0.20981,0.42,-0.25173,37,-0.09051
2025_07_LA_JAX,2025,7,LA,JAX,33,0.44083,0.60606,0.59865,24,0.01996
2025_07_LV_KC,2025,7,KC,LV,44,0.44792,0.59091,0.64038,31,-0.01102
2025_07_LV_KC,2025,7,LV,KC,16,-0.34307,0.1875,-0.36007,11,-0.30566
2025_07_MIA_CLE,2025,7,CLE,MIA,34,0.2405,0.35294,0.70884,14,-0.08734
2025_07_MIA_CLE,2025,7,MIA,CLE,30,-0.50533,0.2,-0.75787,18,-0.12654
2025_07_NE_TEN,2025,7,NE,TEN,40,0.49124,0.575,0.68581,25,0.16698
2025_07_NE_TEN,2025,7,TEN,NE,32,-0.27861,0.375,-0.28125,20,-0.27423
2025_07_NO_CHI,2025,7,CHI,NO,52,0.10461,0.48077,0.05347,23,0.14516
2025_07_NO_CHI,2025,7,NO,CHI,50,-0.29567,0.38,-0.32341,33,-0.24182
2025_07_NYG_DEN,2025,7,DEN,NYG,58,-0.05929,0.32759,-0.13554,41,0.1246
2025_07_NYG_DEN,2025,7,NYG,DEN,70,0.26567,0.4,0.52389,42,-0.12167
2025_07_PHI_MIN,2025,7,MIN,PHI,69,-0.0885,0.50725,0.03608,48,-0.37324
2025_07_PHI_MIN,2025,7,PHI,MIN,43,0.27705,0.4186,0.65255,24,-0.19727
2025_07_PIT_CIN,2025,7,CIN,PIT,73,0.31523,0.52055,0.32593,52,0.28874
2025_07_PIT_CIN,2025,7,PIT,CIN,57,0.30825,0.49123,0.35183,37,0.22761
2025_07_TB_DET,2025,7,DET,TB,59,0.01154,0.42373,-0.07196,34,0.12509
2025_07_TB_DET,2025,7,TB,DET,49,-0.44422,0.32653,-0.57941,39,0.083
2025_07_WAS_DAL,2025,7,DAL,WAS,46,0.28154,0.47826,0.4061,31,0.0241
2025_07_WAS_DAL,2025,7,WAS,DAL,48,-0.02134,0.47917,-0.05738,30,0.03873
2025_08_BUF_CAR,2025,8,BUF,CAR,37,0.37621,0.51351,0.29957,18,0.44881
2025_08_BUF_CAR,2025,8,CAR,BUF,36,-0.35538,0.38889,-0.58122,20,-0.07308
2025_08_CHI_BAL,2025,8,BAL,CHI,56,0.17146,0.46429,0.29645,27,0.05508
2025_08_CHI_BAL,2025,8,CHI,BAL,56,0.08304,0.44643,0.11794,36,0.02023
2025_08_CLE_NE,2025,8,CLE,NE,28,-0.4699,0.21429,-0.71509,17,-0.09098
2025_08_CLE_NE,2025,8,NE,CLE,45,0.07978,0.51111,0.10866,28,0.0322
2025_08_DAL_DEN,2025,8,DAL,DEN,58,0.08115,0.51724,0.1164,36,0.02347
2025_08_DAL_DEN,2025,8,DEN,DAL,37,0.35659,0.59459,0.31167,22,0.42247
2025_08_GB_PIT,2025,8,GB,PIT,50,0.45018,0.56,0.72514,33,-0.08357
2025_08_GB_PIT,2025,8,PIT,GB,50,-0.14597,0.38,-0.18899,32,-0.06949
2025_08_MIA_ATL,2025,8,ATL,MIA,23,-0.45118,0.3913,0.11111,12,-1.06459
2025_08_MIA_ATL,2025,8,MIA,ATL,50,0.25269,0.56,0.33819,26,0.16008
2025_08_MIN_LAC,2025,8,LAC,MIN,42,0.43583,0.57143,0.76051,27,-0.1486
2025_08_MIN_LAC,2025,8,MIN,LAC,30,-0.18713,0.3,-0.07805,23,-0.54553
2025_08_NYG_PHI,2025,8,NYG,PHI,40,0.01966,0.375,0.14753,25,-0.19345
2025_08_NYG_PHI,2025,8,PHI,NYG,45,0.36802,0.53333,0.21804,26,0.57327
2025_08_NYJ_CIN,2025,8,CIN,NYJ,59,0.24608,0.57627,0.13244,37,0.43721
2025_08_NYJ_CIN,2025,8,NYJ,CIN,66,0.32992,0.62121,0.38809,34,0.2681
2025_08_SF_HOU,2025,8,HOU,SF,71,0.26284,0.49296,0.55473,43,-0.18543
2025_08_SF_HOU,2025,8,SF,HOU,36,-0.02705,0.36111,-0.00886,26,-0.07434
2025_08_TB_NO,2025,8,NO,TB,38,-0.67174,0.36842,-0.75574,30,-0.35673
2025_08_TB_NO,2025,8,TB,NO,47,-0.04033,0.38298,0.06462,23,-0.14091
2025_08_TEN_IND,2025,8,IND,TEN,33,0.47445,0.51515,0.21138,24,1.17595
2025_08_TEN_IND,2025,8,TEN,IND,34,-0.05391,0.44118,0.01918,20,-0.15834
2025_08_WAS_KC,2025,8,KC,WAS,47,0.24821,0.53191,0.24109,32,0.26339
2025_08_WAS_KC,2025,8,WAS,KC,43,-0.13553,0.4186,-0.17203,27,-0.07393
2025_09_ARI_DAL,2025,9,ARI,DAL,51,0.30103,0.52941,0.42664,31,0.10634
2025_09_ARI_DAL,2025,9,DAL,ARI,54,-0.18467,0.38889,-0.27138,38,0.02127
2025_09_ATL_NE,2025,9,ATL,NE,56,0.05763,0.41071,0.11828,42,-0.12432
2025_09_ATL_NE,2025,9,NE,ATL,65,0.01342,0.44615,0.01883,40,0.00476
2025_09_BAL_MIA,2025,9,BAL,MIA,34,0.1786,0.5,0.45147,21,-0.26218
2025_09_BAL_MIA,2025,9,MIA,BAL,42,-0.25852,0.35714,-0.3334,25,-0.1484
2025_09_CAR_GB,2025,9,CAR,GB,58,0.09694,0.5,0.10378,25,0.09176
2025_09_CAR_GB,2025,9,GB,CAR,65,0.00998,0.49231,0.15526,38,-0.1945
2025_09_CHI_CIN,2025,9,CHI,CIN,77,0.47559,0.57143,0.4725,47,0.48044
2025_09_CHI_CIN,2025,9,CIN,CHI,53,0.19579,0.4717,0.31031,39,-0.12323
2025_09_DEN_HOU,2025,9,DEN,HOU,63,-0.08861,0.31746,-0.03994,41,-0.17932
2025_09_DEN_HOU,2025,9,HOU,DEN,73,-0.16883,0.28767,-0.06517,48,-0.36786
2025_09_IND_PIT,2025,9,IND,PIT,52,-0.1324,0.48077,-0.42827,34,0.42647
2025_09_IND_PIT,2025,9,PIT,IND,48,0.05539,0.5,0.05524,32,0.05571
2025_09_JAX_LV,2025,9,JAX,LV,78,0.13511,0.5,-0.10985,41,0.40655
2025_09_JAX_LV,2025,9,LV,JAX,64,0.1617,0.53125,0.29084,46,-0.16834
2025_09_KC_BUF,2025,9,BUF,KC,62,0.22978,0.56452,0.34815,31,0.11142
2025_09_KC_BUF,2025,9,KC,BUF,58,-0.13336,0.39655,-0.24814,38,0.08472
2025_09_LAC_TEN,2025,9,LAC,TEN,60,0.08705,0.56667,0.13954,39,-0.01044
2025_09_LAC_TEN,2025,9,TEN,LAC,47,-0.23338,0.34043,-0.10395,27,-0.40812
2025_09_MIN_DET,2025,9,DET,MIN,64,-0.04122,0.34375,0.07561,43,-0.28043
2025_09_MIN_DET,2025,9,MIN,DET,55,0.06125,0.45455,-0.03776,31,0.18913
2025_09_NO_LA,2025,9,LA,NO,51,0.42834,0.64706,0.52705,30,0.28731
2025_09_NO_LA,2025,9,NO,LA,26,-0.28142,0.30769,0.01839,16,-0.7611
2025_09_SEA_WAS,2025,9,SEA,WAS,25,0.72273,0.72,1.23834,14,0.0665
2025_09_SEA_WAS,2025,9,WAS,SEA,21,-0.30133,0.28571,-0.21214,15,-0.52432
2025_09_SF_NYG,2025,9,NYG,SF,40,-0.02586,0.425,-0.00014,27,-0.07928
2025_09_SF_NYG,2025,9,SF,NYG,55,0.26799,0.52727,0.3851,26,0.16299
2025_10_ARI_SEA,2025,10,ARI,SEA,12,-1.43393,0.41667,-2.00503,7,-0.63438
2025_10_ARI_SEA,2025,10,SEA,ARI,17,0.65199,0.58824,0.95111,9,0.31548
2025_10_ATL_IND,2025,10,ATL,IND,62,-0.00571,0.46774,-0.12938,34,0.14446
2025_10_ATL_IND,2025,10,IND,ATL,77,0.14939,0.54545,-0.00694,42,0.33699
2025_10_BAL_MIN,2025,10,BAL,MIN,62,0.09607,0.53226,0.13164,34,0.05288
2025_10_BAL_MIN,2025,10,MIN,BAL,52,-0.24402,0.40385,-0.32855,38,-0.01457
2025_10_BUF_MIA,2025,10,BUF,MIA,46,-0.36883,0.36957,-0.2281,31,-0.65967
2025_10_BUF_MIA,2025,10,MIA,BUF,40,0.18532,0.45,0.49525,18,-0.06826
2025_10_CLE_NYJ,2025,10,CLE,NYJ,72,-0.07941,0.34722,-0.05461,45,-0.12075
2025_10_CLE_NYJ,2025,10,NYJ,CLE,41,-0.23394,0.26829,-0.49812,16,-0.06486
2025_10_DET_WAS,2025,10,DET,WAS,49,0.61361,0.63265,0.83113,29,0.2982
2025_10_DET_WAS,2025,10,WAS,DET,25,0.04928,0.52,0.13172,14,-0.05565
2025_10_JAX_HOU,2025,10,HOU,JAX,62,0.04652,0.5,0.08152,42,-0.02699
2025_10_JAX_HOU,2025,10,JAX,HOU,55,-0.22421,0.4,-0.21464,35,-0.24097
2025_10_LA_SF,2025,10,LA,SF,54,0.44847,0.64815,0.51443,35,0.32695
2025_10_LA_SF,2025,10,SF,LA,49,0.15456,0.59184,0.36386,29,-0.14893
2025_10_LV_DEN,2025,10,DEN,LV,58,-0.31925,0.36207,-0.4139,33,-0.19431
2025_10_LV_DEN,2025,10,LV,DEN,60,-0.39263,0.33333,-0.48695,37,-0.2409
2025_10_NE_TB,2025,10,NE,TB,60,0.19362,0.38333,0.15009,38,0.26881
2025_10_NE_TB,2025,10,TB,NE,62,-0.03315,0.46774,-0.10144,40,0.09102
2025_10_NO_CAR,2025,10,CAR,NO,53,-0.30006,0.39623,-0.21433,30,-0.41188
2025_10_NO_CAR,2025,10,NO,CAR,55,0.11885,0.4,0.25713,31,-0.05977
2025_10_NYG_CHI,2025,10,CHI,NYG,66,0.07658,0.5,0.10607,45,0.0134
2025_10_NYG_CHI,2025,10,NYG,CHI,73,-0.00546,0.38356,-0.00948,45,0.00101
2025_10_PHI_GB,2025,10,GB,PHI,67,-0.15283,0.38806,-0.14728,43,-0.16277
2025_10_PHI_GB,2025,10,PHI,GB,62,-0.05185,0.33871,0.29943,30,-0.38118
2025_10_PIT_LAC,2025,10,LAC,PIT,57,-0.14714,0.40351,-0.19929,38,-0.04286
2025_10_PIT_LAC,2025,10,PIT,LAC,41,-0.46229,0.31707,-0.70946,24,-0.11334
2025_11_BAL_CLE,2025,11,BAL,CLE,59,-0.11659,0.42373,-0.38223,32,0.19824
2025_11_BAL_CLE,2025,11,CLE,BAL,56,-0.43517,0.28571,-0.53836,33,-0.28711
2025_11_CAR_ATL,2025,11,ATL,CAR,66,0.08826,0.51515,0.27656,35,-0.12433
2025_11_CAR_ATL,2025,11,CAR,ATL,79,0.09659,0.40506,0.28102,53,-0.27937
2025_11_CHI_MIN,2025,11,CHI,MIN,71,-0.0348,0.43662,0.06315,34,-0.12481
2025_11_CHI_MIN,2025,11,MIN,CHI,55,-0.17617,0.43636,-0.37438,33,0.12115
2025_11_CIN_PIT,2025,11,CIN,PIT,54,-0.05005,0.33333,-0.15079,33,0.10825
2025_11_CIN_PIT,2025,11,PIT,CIN,58,0.13745,0.44828,0.20536,35,0.0341
2025_11_DAL_LV,2025,11,DAL,LV,45,0.3551,0.62222,0.52406,27,0.10168
2025_11_DAL_LV,2025,11,LV,DAL,40,-0.25924,0.425,-0.27577,36,-0.11055
2025_11_DET_PHI,2025,11,DET,PHI,57,-0.45171,0.33333,-0.44232,37,-0.46909
2025_11_DET_PHI,2025,11,PHI,DET,59,-0.12318,0.40678,-0.27236,33,0.06616
2025_11_GB_NYG,2025,11,GB,NYG,52,0.37581,0.5,0.46852,31,0.23895
2025_11_GB_NYG,2025,11,NYG,GB,70,0.13964,0.47143,0.21525,32,0.07596
2025_11_HOU_TEN,2025,11,HOU,TEN,70,-0.06581,0.41429,0.01289,48,-0.2375
2025_11_HOU_TEN,2025,11,TEN,HOU,59,-0.09622,0.37288,0.02836,45,-0.49667
2025_11_KC_DEN,2025,11,DEN,KC,61,0.01515,0.44262,0.11485,41,-0.18923
2025_11_KC_DEN,2025,11,KC,DEN,70,0.11858,0.42857,0.13241,56,0.06327
2025_11_LAC_JAX,2025,11,JAX,LAC,41,0.20505,0.60976,0.23241,18,0.18365
2025_11_LAC_JAX,2025,11,LAC,JAX,34,-0.25093,0.38235,-0.27107,25,-0.195
2025_11_NYJ_NE,2025,11,NE,NYJ,57,0.21569,0.54386,0.35653,38,-0.066
2025_11_NYJ_NE,2025,11,NYJ,NE,45,-0.06321,0.48889,-0.05778,21,-0.06797
2025_11_SEA_LA,2025,11,LA,SEA,50,-0.16206,0.38,-0.33793,28,0.06178
2025_11_SEA_LA,2025,11,SEA,LA,84,-0.18994,0.46429,-0.25277,48,-0.10615
2025_11_SF_ARI,2025,11,ARI,SF,47,-0.23207,0.3617,-0.1553,31,-0.38081
2025_11_SF_ARI,2025,11,SF,ARI,33,0.25202,0.57576,0.39231,21,0.00653
2025_11_TB_BUF,2025,11,BUF,TB,53,0.32588,0.50943,0.39575,35,0.19001
2025_11_TB_BUF,2025,11,TB,BUF,64,0.12143,0.45312,0.05083,30,0.18373
2025_11_WAS_MIA,2025,11,MIA,WAS,56,-0.00666,0.53571,0.10979,24,-0.09399
2025_11_WAS_MIA,2025,11,WAS,MIA,67,0.08191,0.52239,0.26176,35,-0.1148
2025_12_ATL_NO,2025,12,ATL,NO,45,-0.04859,0.44444,-0.14941,26,0.08937
2025_12_ATL_NO,2025,12,NO,ATL,60,-0.24378,0.38333,-0.31486,34,-0.15083
2025_12_BUF_HOU,2025,12,BUF,HOU,65,-0.16421,0.36923,-0.27405,45,0.08291
2025_12_BUF_HOU,2025,12,HOU,BUF,58,-0.07727,0.41379,-0.1878,34,0.07932
2025_12_CAR_SF,2025,12,CAR,SF,44,-0.25937,0.38636,-0.33193,35,0.02282
2025_12_CAR_SF,2025,12,SF,CAR,61,0.0211,0.47541,-0.06871,32,0.12021
2025_12_CLE_LV,2025,12,CLE,LV,40,-0.32062,0.275,-0.43139,22,-0.18525
2025_12_CLE_LV,2025,12,LV,CLE,57,-0.48659,0.22807,-0.456,39,-0.55287
2025_12_IND_KC,2025,12,IND,KC,50,-0.01894,0.38,0.0804,34,-0.23004
2025_12_IND_KC,2025,12,KC,IND,96,0.03126,0.45833,0.22558,59,-0.27859
2025_12_JAX_ARI,2025,12,ARI,JAX,84,-0.13217,0.41667,-0.10029,65,-0.24123
2025_12_JAX_ARI,2025,12,JAX,ARI,61,-0.17871,0.42623,-0.1739,36,-0.18563
2025_12_MIN_GB,2025,12,GB,MIN,51,0.1289,0.5098,0.42095,20,-0.05952
2025_12_MIN_GB,2025,12,MIN,GB,35,-0.26613,0.4,-0.42822,17,-0.11304
2025_12_NE_CIN,2025,12,CIN,NE,63,-0.17503,0.46032,-0.29945,39,0.02717
2025_12_NE_CIN,2025,12,NE,CIN,70,0.02293,0.47143,0.27168,42,-0.35018
2025_12_NYG_DET,2025,12,DET,NYG,67,0.15462,0.50746,-0.12294,46,0.76259
2025_12_NYG_DET,2025,12,NYG,DET,81,0.14523,0.38272,0.49034,43,-0.24528
2025_12_NYJ_BAL,2025,12,BAL,NYJ,55,0.12591,0.38182,0.20515,31,0.02356
2025_12_NYJ_BAL,2025,12,NYJ,BAL,51,-0.12058,0.37255,0.28098,27,-0.57233
2025_12_PHI_DAL,2025,12,DAL,PHI,71,-0.02402,0.43662,0.11515,45,-0.26489
2025_12_PHI_DAL,2025,12,PHI,DAL,63,0.00317,0.39683,0.04936,47,-0.13253
2025_12_PIT_CHI,2025,12,CHI,PIT,63,0.01175,0.42857,0.05609,40,-0.06536
2025_12_PIT_CHI,2025,12,PIT,CHI,72,0.04822,0.52778,-0.06398,37,0.16683
2025_12_SEA_TEN,2025,12,SEA,TEN,34,0.57465,0.52941,0.76166,20,0.3075
2025_12_SEA_TEN,2025,12,TEN,SEA,46,-0.20536,0.30435,-0.1154,30,-0.37402
2025_12_TB_LA,2025,12,LA,TB,26,0.63842,0.65385,0.71903,22,0.1951
2025_12_TB_LA,2025,12,TB,LA,29,-0.33659,0.41379,-0.67794,16,0.08353
2025_13_ARI_TB,2025,13,ARI,TB,60,-0.0263,0.6,0.11355,44,-0.4109
2025_13_ARI_TB,2025,13,TB,ARI,58,-0.02996,0.43103,0.0052,35,-0.08347
2025_13_ATL_NYJ,2025,13,ATL,NYJ,69,0.18087,0.53623,0.18433,36,0.17711
2025_13_ATL_NYJ,2025,13,NYJ,ATL,65,0.02305,0.44615,0.08431,43,-0.09668
2025_13_BUF_PIT,2025,13,BUF,PIT,61,0.07982,0.44262,0.09166,23,0.07265
2025_13_BUF_PIT,2025,13,PIT,BUF,34,-0.53439,0.29412,-0.80299,21,-0.10049
2025_13_CHI_PHI,2025,13,CHI,PHI,78,0.048,0.47436,-0.16597,39,0.26196
2025_13_CHI_PHI,2025,13,PHI,CHI,36,-0.29465,0.36111,-0.29652,20,-0.29231
2025_13_CIN_BAL,2025,13,BAL,CIN,44,-0.28566,0.38636,-0.5568,29,0.23855
2025_13_CIN_BAL,2025,13,CIN,BAL,70,0.11074,0.41429,0.1843,48,-0.04974
2025_13_DEN_WAS,2025,13,DEN,WAS,70,0.1522,0.44286,0.1979,49,0.04557
2025_13_DEN_WAS,2025,13,WAS,DEN,89,0.08815,0.41573,0.08649,59,0.09142
2025_13_GB_DET,2025,13,DET,GB,63,0.04819,0.4127,0.38165,32,-0.29602
2025_13_GB_DET,2025,13,GB,DET,57,0.30122,0.50877,0.52049,32,0.02055
2025_13_HOU_IND,2025,13,HOU,IND,73,0.05614,0.43836,0.23948,41,-0.17875
2025_13_HOU_IND,2025,13,IND,HOU,54,-0.03401,0.38889,0.15218,31,-0.28495
2025_13_JAX_TEN,2025,13,JAX,TEN,44,0.11884,0.43182,0.30601,29,-0.24301
2025_13_JAX_TEN,2025,13,TEN,JAX,29,-0.29427,0.31034,-0.42521,20,-0.00328
2025_13_KC_DAL,2025,13,DAL,KC,69,0.27416,0.49275,0.43334,46,-0.04421
2025_13_KC_DAL,2025,13,KC,DAL,65,0.16772,0.41538,0.30813,45,-0.14819
2025_13_LA_CAR,2025,13,CAR,LA,61,0.19092,0.39344,0.6273,24,-0.09213
2025_13_LA_CAR,2025,13,LA,CAR,51,0.14862,0.60784,-0.11707,30,0.52818
2025_13_LV_LAC,2025,13,LAC,LV,49,0.1294,0.40816,0.16682,24,0.09348
2025_13_LV_LAC,2025,13,LV,LAC,29,-0.45546,0.37931,-0.36455,16,-0.56735
2025_13_MIN_SEA,2025,13,MIN,SEA,29,-0.83476,0.17241,-0.94532,21,-0.54452
2025_13_MIN_SEA,2025,13,SEA,MIN,43,-0.20668,0.39535,-0.37553,25,0.02783
2025_13_NO_MIA,2025,13,MIA,NO,50,-0.08143,0.42,-0.31929,26,0.17626
2025_13_NO_MIA,2025,13,NO,MIA,72,-0.16911,0.44444,-0.20501,47,-0.10162
2025_13_NYG_NE,2025,13,NE,NYG,31,0.25177,0.51613,0.3142,20,0.13827
2025_13_NYG_NE,2025,13,NYG,NE,24,-0.13945,0.33333,0.02295,12,-0.30185
2025_13_SF_CLE,2025,13,CLE,SF,48,-0.12978,0.47917,-0.00641,19,-0.2106
2025_13_SF_CLE,2025,13,SF,CLE,54,0.02547,0.35185,0.05711,31,-0.01717
2025_14_CHI_GB,2025,14,CHI,GB,70,0.08606,0.51429,0.01665,40,0.1786
2025_14_CHI_GB,2025,14,GB,CHI,52,0.2043,0.51923,0.23773,27,0.16819
2025_14_CIN_BUF,2025,14,BUF,CIN,61,0.27957,0.57377,0.69431,39,-0.45564
2025_14_CIN_BUF,2025,14,CIN,BUF,57,0.0759,0.50877,0.15068,38,-0.07364
2025_14_DAL_DET,2025,14,DAL,DET,74,-0.03651,0.43243,-0.05534,52,0.00798
2025_14_DAL_DET,2025,14,DET,DAL,59,0.23303,0.45763,0.27651,39,0.14824
2025_14_DEN_LV,2025,14,DEN,LV,50,0.22436,0.58,0.27009,32,0.14305
2025_14_DEN_LV,2025,14,LV,DEN,39,-0.17159,0.35897,-0.20089,28,-0.09702
2025_14_HOU_KC,2025,14,HOU,KC,66,-0.07621,0.33333,0.0277,39,-0.22631
2025_14_HOU_KC,2025,14,KC,HOU,61,-0.30167,0.36066,-0.46253,39,-0.01652
2025_14_IND_JAX,2025,14,IND,JAX,52,-0.18407,0.34615,-0.01625,31,-0.43181
2025_14_IND_JAX,2025,14,JAX,IND,37,0.21448,0.48649,0.32993,23,0.02483
2025_14_LA_ARI,2025,14,ARI,LA,32,0.04405,0.375,0.16805,24,-0.32795
2025_14_LA_ARI,2025,14,LA,ARI,44,0.594,0.70455,0.62857,27,0.5391
2025_14_MIA_NYJ,2025,14,MIA,NYJ,43,0.23549,0.55814,0.13317,19,0.31648
2025_14_MIA_NYJ,2025,14,NYJ,MIA,38,-0.53975,0.28947,-0.64291,23,-0.38158
2025_14_NO_TB,2025,14,NO,TB,56,0.00111,0.39286,0.09087,26,-0.07668
2025_14_NO_TB,2025,14,TB,NO,74,-0.14934,0.39189,-0.13184,39,-0.16885
2025_14_PHI_LAC,2025,14,LAC,PHI,74,-0.2472,0.32432,-0.26055,43,-0.22868
2025_14_PHI_LAC,2025,14,PHI,LAC,70,-0.27644,0.35714,-0.40146,47,-0.02096
2025_14_PIT_BAL,2025,14,BAL,PIT,78,0.02404,0.44872,0.00267,43,0.05031
2025_14_PIT_BAL,2025,14,PIT,BAL,51,0.24277,0.41176,0.30196,36,0.10071
2025_14_SEA_ATL,2025,14,ATL,SEA,48,-0.22469,0.41667,-0.27712,21,-0.1839
2025_14_SEA_ATL,2025,14,SEA,ATL,37,0.01677,0.51351,0.1079,25,-0.17308
2025_14_TEN_CLE,2025,14,CLE,TEN,65,-0.07682,0.41538,0.04252,46,-0.36576
2025_14_TEN_CLE,2025,14,TEN,CLE,62,-0.07643,0.35484,-0.30993,30,0.14249
2025_14_WAS_MIN,2025,14,MIN,WAS,36,0.19208,0.47222,0.31928,18,0.06488
2025_14_WAS_MIN,2025,14,WAS,MIN,42,-0.18252,0.38095,-0.28477,28,0.02197
2025_15_ARI_HOU,2025,15,ARI,HOU,38,-0.10938,0.44737,-0.14646,26,-0.02905
2025_15_ARI_HOU,2025,15,HOU,ARI,39,0.29172,0.51282,0.47777,21,0.07467
2025_15_ATL_TB,2025,15,ATL,TB,68,0.18868,0.48529,0.25109,46,0.05817
2025_15_ATL_TB,2025,15,TB,ATL,69,0.14512,0.52174,0.20616,47,0.01473
2025_15_BAL_CIN,2025,15,BAL,CIN,29,0.22235,0.44828,0.24041,15,0.20299
2025_15_BAL_CIN,2025,15,CIN,BAL,49,-0.30906,0.34694,-0.46513,32,-0.01528
2025_15_BUF_NE,2025,15,BUF,NE,64,0.29296,0.48438,0.31456,36,0.2652
2025_15_BUF_NE,2025,15,NE,BUF,52,0.23005,0.53846,-0.0315,30,0.5867
2025_15_CAR_NO,2025,15,CAR,NO,57,0.09216,0.36842,0.3056,32,-0.18105
2025_15_CAR_NO,2025,15,NO,CAR,67,0.12061,0.52239,0.27724,44,-0.17904
2025_15_CLE_CHI,2025,15,CHI,CLE,46,0.03461,0.45652,0.22565,23,-0.15642
2025_15_CLE_CHI,2025,15,CLE,CHI,31,-0.66853,0.06452,-0.80577,21,-0.38032
2025_15_DET_LA,2025,15,DET,LA,50,0.13063,0.34,0.36955,31,-0.25918
2025_15_DET_LA,2025,15,LA,DET,68,0.21258,0.61765,0.15312,43,0.31486
2025_15_GB_DEN,2025,15,DEN,GB,60,0.25088,0.53333,0.59223,36,-0.26115
2025_15_GB_DEN,2025,15,GB,DEN,63,0.08392,0.42857,0.2051,45,-0.21905
2025_15_IND_SEA,2025,15,IND,SEA,60,-0.05018,0.38333,-0.01964,29,-0.07875
2025_15_IND_SEA,2025,15,SEA,IND,57,-0.0529,0.45614,0.08698,38,-0.33266
2025_15_LAC_KC,2025,15,KC,LAC,61,-0.1134,0.42623,-0.07083,42,-0.20751
2025_15_LAC_KC,2025,15,LAC,KC,65,-0.01,0.49231,0.08118,35,-0.11638
2025_15_LV_PHI,2025,15,LV,PHI,33,-0.33168,0.27273,-0.40413,26,-0.06256
2025_15_LV_PHI,2025,15,PHI,LV,37,0.30444,0.56757,0.8312,16,-0.09689
2025_15_MIA_PIT,2025,15,MIA,PIT,23,-0.3492,0.30435,-0.47899,11,-0.23023
2025_15_MIA_PIT,2025,15,PIT,MIA,50,0.23041,0.58,0.39259,25,0.06823
2025_15_MIN_DAL,2025,15,DAL,MIN,67,0.08602,0.46269,-0.0406,37,0.24217
2025_15_MIN_DAL,2025,15,MIN,DAL,49,0.26,0.5102,0.47594,28,-0.02792
2025_15_NYJ_JAX,2025,15,JAX,NYJ,39,0.42876,0.58974,0.70738,29,-0.37924
2025_15_NYJ_JAX,2025,15,NYJ,JAX,38,-0.0906,0.42105,0.17817,19,-0.35938
2025_15_TEN_SF,2025,15,SF,TEN,48,0.43899,0.58333,0.79129,27,-0.01396
2025_15_TEN_SF,2025,15,TEN,SF,33,0.10087,0.48485,0.14496,19,0.04103
2025_15_WAS_NYG,2025,15,NYG,WAS,63,-0.0597,0.42857,-0.00361,41,-0.16422
2025_15_WAS_NYG,2025,15,WAS,NYG,46,0.13677,0.47826,0.24096,23,0.03258
2025_16_ATL_ARI,2025,16,ARI,ATL,57,0.0246,0.38596,-0.02223,34,0.09384
2025_16_ATL_ARI,2025,16,ATL,ARI,73,0.13198,0.42466,0.2813,38,-0.03014
2025_16_BUF_CLE,2025,16,BUF,CLE,48,0.06078,0.54167,-0.34324,23,0.43248
2025_16_BUF_CLE,2025,16,CLE,BUF,67,-0.11956,0.46269,-0.26912,39,0.08876
2025_16_CIN_MIA,2025,16,CIN,MIA,42,0.41474,0.61905,0.43463,29,0.37035
2025_16_CIN_MIA,2025,16,MIA,CIN,39,-0.16778,0.28205,-0.11097,21,-0.23405
2025_16_GB_CHI,2025,16,CHI,GB,64,0.10891,0.46875,0.23744,41,-0.1202
2025_16_GB_CHI,2025,16,GB,CHI,70,0.09563,0.51429,0.43577,33,-0.20774
2025_16_JAX_DEN,2025,16,DEN,JAX,46,0.03125,0.5,0.14491,31,-0.20366
2025_16_JAX_DEN,2025,16,JAX,DEN,50,0.29551,0.46,0.45686,35,-0.081
2025_16_KC_TEN,2025,16,KC,TEN,39,-0.17024,0.4359,-0.21675,27,-0.06558
2025_16_KC_TEN,2025,16,TEN,KC,56,0.01229,0.42857,0.25484,29,-0.24823
2025_16_LAC_DAL,2025,16,DAL,LAC,53,0.11326,0.4717,0.33639,34,-0.28602
2025_16_LAC_DAL,2025,16,LAC,DAL,52,0.44085,0.57692,0.75966,31,-0.02978
2025_16_LA_SEA,2025,16,LA,SEA,89,0.22865,0.44944,0.49741,52,-0.14907
2025_16_LA_SEA,2025,16,SEA,LA,65,0.06991,0.49231,-0.07912,42,0.34206
2025_16_LV_HOU,2025,16,HOU,LV,63,-0.08695,0.38095,0.15614,40,-0.50973
2025_16_LV_HOU,2025,16,LV,HOU,54,-0.02735,0.38889,0.09018,27,-0.14488
2025_16_MIN_NYG,2025,16,MIN,NYG,58,-0.08712,0.48276,-0.19647,31,0.03842
2025_16_MIN_NYG,2025,16,NYG,MIN,56,-0.25252,0.32143,-0.42791,25,-0.11107
2025_16_NE_BAL,2025,16,BAL,NE,54,0.09888,0.5,0.13815,23,0.06974
2025_16_NE_BAL,2025,16,NE,BAL,71,0.17665,0.52113,0.23772,54,-0.01737
2025_16_NYJ_NO,2025,16,NO,NYJ,65,-0.08244,0.4,0.06167,46,-0.43134
2025_16_NYJ_NO,2025,16,NYJ,NO,49,-0.36432,0.30612,-0.48501,29,-0.18931
2025_16_PHI_WAS,2025,16,PHI,WAS,60,0.2862,0.51667,0.39047,40,0.07766
2025_16_PHI_WAS,2025,16,WAS,PHI,43,-0.25153,0.32558,-0.39504,23,-0.08649
2025_16_PIT_DET,2025,16,DET,PIT,70,0.0245,0.41429,0.09623,59,-0.36023
2025_16_PIT_DET,2025,16,PIT,DET,74,0.15111,0.39189,0.02712,49,0.39414
2025_16_SF_IND,2025,16,IND,SF,50,0.29827,0.52,0.46903,33,-0.03321
2025_16_SF_IND,2025,16,SF,IND,58,0.51178,0.55172,0.71166,33,0.24795
2025_16_TB_CAR,2025,16,CAR,TB,53,0.10059,0.43396,0.11085,36,0.07886
2025_16_TB_CAR,2025,16,TB,CAR,63,0.07918,0.42857,0.17621,33,-0.02755
2025_17_ARI_CIN,2025,17,ARI,CIN,24,-0.17615,0.33333,-0.11498,16,-0.29848
2025_17_ARI_CIN,2025,17,CIN,ARI,46,0.34809,0.56522,0.44771,28,0.19311
2025_17_BAL_GB,2025,17,BAL,GB,65,0.33663,0.58462,0.40987,24,0.29375
2025_17_BAL_GB,2025,17,GB,BAL,39,0.20034,0.53846,0.55384,30,-0.97798
2025_17_CHI_SF,2025,17,CHI,SF,65,0.32816,0.49231,0.39575,46,0.1645
2025_17_CHI_SF,2025,17,SF,CHI,72,0.29295,0.52778,0.41237,41,0.135
2025_17_DAL_WAS,2025,17,DAL,WAS,85,0.25201,0.49412,0.299,48,0.19106
2025_17_DAL_WAS,2025,17,WAS,DAL,43,0.23194,0.44186,0.20821,27,0.27199
2025_17_DEN_KC,2025,17,DEN,KC,71,0.08464,0.50704,0.14405,45,-0.01818
2025_17_DEN_KC,2025,17,KC,DEN,42,-0.15267,0.30952,-0.2543,25,-0.00322
2025_17_DET_MIN,2025,17,DET,MIN,60,-0.47807,0.3,-0.23162,30,-0.72451
2025_17_DET_MIN,2025,17,MIN,DET,48,-0.27328,0.3125,-0.62176,27,0.17477
2025_17_HOU_LAC,2025,17,HOU,LAC,62,-0.07965,0.41935,-0.03506,30,-0.12145
2025_17_HOU_LAC,2025,17,LAC,HOU,63,-0.14215,0.36508,-0.05323,46,-0.38275
2025_17_JAX_IND,2025,17,IND,JAX,57,-0.17092,0.36842,-0.27076,35,-0.01208
2025_17_JAX_IND,2025,17,JAX,IND,69,-0.00403,0.43478,0.08528,43,-0.15173
2025_17_LA_ATL,2025,17,ATL,LA,43,0.12201,0.4186,0.20095,16,0.07523
2025_17_LA_ATL,2025,17,LA,ATL,58,-0.30642,0.39655,-0.36822,39,-0.17957
2025_17_NE_NYJ,2025,17,NE,NYJ,35,0.67671,0.68571,1.60273,16,-0.1031
2025_17_NE_NYJ,2025,17,NYJ,NE,14,-0.33433,0.28571,-0.71144,6,-0.05149
2025_17_NO_TEN,2025,17,NO,TEN,50,0.25654,0.46,0.33914,31,0.12177
2025_17_NO_TEN,2025,17,TEN,NO,69,-0.12631,0.34783,-0.07839,42,-0.20086
2025_17_NYG_LV,2025,17,LV,NYG,45,-0.18435,0.31111,-0.08557,29,-0.36338
2025_17_NYG_LV,2025,17,NYG,LV,45,0.19078,0.48889,0.03791,28,0.44257
2025_17_PHI_BUF,2025,17,BUF,PHI,75,-0.06246,0.4,-0.15662,45,0.07879
2025_17_PHI_BUF,2025,17,PHI,BUF,50,-0.08632,0.32,-0.0583,28,-0.12197
2025_17_PIT_CLE,2025,17,CLE,PIT,49,-0.20944,0.34694,-0.10088,29,-0.36685
2025_17_PIT_CLE,2025,17,PIT,CLE,64,-0.21981,0.40625,-0.33576,41,-0.01312
2025_17_SEA_CAR,2025,17,CAR,SEA,48,-0.42874,0.39583,-0.47389,31,-0.34641
2025_17_SEA_CAR,2025,17,SEA,CAR,60,-0.11238,0.38333,-0.27061,31,0.05677
2025_17_TB_MIA,2025,17,MIA,TB,46,0.14375,0.43478,0.14567,25,0.14147
2025_17_TB_MIA,2025,17,TB,MIA,63,-0.08602,0.46032,-0.06973,50,-0.14867
2025_18_ARI_LA,2025,18,ARI,LA,46,0.00616,0.3913,0.08542,33,-0.19506
2025_18_ARI_LA,2025,18,LA,ARI,61,0.16155,0.4918,0.34208,39,-0.15847
2025_18_BAL_PIT,2025,18,BAL,PIT,50,0.14021,0.34,0.38288,24,-0.08379
2025_18_BAL_PIT,2025,18,PIT,BAL,75,0.0514,0.45333,0.17166,52,-0.22049
2025_18_CAR_TB,2025,18,CAR,TB,47,-0.13278,0.42553,0.03358,34,-0.56788
2025_18_CAR_TB,2025,18,TB,CAR,62,0.02039,0.45161,0.37636,27,-0.25421
2025_18_CLE_CIN,2025,18,CIN,CLE,68,-0.10137,0.58824,-0.27537,43,0.19792
2025_18_CLE_CIN,2025,18,CLE,CIN,52,-0.1254,0.34615,-0.28024,30,0.08576
2025_18_DAL_NYG,2025,18,DAL,NYG,48,-0.0578,0.47917,-0.1402,23,0.01801
2025_18_DAL_NYG,2025,18,NYG,DAL,59,0.21682,0.45763,0.37712,38,-0.07325
2025_18_DET_CHI,2025,18,CHI,DET,55,0.03406,0.45455,0.0264,37,0.0498
2025_18_DET_CHI,2025,18,DET,CHI,66,0.14857,0.54545,0.24834,42,-0.02602
2025_18_GB_MIN,2025,18,GB,MIN,36,-0.42524,0.33333,-0.81518,13,-0.20483
2025_18_GB_MIN,2025,18,MIN,GB,48,0.05093,0.47917,0.21404,27,-0.15878
2025_18_IND_HOU,2025,18,HOU,IND,67,0.00568,0.46269,0.0033,36,0.00844
2025_18_IND_HOU,2025,18,IND,HOU,66,-0.03202,0.39394,0.08851,39,-0.2061
2025_18_KC_LV,2025,18,KC,LV,64,-0.4761,0.23438,-0.59274,42,-0.25342
2025_18_KC_LV,2025,18,LV,KC,63,-0.45686,0.30159,-0.43986,32,-0.47441
2025_18_LAC_DEN,2025,18,DEN,LAC,48,-0.24192,0.33333,-0.16331,29,-0.36191
2025_18_LAC_DEN,2025,18,LAC,DEN,48,-0.5665,0.25,-0.80333,32,-0.09284
2025_18_MIA_NE,2025,18,MIA,NE,43,-0.20042,0.53488,-0.02437,21,-0.36846
2025_18_MIA_NE,2025,18,NE,MIA,36,0.30928,0.69444,0.41315,18,0.20541
2025_18_NO_ATL,2025,18,ATL,NO,60,-0.24327,0.33333,-0.12865,37,-0.42767
2025_18_NO_ATL,2025,18,NO,ATL,61,-0.19726,0.34426,-0.22149,39,-0.15431
2025_18_NYJ_BUF,2025,18,BUF,NYJ,35,0.3828,0.54286,0.68049,19,0.02929
2025_18_NYJ_BUF,2025,18,NYJ,BUF,29,-0.35075,0.24138,-0.54921,15,-0.13812
2025_18_SEA_SF,2025,18,SEA,SF,55,0.08613,0.49091,0.21503,28,-0.04756
2025_18_SEA_SF,2025,18,SF,SEA,38,-0.31191,0.39474,-0.33621,28,-0.24388
2025_18_TEN_JAX,2025,18,JAX,TEN,30,0.36305,0.56667,0.47578,24,-0.08787
2025_18_TEN_JAX,2025,18,TEN,JAX,28,-0.33217,0.28571,-0.47776,19,-0.02479
2025_18_WAS_PHI,2025,18,PHI,WAS,61,-0.05299,0.45902,-0.1119,43,0.08772
2025_18_WAS_PHI,2025,18,WAS,PHI,64,0.14333,0.51562,0.57615,33,-0.31741
2025_19_BUF_JAX,2025,19,BUF,JAX,61,0.22406,0.47541,0.24081,39,0.19437
2025_19_BUF_JAX,2025,19,JAX,BUF,55,0.05392,0.52727,0.06268,34,0.03973
2025_19_GB_CHI,2025,19,CHI,GB,77,0.05038,0.37662,0.1271,53,-0.11906
2025_19_GB_CHI,2025,19,GB,CHI,67,0.23695,0.43284,0.45544,45,-0.20997
2025_19_HOU_PIT,2025,19,HOU,PIT,58,-0.03508,0.48276,-0.07053,34,0.01515
2025_19_HOU_PIT,2025,19,PIT,HOU,47,-0.42656,0.29787,-0.52195,34,-0.17707
2025_19_LAC_NE,2025,19,LAC,NE,45,-0.28528,0.37778,-0.29935,30,-0.25714
2025_19_LAC_NE,2025,19,NE,LAC,56,0.04341,0.44643,0.097,39,-0.07956
2025_19_LA_CAR,2025,19,CAR,LA,66,-0.01016,0.45455,0.01584,47,-0.07448
2025_19_LA_CAR,2025,19,LA,CAR,75,0.10539,0.48,0.12545,46,0.07356
2025_19_SF_PHI,2025,19,PHI,SF,73,-0.05176,0.42466,-0.08359,38,-0.01719
2025_19_SF_PHI,2025,19,SF,PHI,56,0.11457,0.51786,0.21439,37,-0.07983
2025_20_BUF_DEN,2025,20,BUF,DEN,78,0.08387,0.5,0.10421,46,0.05463
2025_20_BUF_DEN,2025,20,DEN,BUF,70,0.0892,0.44286,0.1826,51,-0.16151
2025_20_HOU_NE,2025,20,HOU,NE,64,-0.34955,0.34375,-0.32265,43,-0.40462
2025_20_HOU_NE,2025,20,NE,HOU,48,-0.26768,0.3125,-0.11397,31,-0.54799
2025_20_LA_CHI,2025,20,CHI,LA,81,-0.03578,0.46914,0.11556,45,-0.22496
2025_20_LA_CHI,2025,20,LA,CHI,77,0.04576,0.37662,0.04485,47,0.04719
2025_20_SF_SEA,2025,20,SEA,SF,29,0.3289,0.58621,0.32873,14,0.32905
2025_20_SF_SEA,2025,20,SF,SEA,38,-0.32103,0.34211,-0.15629,24,-0.60345
2025_21_LA_SEA,2025,21,LA,SEA,60,0.29719,0.51667,0.43533,39,0.04065
2025_21_LA_SEA,2025,21,SEA,LA,66,0.19483,0.48485,0.4763,41,-0.26679
2025_21_NE_DEN,2025,21,DEN,NE,58,-0.31277,0.2931,-0.43358,37,-0.09992
2025_21_NE_DEN,2025,21,NE,DEN,61,-0.13807,0.31148,-0.18253,29,-0.09778
2025_22_SEA_NE,2025,22,NE,SEA,43,-0.54912,0.30233,-0.69017,30,-0.22362
2025_22_SEA_NE,2025,22,SEA,NE,61,-0.00573,0.34426,0.03176,38,-0.06767
2026_01_ARI_LAC,2026,1,ARI,LAC,67,0.19494,0.50746,0.31571,41,0.00449
2026_01_ARI_LAC,2026,1,LAC,ARI,49,-0.07381,0.42857,0.06516,33,-0.36044
2026_01_ATL_PIT,2026,1,ATL,PIT,60,-0.3577,0.36667,-0.63783,28,-0.11259
2026_01_ATL_PIT,2026,1,PIT,ATL,63,-0.25797,0.33333,-0.25118,47,-0.27791
2026_01_BAL_IND,2026,1,BAL,IND,44,0.28724,0.40909,0.41968,25,0.11297
2026_01_BAL_IND,2026,1,IND,BAL,37,-0.35838,0.37838,-0.61696,20,-0.05416
2026_01_BUF_HOU,2026,1,BUF,HOU,56,0.27797,0.41071,0.55569,37,-0.26285
2026_01_BUF_HOU,2026,1,HOU,BUF,79,0.07125,0.48101,0.0977,48,0.0303
2026_01_CHI_CAR,2026,1,CAR,CHI,50,0.06638,0.46,0.11126,33,-0.02075
2026_01_CHI_CAR,2026,1,CHI,CAR,57,0.32061,0.54386,0.51604,33,0.05188
2026_01_CLE_JAX,2026,1,CLE,JAX,13,-1.10624,0.23077,-1.61194,8,-0.29712
2026_01_CLE_JAX,2026,1,JAX,CLE,30,0.42189,0.6,0.67311,18,0.04504
2026_01_DAL_NYG,2026,1,DAL,NYG,50,0.24067,0.5,0.41609,33,-0.09985
2026_01_DAL_NYG,2026,1,NYG,DAL,59,0.38963,0.61017,0.67657,32,0.04956
2026_01_DEN_KC,2026,1,DEN,KC,41,-0.3102,0.36585,-0.36897,28,-0.18362
2026_01_DEN_KC,2026,1,KC,DEN,49,0.10382,0.38776,-0.13489,27,0.39678
2026_01_GB_MIN,2026,1,GB,MIN,57,-0.17013,0.36842,-0.00202,35,-0.43758
2026_01_GB_MIN,2026,1,MIN,GB,58,0.05197,0.39655,0.15059,33,-0.07821
2026_01_MIA_LV,2026,1,LV,MIA,50,0.21383,0.52,0.2537,25,0.17395
2026_01_MIA_LV,2026,1,MIA,LV,40,-0.12575,0.375,0.00193,26,-0.36288
2026_01_NE_SEA,2026,1,NE,SEA,71,-0.09237,0.40845,0.12739,44,-0.45051
2026_01_NE_SEA,2026,1,SEA,NE,49,0.02862,0.38776,0.19604,28,-0.19461
2026_01_NO_DET,2026,1,DET,NO,75,-0.05697,0.45333,-0.04306,39,-0.07204
2026_01_NO_DET,2026,1,NO,DET,87,-0.04227,0.42529,0.00264,65,-0.17497
2026_01_NYJ_TEN,2026,1,NYJ,TEN,52,0.23115,0.55769,0.38605,26,0.07624
2026_01_NYJ_TEN,2026,1,TEN,NYJ,32,-0.2471,0.40625,-0.28785,24,-0.12487
2026_01_SF_LA,2026,1,LA,SF,38,-0.0785,0.47368,-0.10717,18,-0.0527
2026_01_SF_LA,2026,1,SF,LA,56,0.27417,0.625,0.31191,35,0.21128
2026_01_TB_CIN,2026,1,CIN,TB,52,0.00859,0.48077,-0.02227,36,0.07803
2026_01_TB_CIN,2026,1,TB,CIN,55,-0.10486,0.50909,-0.20471,38,0.11831
2026_01_WAS_PHI,2026,1,PHI,WAS,53,0.02723,0.33962,0.13553,34,-0.16657
2026_01_WAS_PHI,2026,1,WAS,PHI,70,0.05875,0.42857,0.13316,41,-0.04647
2026_02_CAR_ATL,2026,2,ATL,CAR,35,-0.39915,0.37143,-0.44726,19,-0.34202
2026_02_CAR_ATL,2026,2,CAR,ATL,46,0.21634,0.41304,0.43074,33,-0.32791
2026_02_CIN_HOU,2026,2,CIN,HOU,48,0.02702,0.33333,0.12283,31,-0.1477
2026_02_CIN_HOU,2026,2,HOU,CIN,57,-0.17537,0.38596,0.0169,43,-0.76593
2026_02_CLE_TB,2026,2,CLE,TB,56,0.01724,0.44643,0.34155,36,-0.56652
2026_02_CLE_TB,2026,2,TB,CLE,65,-0.19939,0.36923,-0.30909,43,0.01501
2026_02_DET_BUF,2026,2,BUF,DET,59,0.43405,0.59322,0.45904,38,0.38883
2026_02_DET_BUF,2026,2,DET,BUF,42,0.12839,0.47619,0.27108,27,-0.12846
2026_02_GB_NYJ,2026,2,GB,NYJ,59,-0.14661,0.32203,0.05536,38,-0.51208
2026_02_GB_NYJ,2026,2,NYJ,GB,73,-0.08961,0.38356,0.1296,49,-0.53718
2026_02_IND_KC,2026,2,IND,KC,65,0.20685,0.49231,0.22383,35,0.18704
2026_02_IND_KC,2026,2,KC,IND,80,0.19639,0.5375,0.25136,52,0.0943
2026_02_JAX_DEN,2026,2,DEN,JAX,57,0.11631,0.47368,0.31099,33,-0.15138
2026_02_JAX_DEN,2026,2,JAX,DEN,60,-0.04888,0.45,-0.12311,36,0.06246
2026_02_LV_LAC,2026,2,LAC,LV,61,-0.21564,0.37705,0.16711,28,-0.5404
2026_02_LV_LAC,2026,2,LV,LAC,57,-0.0627,0.36842,0.22999,33,-0.46514
2026_02_MIA_SF,2026,2,MIA,SF,41,0.05692,0.46341,0.05637,20,0.05744
2026_02_MIA_SF,2026,2,SF,MIA,27,0.62553,0.62963,1.24759,15,-0.15204
2026_02_MIN_CHI,2026,2,CHI,MIN,73,-0.13775,0.31507,-0.02462,44,-0.3094
2026_02_MIN_CHI,2026,2,MIN,CHI,52,-0.0726,0.34615,0.0126,25,-0.15149
2026_02_NO_BAL,2026,2,BAL,NO,57,0.09906,0.61404,0.07603,39,0.14898
2026_02_NO_BAL,2026,2,NO,BAL,67,0.13517,0.44776,0.23035,42,-0.02474
2026_02_NYG_LA,2026,2,LA,NYG,36,0.21866,0.47222,0.53791,24,-0.41985
2026_02_NYG_LA,2026,2,NYG,LA,45,-0.38775,0.26667,-0.44547,24,-0.32178
2026_02_PHI_TEN,2026,2,PHI,TEN,76,0.04085,0.39474,0.17058,43,-0.12818
2026_02_PHI_TEN,2026,2,TEN,PHI,53,0.04315,0.41509,0.03731,25,0.04836
2026_02_PIT_NE,2026,2,NE,PIT,42,0.06622,0.52381,-0.03771,26,0.23511
2026_02_PIT_NE,2026,2,PIT,NE,53,-0.31756,0.35849,-0.43722,34,-0.10342
2026_02_SEA_ARI,2026,2,ARI,SEA,45,-0.22775,0.33333,-0.15952,31,-0.37882
2026_02_SEA_ARI,2026,2,SEA,ARI,53,0.08789,0.45283,0.60719,27,-0.45139
2026_02_WAS_DAL,2026,2,DAL,WAS,40,0.2318,0.575,0.42698,29,-0.28277
2026_02_WAS_DAL,2026,2,WAS,DAL,56,-0.0295,0.42857,-0.04603,36,0.00026
2026_03_ARI_SF,2026,3,ARI,SF,82,0.12961,0.5,0.20897,53,-0.01543
2026_03_ARI_SF,2026,3,SF,ARI,51,0.41121,0.56863,0.71371,30,-0.02095
2026_03_ATL_GB,2026,3,ATL,GB,52,0.25567,0.65385,0.11428,24,0.37686
2026_03_ATL_GB,2026,3,GB,ATL,42,-0.0381,0.40476,0.05574,32,-0.33839
2026_03_BAL_DAL,2026,3,BAL,DAL,64,0.1962,0.5,0.62157,28,-0.13465
2026_03_BAL_DAL,2026,3,DAL,BAL,74,0.11674,0.47297,0.18368,48,-0.00685
2026_03_CAR_CLE,2026,3,CAR,CLE,76,-0.10156,0.36842,-0.08026,52,-0.1477
2026_03_CAR_CLE,2026,3,CLE,CAR,64,0.06625,0.39062,0.17807,44,-0.17975
2026_03_CIN_PIT,2026,3,CIN,PIT,57,0.26023,0.54386,0.34738,41,0.03691
2026_03_CIN_PIT,2026,3,PIT,CIN,59,0.19098,0.49153,0.22048,39,0.13345
2026_03_HOU_IND,2026,3,HOU,IND,54,-0.08242,0.42593,0.00889,33,-0.22591
2026_03_HOU_IND,2026,3,IND,HOU,71,-0.11371,0.40845,-0.12987,41,-0.09163
2026_03_KC_MIA,2026,3,KC,MIA,49,0.21631,0.55102,0.5307,28,-0.20287
2026_03_KC_MIA,2026,3,MIA,KC,66,-0.05164,0.30303,0.14011,40,-0.34665
2026_03_LAC_BUF,2026,3,BUF,LAC,62,-0.06571,0.46774,-0.16603,33,0.04845
2026_03_LAC_BUF,2026,3,LAC,BUF,64,-0.10905,0.46875,-0.20592,37,0.02369
2026_03_LA_DEN,2026,3,DEN,LA,67,0.036,0.40299,0.05318,41,0.0089
2026_03_LA_DEN,2026,3,LA,DEN,84,-0.00034,0.40476,0.02105,61,-0.05705
2026_03_LV_NO,2026,3,LV,NO,64,0.19346,0.45312,0.36188,42,-0.12806
2026_03_LV_NO,2026,3,NO,LV,70,-0.02688,0.54286,-0.05204,43,0.01319
2026_03_MIN_TB,2026,3,MIN,TB,55,-0.30847,0.21818,-0.35024,36,-0.22934
2026_03_MIN_TB,2026,3,TB,MIN,65,-0.30881,0.24615,-0.29501,46,-0.34222
2026_03_NE_JAX,2026,3,JAX,NE,48,0.16186,0.5,0.16907,30,0.14985
2026_03_NE_JAX,2026,3,NE,JAX,42,-0.19991,0.35714,-0.28417,25,-0.07601
2026_03_NYJ_DET,2026,3,DET,NYJ,63,0.20055,0.60317,0.32304,37,0.02625
2026_03_NYJ_DET,2026,3,NYJ,DET,64,0.08095,0.45312,0.21161,47,-0.28029
2026_03_PHI_CHI,2026,3,CHI,PHI,49,0.10727,0.4898,0.31522,33,-0.32162
2026_03_PHI_CHI,2026,3,PHI,CHI,44,-0.24652,0.40909,-0.56514,27,0.25954
2026_03_SEA_WAS,2026,3,SEA,WAS,67,-0.02561,0.50746,0.15734,50,-0.56368
2026_03_SEA_WAS,2026,3,WAS,SEA,67,-0.02352,0.32836,0.17262,38,-0.28053
2026_03_TEN_NYG,2026,3,NYG,TEN,63,-0.14608,0.38095,-0.14294,27,-0.14844
2026_03_TEN_NYG,2026,3,TEN,NYG,60,-0.1436,0.4,-0.17291,39,-0.08915
